<?xml version="1.0"?>
<components>
	<component name="beam_player_impact" class="effectobject">
		<source geometry="extensions\XRrebirth_weapons\assets\fx\weaponFx\beam_player_impact_data"></source>
		<layers>
			<layer>
				<waypoints></waypoints>
				<lights>
					<omni name="XU Omni01" shadow="0" r="133" g="184" b="255" range="150" shadowrange="150" lighteffect="1" trigger="1" intensity="5">
						<animations>
							<animation name="playonce" start="1" end="5"></animation>
						</animations>
						<lightanimations>
							<lightanimation name="intensity" controller="bezier_float">
								<key frame="0" value="5" in_tangent_type="auto" out_tangent_type="auto"></key>
								<key frame="5" value="0" in_tangent_type="auto" out_tangent_type="auto"></key>
							</lightanimation>
						</lightanimations>
						<offset>
							<position x="0" y="0" z="20"></position>
						</offset>
					</omni>
				</lights>
			</layer>
		</layers>
		<connections>
			<connection name="container" tags="contents" value="0" optional="0"></connection>
			<connection name="position" tags="position" value="1" optional="1"></connection>
			<connection name="space" tags="effectobject">
				<offset></offset>
			</connection>
			<connection name="Connection01" tags="part  ">
				<offset>
					<position x="0" y="0" z="8.070027"></position>
				</offset>
				<parts>
					<part name="part_test">
						<size>
							<max x="20.9876" y="20.9876" z="20.9876"></max>
							<center x="0" y="0" z="-9.536743E-07"></center>
						</size>
					</part>
				</parts>
			</connection>
		</connections>
	</component>
</components>
