<?xml version="1.0"?>
<components>
	<component name="beam_player_muzzle" class="effectobject">
		<source geometry="extensions\XRrebirth_weapons\assets\fx\weaponFx\beam_player_muzzle_data"/>
		<layers>
			<layer>
				<waypoints/>
				<lights>
					<omni name="XU Omni01" shadow="0" r="0" g="168" b="255" range="100" shadowrange="100" lighteffect="1" trigger="1" intensity="1.5">
						<animations>
							<animation name="loop" start="1" end="60"/>
						</animations>
						<lightanimations>
							<lightanimation name="intensity" controller="bezier_float">
								<key frame="0" value="1.5" in_tangent_type="auto" out_tangent_type="auto"/>
								<key frame="6" value="1.3" in_tangent_type="auto" out_tangent_type="auto"/>
								<key frame="8" value="1.5" in_tangent_type="auto" out_tangent_type="auto"/>
								<key frame="10" value="1" in_tangent_type="auto" out_tangent_type="auto"/>
								<key frame="16" value="1.3" in_tangent_type="auto" out_tangent_type="auto"/>
								<key frame="20" value="1" in_tangent_type="auto" out_tangent_type="auto"/>
								<key frame="25" value="1.5" in_tangent_type="auto" out_tangent_type="auto"/>
								<key frame="29" value="1.3" in_tangent_type="auto" out_tangent_type="auto"/>
								<key frame="32" value="1.5" in_tangent_type="auto" out_tangent_type="auto"/>
								<key frame="33" value="1.5" in_tangent_type="auto" out_tangent_type="auto"/>
								<key frame="34" value="1" in_tangent_type="auto" out_tangent_type="auto"/>
								<key frame="36" value="1.3" in_tangent_type="auto" out_tangent_type="auto"/>
								<key frame="40" value="1.3" in_tangent_type="auto" out_tangent_type="auto"/>
								<key frame="44" value="1" in_tangent_type="auto" out_tangent_type="auto"/>
								<key frame="49" value="1.5" in_tangent_type="auto" out_tangent_type="auto"/>
								<key frame="53" value="1.3" in_tangent_type="auto" out_tangent_type="auto"/>
								<key frame="57" value="1.5" in_tangent_type="auto" out_tangent_type="auto"/>
								<key frame="60" value="1.3" in_tangent_type="auto" out_tangent_type="auto"/>
							</lightanimation>
						</lightanimations>
						<offset>
							<position x="0" y="0" z="10"/>
						</offset>
					</omni>
				</lights>
			</layer>
		</layers>
		<connections>
			<connection name="container" tags="contents" value="0" optional="0"/>
			<connection name="position" tags="position" value="1" optional="1"/>
			<connection name="space" tags="effectobject">
				<offset/>
			</connection>
			<connection name="Connection01" tags="part nocollision animation  ">
				<offset/>
				<animations>
					<animation name="loop" start="1" end="50"/>
				</animations>
				<parts>
					<part name="anim_streak">
						<lods>
							<lod index="0">
								<materials>
									<material id="1" ref="effects.beam_player_muzzle"/>
								</materials>
							</lod>
						</lods>
						<size>
							<max x="7.372116" y="6.530077" z="36.57656"/>
							<center x="0" y="0" z="25.52625"/>
						</size>
						<size_raw>
							<max x="7.299125" y="6.465423" z="10.94091"/>
							<center x="0" y="0" z="25.27351"/>
						</size_raw>
					</part>
				</parts>
			</connection>
		</connections>
	</component>
</components>
