<components><component name="fx_weaponfx_flak" class="bullet"><source geometry="extensions\XRrebirth_weapons\assets\fx\weaponFx\fx_weaponfx_flak_data"/><layers><layer><waypoints/><lights/></layer></layers><connections><connection name="container" tags="contents" value="0" optional="0"/><connection name="position" tags="position" value="1" optional="1"/><connection name="space" tags="bullet"><offset/></connection><connection name="Connection01" tags="part "><offset/><parts><part name="part_flak_bullet"><size><max x="1.501362" y="1.501362" z="6.00545"/><center x="0" y="0" z="6.00545"/></size><lights><box name="XU BoxLight01" shadow="0" r="107" g="201" b="255" lighteffect="1" trigger="1" intensity="10"><size x="4" y="40" z="40"/><offset><position x="-7.450581E-09" y="0" z="2"/><quaternion qx="0" qy="-0.7071068" qz="0" qw="-0.7071068"/></offset></box></lights></part></parts><waypoints/></connection><connection name="component_component_component_Connection01" tags="laser component "><offset><position x="2.459503E-08" y="1.937733E-08" z="-2.109496E-08"/></offset></connection></connections></component></components>
