<?xml version="1.0"?>
<components>
	<component name="impulseemitter_muzzle" class="effectobject">
		<source geometry="extensions\XRrebirth_weapons\assets\fx\weaponFx\impulseemitter_muzzle_data"/>
		<layers>
			<layer>
				<waypoints/>
				<lights>
					<omni name="XU Omni01" shadow="0" r="255" g="172" b="114" range="60" shadowrange="60" lighteffect="1" trigger="1" intensity="0.3">
						<animations>
							<animation name="playonce" start="1" end="3"/>
						</animations>
						<lightanimations>
							<lightanimation name="intensity" controller="bezier_float">
								<key frame="0" value="0.3" in_tangent_type="auto" out_tangent_type="auto"/>
								<key frame="3" value="0" in_tangent_type="auto" out_tangent_type="auto"/>
							</lightanimation>
						</lightanimations>
						<offset>
							<position x="0" y="0" z="14.1989"/>
						</offset>
					</omni>
				</lights>
			</layer>
		</layers>
		<connections>
			<connection name="container" tags="contents" value="0" optional="0"/>
			<connection name="position" tags="position" value="1" optional="1"/>
			<connection name="space" tags="effectobject">
				<offset/>
			</connection>
			<connection name="Connection05" tags="part animation  ">
				<offset>
					<position x="-1.136868E-13" y="0" z="0"/>
				</offset>
				<animations>
					<animation name="playonce" start="1" end="3"/>
				</animations>
				<parts>
					<part name="anim_bullet">
						<lods>
							<lod index="0">
								<materials>
									<material id="1" ref="effects.bullets_master_01_geometry"/>
								</materials>
							</lod>
						</lods>
						<size>
							<max x="9.288992" y="8.129544" z="28.29949"/>
							<center x="-1.907349E-06" y="-1.907349E-06" z="16.85156"/>
						</size>
						<size_raw>
							<max x="9.288993" y="8.129546" z="7.972229"/>
							<center x="-1.430511E-06" y="-1.907349E-06" z="11.73526"/>
						</size_raw>
					</part>
				</parts>
			</connection>
			<connection name="Connection01" tags="rendereffect">
				<offset>
					<position x="-4.430196E-02" y="-5.766495E-02" z="-1.913319"/>
				</offset>
			</connection>
			<connection name="Connection04" tags="laser">
				<offset>
					<position x="-4.430196E-02" y="-5.766495E-02" z="-1.913319"/>
				</offset>
			</connection>
		</connections>
	</component>
</components>
