<?xml version="1.0"?>
<components>
	<component name="impulseemitter_mk3_player_muzzle02" class="effectobject">
		<source geometry="extensions\XRrebirth_weapons\assets\fx\weaponFx\impulseemitter_mk3_player_muzzle02_data"/>
		<layers>
			<layer>
				<waypoints/>
				<lights/>
			</layer>
		</layers>
		<connections>
			<connection name="container" tags="contents" value="0" optional="0"/>
			<connection name="position" tags="position" value="1" optional="1"/>
			<connection name="space" tags="effectobject">
				<offset/>
			</connection>
			<connection name="Connection01" tags="part animation textureanimation  ">
				<offset>
					<position x="0" y="0.175546" z="5.51979"/>
				</offset>
				<animations>
					<animation name="playonce" start="1" end="30"/>
				</animations>
				<parts>
					<part name="anim_wave001">
						<lods>
							<lod index="0">
								<materials>
									<material id="1" ref="weapons.impulseemitter_mk3_muzzle_wave_01"/>
								</materials>
							</lod>
						</lods>
						<size>
							<max x="1.208918E-07" y="1.381578" z="4.73105"/>
							<center x="1.812367E-09" y="-0.2551427" z="5.143595E-02"/>
						</size>
						<size_raw>
							<max x="1.190794E-07" y="1.636721" z="4.679614"/>
							<center x="1.812364E-09" y="-0.2551428" z="5.143595E-02"/>
						</size_raw>
						<uv_animations>
							<uv_animation mapchannel="1">
								<uv_property name="u_offset" controller="linear_float">
									<key frame="0" value="0"/>
									<key frame="30" value="0.25"/>
								</uv_property>
								<uv_property name="v_offset" controller="linear_float">
									<key frame="0" value="-0"/>
									<key frame="30" value="0.6499999"/>
								</uv_property>
							</uv_animation>
						</uv_animations>
					</part>
				</parts>
			</connection>
			<connection name="Connection02" tags="part animation textureanimation  ">
				<offset>
					<position x="0" y="-0.0707438" z="0.840229"/>
				</offset>
				<animations>
					<animation name="playonce" start="1" end="10"/>
				</animations>
				<parts>
					<part name="anim_sparkles">
						<lods>
							<lod index="0">
								<materials>
									<material id="1" ref="weapons.impulseemitter_mk3_muzzle_sparkles_01"/>
								</materials>
							</lod>
						</lods>
						<size>
							<max x="0.4222579" y="0.5385521" z="6.6598"/>
							<center x="1.227155E-02" y="0.3266028" z="6.352129"/>
						</size>
						<size_raw>
							<max x="0.4099863" y="0.2119493" z="0.3076701"/>
							<center x="1.227155E-02" y="0.3266028" z="6.352129"/>
						</size_raw>
						<uv_animations>
							<uv_animation mapchannel="1">
								<uv_property name="u_offset" controller="linear_float">
									<key frame="0" value="0"/>
									<key frame="10" value="-0.19"/>
								</uv_property>
								<uv_property name="v_offset" controller="linear_float">
									<key frame="0" value="-0"/>
									<key frame="10" value="-0"/>
								</uv_property>
							</uv_animation>
						</uv_animations>
					</part>
				</parts>
			</connection>
			<connection name="Connection Laser01" tags="laser">
				<offset>
					<position x="-3.464038E-10" y="0" z="0"/>
				</offset>
			</connection>
		</connections>
	</component>
</components>
