<?xml version="1.0"?>
<components>
	<component name="impulseemitter_mk3_player_muzzle_light" class="effectobject">
		<source geometry="extensions\XRrebirth_weapons\assets\fx\weaponFx\impulseemitter_mk3_player_muzzle_light_data"/>
		<layers>
			<layer>
				<waypoints/>
				<lights>
					<omni name="XU Omni01" shadow="0" r="65" g="163" b="255" range="7" shadowrange="7" lighteffect="1" trigger="1" intensity="2">
						<lightanimations/>
						<offset/>
					</omni>
				</lights>
			</layer>
		</layers>
		<connections>
			<connection name="container" tags="contents" value="0" optional="0"/>
			<connection name="position" tags="position" value="1" optional="1"/>
			<connection name="space" tags="effectobject">
				<offset/>
			</connection>
			<connection name="Connection01" tags="part  ">
				<offset>
					<position x="1.605254E-06" y="0" z="0"/>
				</offset>
				<parts>
					<part name="part_dummyBox">
						<lods>
							<lod index="0">
								<materials>
									<material id="1" ref="dummy.transparent"/>
								</materials>
							</lod>
						</lods>
						<size>
							<max x="4.029713E-02" y="4.477469E-02" z="0.0514909"/>
							<center x="3.464038E-10" y="-8.009374E-08" z="0"/>
						</size>
					</part>
				</parts>
			</connection>
		</connections>
	</component>
</components>
