<components><component name="impulseemitter_player_bullethole" class="effectobject"><source geometry="extensions\XRrebirth_weapons\assets\fx\weaponFx\impulseemitter_player_bullethole_data"/><layers><layer><waypoints/><lights/></layer></layers><connections><connection name="container" tags="contents" value="0" optional="0"/><connection name="position" tags="position" value="1" optional="1"/><connection name="space" tags="effectobject"><offset/></connection><connection name="Connection01" tags="part  "><offset><position x="4.266951E-08" y="4.266951E-08" z="0.8316718"/></offset><parts><part name="part_hole"><size><max x="0.9738819" y="0.9738819" z="0.0263387"/><center x="1.693514E-08" y="1.693514E-08" z="2.633846E-02"/></size></part></parts></connection></connections></component></components>
