<?xml version="1.0"?>
<components>
	<component name="impulseemitter_mk3_player_muzzle" class="destructible">
		<properties>
			<hull max="200000"/>
		</properties>
		<source geometry="extensions\XRrebirth_weapons\assets\fx\weaponFx\impulseemitter_mk3_player_muzzle_data"/>
		<layers>
			<layer>
				<waypoints/>
				<lights/>
			</layer>
		</layers>
		<connections>
			<connection name="container" tags="contents" value="0" optional="0"/>
			<connection name="position" tags="position" value="1" optional="1"/>
			<connection name="space" tags="destructible">
				<offset/>
			</connection>
			<connection name="Connection01" tags="part animation textureanimation  ">
				<offset>
					<position x="0" y="0.175546" z="5.51979"/>
				</offset>
				<animations>
					<animation name="playonce" start="1" end="30"/>
				</animations>
				<parts>
					<part name="anim_wave001">
						<lods>
							<lod index="0">
								<materials>
									<material id="1" ref="weapons.impulseemitter_mk3_muzzle_wave_01"/>
								</materials>
							</lod>
						</lods>
						<size>
							<max x="1.084462E-07" y="1.237432" z="4.101027"/>
							<center x="1.181386E-08" y="-0.1588358" z="-0.5785861"/>
						</size>
						<size_raw>
							<max x="9.663232E-08" y="1.396268" z="4.679614"/>
							<center x="1.181386E-08" y="-0.1588358" z="-0.5785861"/>
						</size_raw>
						<uv_animations>
							<uv_animation mapchannel="1">
								<uv_property name="u_offset" controller="linear_float">
									<key frame="0" value="0"/>
									<key frame="30" value="0.25"/>
								</uv_property>
								<uv_property name="v_offset" controller="linear_float">
									<key frame="0" value="-0"/>
									<key frame="30" value="0.6499999"/>
								</uv_property>
							</uv_animation>
						</uv_animations>
					</part>
				</parts>
			</connection>
			<connection name="Connection02" tags="part animation textureanimation  ">
				<offset>
					<position x="0" y="-0.0707438" z="0.840229"/>
				</offset>
				<animations>
					<animation name="playonce" start="1" end="10"/>
				</animations>
				<parts>
					<part name="anim_sparkles">
						<lods>
							<lod index="0">
								<materials>
									<material id="1" ref="weapons.impulseemitter_mk3_muzzle_sparkles_01"/>
								</materials>
							</lod>
						</lods>
						<size>
							<max x="0.9582431" y="0.9239298" z="6.671396"/>
							<center x="-0.2072867" y="-0.1501899" z="6.478195"/>
						</size>
						<size_raw>
							<max x="0.7264268" y="1.07412" z="0.193201"/>
							<center x="-3.335482E-02" y="-0.1501899" z="6.478195"/>
						</size_raw>
						<uv_animations>
							<uv_animation mapchannel="1">
								<uv_property name="u_offset" controller="linear_float">
									<key frame="0" value="0"/>
									<key frame="3" value="-0.05"/>
									<key frame="6" value="0"/>
									<key frame="10" value="-0.05"/>
								</uv_property>
								<uv_property name="v_offset" controller="linear_float">
									<key frame="0" value="-0"/>
									<key frame="3" value="-0"/>
									<key frame="6" value="-0"/>
									<key frame="10" value="-0"/>
								</uv_property>
							</uv_animation>
						</uv_animations>
					</part>
				</parts>
			</connection>
			<connection name="Connection Laser01" tags="laser">
				<offset>
					<position x="-3.464038E-10" y="0" z="0"/>
				</offset>
			</connection>
		</connections>
	</component>
</components>
