<?xml version="1.0" encoding="utf-8"?>
<macros>
  <macro name="heavylance_l_turret_par_macro" class="turret">
    <component ref="turret_par_l_beam_01_mk1" />
    <properties>
      <identification name="{20105,5094}" basename="{20105,5091}" shortname="{20105,5095}" makerrace="paranid" description="{20105,5092}" mk="1" />
      <bullet class="heavylance_l_bullet_macro" />
      <rotationspeed max="14" />
      <reload rate="0.5" time="1" />
      <hull max="15980" threshold="0.2" />
    </properties>
  </macro>
</macros>
