<?xml version="1.0" encoding="utf-8"?>
<macros>
  <macro name="heavylance_l_turret_tel_macro" class="turret">
    <component ref="turret_tel_l_beam_01_mk1" />
    <properties>
      <identification name="{20105,5104}" basename="{20105,5101}" shortname="{20105,5105}" makerrace="teladi" description="{20105,5102}" unique="0" mk="1" />
      <bullet class="heavylance_l_bullet_macro" />
      <rotationspeed max="14" />
      <reload rate="0.5" time="1" />
      <hull max="17570" threshold="0.2" />
    </properties>
  </macro>
</macros>
