<?xml version="1.0" encoding="utf-8"?>
<macros>
  <macro name="heavylance_l_bullet_macro" class="bullet">
    <component ref="heavylance_l_bullet_comp" />
    <properties>
      <bullet speed="35000" lifetime="0.7" range="21000" amount="1" barrelamount="2" icon="weapon_beam_mk1" maxhits="1" ricochet="0" scale="1" attach="0" />
      <reload rate ="0.04" />
      <damage value="12000" shield="2000" repair="0" />
      <effects>
        <impact ref="impact_gen_turret_heavy_lance" />
        <launch ref="muzzle_gen_turret_heavy_lance" /> 
      </effects>
      <weapon system="turret_longrange" />
    </properties>
  </macro>
</macros>
