<?xml version="1.0"?>
<components>
	<component name="heavylance_impact_light_comp" class="effectobject">
		<source geometry="extensions\TP_VRO_Weapons\tp_heavylance\heavylance_impact_light_data"/>
		<layers>
			<layer>
				<waypoints/>
				<lights>
					<omni name="XU Omni01" shadow="0" r="100" g="162" b="255" range="100" shadowrange="100" lighteffect="1" trigger="1" intensity="1">
						<animations>
							<animation name="playonce" start="1" end="30"/>
						</animations>
						<lightanimations>
							<lightanimation name="intensity" controller="bezier_float">
								<key frame="0" value="1" in_tangent_type="auto" out_tangent_type="auto"/>
								<key frame="30" value="0" in_tangent_type="auto" out_tangent_type="auto"/>
							</lightanimation>
						</lightanimations>
						<offset>
							<position x="0" y="0" z="20"/>
						</offset>
					</omni>
				</lights>
			</layer>
		</layers>
		<connections>
			<connection name="container" tags="contents" value="0" optional="0"/>
			<connection name="position" tags="position" value="1" optional="1"/>
			<connection name="space" tags="effectobject">
				<offset/>
			</connection>
		</connections>
	</component>
</components>
