<?xml version="1.0" encoding="utf-8"?>
<macros>
  <macro name="heavylance_l_turret_arg_macro" class="turret">
    <component ref="turret_arg_l_beam_01_mk1" />
    <properties>
      <identification name="{20105,5084}" basename="{20105,5081}" shortname="{20105,5085}" makerrace="argon" description="{20105,5082}" unique="0" mk="1" />
      <bullet class="heavylance_l_bullet_macro" />
      <rotationspeed max="14" />
      <reload rate="0.5" time="1" />
      <hull max="15940" threshold="0.2" />
      
    </properties>
  </macro>
</macros>
