<?xml version="1.0" encoding="utf-8"?>
<!--Exported by: Markus (192.168.3.123) at 04.02.2019_11-25-25-->

<macros>
  <macro name="flak_l_bullet_macro" class="bullet">
    <component ref="flak_l_bullet_comp" />
    <properties>
      <ammunition value="10" reload="6" />
      <bullet speed="22500" lifetime="0.75" amount="1" barrelamount="2" icon="weapon_laser_mk1" angle="0.15" delay="0.1" maxhits="1" ricochet="0" scale="0" attach="0" selfdestruct="1"/>
      <reload rate="1.5" />
      <damage value="600" shield="0" repair="0" />
      <areadamage value="300" />
      <effects>
        <impact ref="impact_gen_turret_flak" />
        <launch ref="muzzle_gen_turret_flak" />
      </effects>
      <weapon system="turret_mediumrange" />
    </properties>
  </macro>
</macros>

