<?xml version="1.0" encoding="utf-8"?>
<macros>
  <macro name="flak_l_turret_arg_macro" class="turret">
    <component ref="turret_arg_l_laser_01_mk1" />
    <properties>
      <identification name="{6699,1011}" basename="{6699,1011}" shortname="{6699,1014}" makerrace="argon" description="{6699,1015}" mk="1" />
      <bullet class="flak_l_bullet_macro" />
      <rotationspeed max="60" />
      <reload />
      <hull max="15940" threshold="0.2" />
    </properties>
  </macro>
</macros>
