<?xml version="1.0" encoding="utf-8"?>
<macros>
  <macro name="obliterator_l_bullet_macro" class="bullet">
    <component ref="obliterator_l_bullet_comp" />
    <properties>
      <bullet speed="36000" lifetime="1.5" amount="1" range="17000" barrelamount="2" icon="weapon_beam_mk1" maxhits="1" ricochet="0" scale="1" attach="1" />
      <reload rate ="0.05" />
      <damage value="2850" shield="1800" repair="0" />
      <effects>
        <impact ref="impact_xen_obliterator_turret" />
        <launch ref="muzzle_xen_obliterator_turret" />
      </effects>
      <weapon system="turret_longrange" />
    </properties>
  </macro>
</macros>

