<?xml version="1.0" encoding="utf-8"?>
<macros>
  <macro name="obliterator_l_turret_macro" class="turret">
    <component ref="turret_xen_l_laser_01_mk1" />
    <properties>
      <identification name="{6699,1020}" basename="{6699,1020}" shortname="{6699,1021}" makerrace="argon" description="{6699,1020}" mk="1" />
      <bullet class="obliterator_l_bullet_macro" />
      <rotationspeed max="30" />
      <reload rate="0.5" time="1" />
      <hull max="20310" threshold="0.2" />
    </properties>
  </macro>
</macros>
