<?xml version="1.0" encoding="utf-8"?>
<diff>
    <add sel="/index">
  <entry name="tpthree_galaxy_macro" value="maps\XU_ep2_universe\galaxy"/>
  <entry name="tpthree_cluster*" value="maps\XU_ep2_universe\clusters"/>
  <entry name="tpthree_cluster110_sector*" value="maps\XU_ep2_universe\sectors"/>
  <entry name="tpthree_cluster1217_sector*" value="maps\XU_ep2_universe\sectors"/>
  <entry name="tpthree_cluster307_sector*" value="maps\XU_ep2_universe\sectors"/>
  <entry name="tpthree_cluster393_sector*" value="maps\XU_ep2_universe\sectors"/>
  <entry name="tpthree_cluster029_sector*" value="maps\XU_ep2_universe\sectors"/>
  <entry name="tpthree_cluster035_sector*" value="maps\XU_ep2_universe\sectors"/>
  <entry name="tpthree_cluster049_sector*" value="maps\XU_ep2_universe\sectors"/>
  <entry name="tpthree_cluster052_sector*" value="maps\XU_ep2_universe\sectors"/>
  <entry name="tpthree_cluster064_sector*" value="maps\XU_ep2_universe\sectors"/>
  <entry name="tpthree_cluster084_sector*" value="maps\XU_ep2_universe\sectors"/>
  <entry name="tpthree_cluster085_sector*" value="maps\XU_ep2_universe\sectors"/>
  <entry name="tpthree_cluster104_sector*" value="maps\XU_ep2_universe\sectors"/>
  <entry name="tpthree_cluster105_sector*" value="maps\XU_ep2_universe\sectors"/>
  <entry name="tpthree_cluster142_sector*" value="maps\XU_ep2_universe\sectors"/>
  <entry name="tpthree_cluster143_sector*" value="maps\XU_ep2_universe\sectors"/>
  <entry name="tpthree_cluster1158_sector*" value="maps\XU_ep2_universe\sectors"/>
  <entry name="tpthree_cluster176_sector*" value="maps\XU_ep2_universe\sectors"/>
  <entry name="tpthree_cluster177_sector*" value="maps\XU_ep2_universe\sectors"/>
  <entry name="tpthree_cluster178_sector*" value="maps\XU_ep2_universe\sectors"/>
  <entry name="tpthree_cluster183_sector*" value="maps\XU_ep2_universe\sectors"/>
  <entry name="tpthree_cluster185_sector*" value="maps\XU_ep2_universe\sectors"/>
  <entry name="tpthree_cluster188_sector*" value="maps\XU_ep2_universe\sectors"/>
  <entry name="tpthree_cluster195_sector*" value="maps\XU_ep2_universe\sectors"/>
  <entry name="tpthree_cluster196_sector*" value="maps\XU_ep2_universe\sectors"/>
  <entry name="tpthree_cluster203_sector*" value="maps\XU_ep2_universe\sectors"/>
  <entry name="tpthree_cluster204_sector*" value="maps\XU_ep2_universe\sectors"/>
  <entry name="tpthree_cluster205_sector*" value="maps\XU_ep2_universe\sectors"/>
  <entry name="tpthree_cluster210_sector*" value="maps\XU_ep2_universe\sectors"/>
  <entry name="tpthree_cluster215_sector*" value="maps\XU_ep2_universe\sectors"/>
  <entry name="tpthree_cluster217_sector*" value="maps\XU_ep2_universe\sectors"/>
  <entry name="tpthree_cluster1220_sector*" value="maps\XU_ep2_universe\sectors"/>
  <entry name="tpthree_cluster227_sector*" value="maps\XU_ep2_universe\sectors"/>
  <entry name="tpthree_cluster234_sector*" value="maps\XU_ep2_universe\sectors"/>
  <entry name="tpthree_cluster1240_sector*" value="maps\XU_ep2_universe\sectors"/>
  <entry name="tpthree_cluster259_sector*" value="maps\XU_ep2_universe\sectors"/>
  <entry name="tpthree_cluster1260_sector*" value="maps\XU_ep2_universe\sectors"/>
  <entry name="tpthree_cluster1273_sector*" value="maps\XU_ep2_universe\sectors"/>
  <entry name="tpthree_cluster274_sector*" value="maps\XU_ep2_universe\sectors"/>
  <entry name="tpthree_cluster289_sector*" value="maps\XU_ep2_universe\sectors"/>
  <entry name="tpthree_cluster1292_sector*" value="maps\XU_ep2_universe\sectors"/>
  <entry name="tpthree_cluster293_sector*" value="maps\XU_ep2_universe\sectors"/>
  <entry name="tpthree_cluster295_sector*" value="maps\XU_ep2_universe\sectors"/>
  <entry name="tpthree_cluster296_sector*" value="maps\XU_ep2_universe\sectors"/>
  <entry name="tpthree_cluster314_sector*" value="maps\XU_ep2_universe\sectors"/>
  <entry name="tpthree_cluster331_sector*" value="maps\XU_ep2_universe\sectors"/>
  <entry name="tpthree_cluster371_sector*" value="maps\XU_ep2_universe\sectors"/>
  <entry name="tpthree_cluster384_sector*" value="maps\XU_ep2_universe\sectors"/>
  <entry name="tpthree_cluster390_sector*" value="maps\XU_ep2_universe\sectors"/>
  <entry name="tpthree_cluster050_sector*" value="maps\XU_ep2_universe\sectors"/>
  <entry name="tpthree_cluster051_sector*" value="maps\XU_ep2_universe\sectors"/>
  <entry name="tpthree_cluster069_sector*" value="maps\XU_ep2_universe\sectors"/>
  <entry name="tpthree_cluster070_sector*" value="maps\XU_ep2_universe\sectors"/>
  <entry name="tpthree_cluster145_sector*" value="maps\XU_ep2_universe\sectors"/>
  <entry name="tpthree_cluster165_sector*" value="maps\XU_ep2_universe\sectors"/>
  <entry name="tpthree_cluster166_sector*" value="maps\XU_ep2_universe\sectors"/>
  <entry name="tpthree_cluster184_sector*" value="maps\XU_ep2_universe\sectors"/>
  <entry name="tpthree_cluster197_sector*" value="maps\XU_ep2_universe\sectors"/>
  <entry name="tpthree_cluster216_sector*" value="maps\XU_ep2_universe\sectors"/>
  <entry name="tpthree_cluster235_sector*" value="maps\XU_ep2_universe\sectors"/>
  <entry name="tpthree_cluster236_sector*" value="maps\XU_ep2_universe\sectors"/>
  <entry name="tpthree_cluster343_sector*" value="maps\XU_ep2_universe\sectors"/>
  <entry name="tpthree_cluster363_sector*" value="maps\XU_ep2_universe\sectors"/>
  <entry name="tpthree_cluster364_sector*" value="maps\XU_ep2_universe\sectors"/>
  <entry name="tpthree_cluster365_sector*" value="maps\XU_ep2_universe\sectors"/>
  <entry name="tpthree_cluster011_sector*" value="maps\XU_ep2_universe\sectors"/>
  <entry name="tpthree_cluster030_sector*" value="maps\XU_ep2_universe\sectors"/>
  <entry name="tpthree_cluster031_sector*" value="maps\XU_ep2_universe\sectors"/>
  <entry name="tpthree_cluster140_sector*" value="maps\XU_ep2_universe\sectors"/>
  <entry name="tpthree_cluster158_sector*" value="maps\XU_ep2_universe\sectors"/>
  <entry name="tpthree_cluster159_sector*" value="maps\XU_ep2_universe\sectors"/>
  <entry name="tpthree_cluster189_sector*" value="maps\XU_ep2_universe\sectors"/>
  <entry name="tpthree_cluster225_sector*" value="maps\XU_ep2_universe\sectors"/>
  <entry name="tpthree_cluster349_sector*" value="maps\XU_ep2_universe\sectors"/>
  <entry name="tpthree_cluster366_sector*" value="maps\XU_ep2_universe\sectors"/>
  <entry name="tpthree_cluster367_sector*" value="maps\XU_ep2_universe\sectors"/>
  <entry name="tpthree_cluster044_sector*" value="maps\XU_ep2_universe\sectors"/>
  <entry name="tpthree_cluster060_sector*" value="maps\XU_ep2_universe\sectors"/>
  <entry name="tpthree_cluster061_sector*" value="maps\XU_ep2_universe\sectors"/>
  <entry name="tpthree_cluster062_sector*" value="maps\XU_ep2_universe\sectors"/>
  <entry name="tpthree_cluster079_sector*" value="maps\XU_ep2_universe\sectors"/>
  <entry name="tpthree_cluster080_sector*" value="maps\XU_ep2_universe\sectors"/>
  <entry name="tpthree_cluster220_sector*" value="maps\XU_ep2_universe\sectors"/>
  <entry name="tpthree_cluster221_sector*" value="maps\XU_ep2_universe\sectors"/>
  <entry name="tpthree_cluster240_sector*" value="maps\XU_ep2_universe\sectors"/>
  <entry name="tpthree_cluster241_sector*" value="maps\XU_ep2_universe\sectors"/>
  <entry name="tpthree_cluster260_sector*" value="maps\XU_ep2_universe\sectors"/>
  <entry name="tpthree_cluster261_sector*" value="maps\XU_ep2_universe\sectors"/>
  <entry name="tpthree_cluster262_sector*" value="maps\XU_ep2_universe\sectors"/>
  <entry name="tpthree_cluster273_sector*" value="maps\XU_ep2_universe\sectors"/>
  <entry name="tpthree_cluster281_sector*" value="maps\XU_ep2_universe\sectors"/>
  <entry name="tpthree_cluster290_sector*" value="maps\XU_ep2_universe\sectors"/>
  <entry name="tpthree_cluster291_sector*" value="maps\XU_ep2_universe\sectors"/>
  <entry name="tpthree_cluster292_sector*" value="maps\XU_ep2_universe\sectors"/>
  <entry name="tpthree_cluster311_sector*" value="maps\XU_ep2_universe\sectors"/>
  <entry name="tpthree_cluster312_sector*" value="maps\XU_ep2_universe\sectors"/>
  <entry name="tpthree_cluster330_sector*" value="maps\XU_ep2_universe\sectors"/>
  <entry name="tpthree_zone*" value="maps\XU_ep2_universe\zones"/>

    </add>
</diff>