<?xml version="1.0" encoding="utf-8"?>

<!-- adjusting placement of gate zone in to PathtoProfit  -->
<diff>
  <replace sel="/macros/macro[@name='Cluster_05_Sector001_macro']/connections/connection[@name='Zone002_Cluster_05_Sector001_connection']/offset/position">
    <position x="500192.2578125" y="0" z="-501598.5642089844" />
  </replace>

  <add sel="/macros">

    <macro name="tppirate_Cluster_99_Sector001_macro" class="sector">
      <component ref="standardsector" />
      <connections>
        <connection name="tppirate_Zone002_Cluster_99_Sector001_connection" ref="zones">
          <offset>
            <position x="-90170.4387207031" y="0" z="13369.0224609375" />
          </offset>
          <macro ref="tppirate_Zone002_Cluster_99_Sector001_macro" connection="sector" />
        </connection>
        <connection name="tppirate_Zone003_Cluster_99_Sector001_connection" ref="zones">
          <offset>
            <position x="-90170.4387207031" y="0" z="113369.0224609375" />
          </offset>
          <macro ref="tppirate_Zone003_Cluster_99_Sector001_macro" connection="sector" />
        </connection>
        <connection name="tppirate_Zone004_Cluster_99_Sector001_connection" ref="zones">
          <offset>
            <position x="315042.0625" y="0" z="248972.234375" />
          </offset>
          <macro ref="tppirate_Zone004_Cluster_99_Sector001_macro" connection="sector" />
        </connection>
        <connection name="tppirate_Zone001_Cluster_99_Sector001_connection" ref="zones">
          <offset>
            <position x="0" y="0" z="0" />
          </offset>
          <macro ref="tppirate_Zone001_Cluster_99_Sector001_macro" connection="sector" />
        </connection>
      </connections>
    </macro>

    <macro name="tppirate_Cluster_98_Sector001_macro" class="sector">
      <component ref="standardsector" />
      <connections>
        <connection name="tppirate_Zone001_Cluster_98_Sector001_connection" ref="zones">
          <offset>
            <position x="0" y="0" z="0" />
          </offset>
          <macro ref="tppirate_Zone001_Cluster_98_Sector001_macro" connection="sector" />
        </connection>
        <connection name="tppirate_Zone002_Cluster_98_Sector001_connection" ref="zones">
          <offset>
            <position x="235000" y="0" z="187000" />
          </offset>
          <macro ref="tppirate_Zone002_Cluster_98_Sector001_macro" connection="sector" />
        </connection>
        <connection name="tppirate_Zone003_Cluster_98_Sector001_connection" ref="zones">
          <offset>
            <position x="-235000" y="0" z="-187000" />
          </offset>
          <macro ref="tppirate_Zone003_Cluster_98_Sector001_macro" connection="sector" />
        </connection>
      </connections>
    </macro>

    <macro name="tppirate_Cluster_97_Sector001_macro" class="sector">
      <component ref="standardsector" />
      <connections>
        <connection name="tppirate_Zone001_Cluster_97_Sector001_connection" ref="zones">
          <offset>
            <position x="0" y="0" z="0" />
          </offset>
          <macro ref="tppirate_Zone001_Cluster_97_Sector001_macro" connection="sector" />
        </connection>
        <connection name="tppirate_Zone002_Cluster_97_Sector001_connection" ref="zones">
          <offset>
            <position x="290170.4387207031" y="0" z="-13369.0224609375" />
          </offset>
          <macro ref="tppirate_Zone002_Cluster_97_Sector001_macro" connection="sector" />
        </connection>
        <connection name="tppirate_Zone003_Cluster_97_Sector001_connection" ref="zones">
          <offset>
            <position x="-90170.4387207031" y="0" z="119375" />
          </offset>
          <macro ref="tppirate_Zone003_Cluster_97_Sector001_macro" connection="sector" />
        </connection>
      </connections>
    </macro>

    <macro name="tppirate_Cluster_96_Sector001_macro" class="sector">
      <component ref="standardsector" />
      <connections>
        <connection name="tppirate_Zone001_Cluster_96_Sector001_connection" ref="zones">
          <offset>
            <position x="0" y="0" z="0" />
          </offset>
          <macro ref="tppirate_Zone001_Cluster_96_Sector001_macro" connection="sector" />
        </connection>
        <connection name="tppirate_Zone003_Cluster_96_Sector001_connection" ref="zones">
          <offset>
            <position x="89000" y="0" z="160000" />
          </offset>
          <macro ref="tppirate_Zone003_Cluster_96_Sector001_macro" connection="sector" />
        </connection>
        <connection name="tppirate_Zone004_Cluster_96_Sector001_connection" ref="zones">
          <offset>
            <position x="89000" y="0" z="-160000" />
          </offset>
          <macro ref="tppirate_Zone004_Cluster_96_Sector001_macro" connection="sector" />
        </connection>
        <connection name="tppirate_Zone002_Cluster_96_Sector001_connection" ref="zones">
          <offset>
            <position x="-89000" y="0" z="-160000" />
          </offset>
          <macro ref="tppirate_Zone002_Cluster_96_Sector001_macro" connection="sector" />
        </connection>
      </connections>
    </macro>

    <macro name="tppirate_Cluster_95_Sector001_macro" class="sector">
      <component ref="standardsector" />
      <connections>
        <connection name="tppirate_Zone001_Cluster_95_Sector001_connection" ref="zones">
          <offset>
            <position x="0" y="0" z="0" />
          </offset>
          <macro ref="tppirate_Zone001_Cluster_95_Sector001_macro" connection="sector" />
        </connection>
        <connection name="tppirate_Zone002_Cluster_95_Sector001_connection" ref="zones">
          <offset>
            <position x="216000" y="0" z="85000" />
          </offset>
          <macro ref="tppirate_Zone002_Cluster_95_Sector001_macro" connection="sector" />
        </connection>
        <connection name="tppirate_Zone003_Cluster_95_Sector001_connection" ref="zones">
          <offset>
            <position x="45000" y="0" z="-175000" />
          </offset>
          <macro ref="tppirate_Zone003_Cluster_95_Sector001_macro" connection="sector" />
        </connection>
        <connection name="tppirate_Zone004_Cluster_95_Sector001_connection" ref="zones">
          <offset>
            <position x="-145000" y="0" z="175000" />
          </offset>
          <macro ref="tppirate_Zone004_Cluster_95_Sector001_macro" connection="sector" />
        </connection>
      </connections>
    </macro>

    <macro name="tppirate_Cluster_94_Sector001_macro" class="sector">
      <component ref="standardsector" />
      <connections>
        <connection name="tppirate_Zone001_Cluster_94_Sector001_connection" ref="zones">
          <offset>
            <position x="0" y="0" z="0" />
          </offset>
          <macro ref="tppirate_Zone001_Cluster_94_Sector001_macro" connection="sector" />
        </connection>
        <connection name="tppirate_Zone002_Cluster_94_Sector001_connection" ref="zones">
          <offset>
            <position x="-87000" y="0" z="213000" />
          </offset>
          <macro ref="tppirate_Zone002_Cluster_94_Sector001_macro" connection="sector" />
        </connection>
        <connection name="tppirate_Zone003_Cluster_94_Sector001_connection" ref="zones">
          <offset>
            <position x="45000" y="0" z="-115000" />
          </offset>
          <macro ref="tppirate_Zone003_Cluster_94_Sector001_macro" connection="sector" />
        </connection>
        <connection name="tppirate_Zone004_Cluster_94_Sector001_connection" ref="zones">
          <offset>
            <position x="-345000" y="0" z="-515000" />
          </offset>
          <macro ref="tppirate_Zone004_Cluster_94_Sector001_macro" connection="sector" />
        </connection>
      </connections>
    </macro>

    <macro name="tppirate_Cluster_93_Sector001_macro" class="sector">
      <component ref="standardsector" />
      <connections>
        <connection name="tppirate_Zone001_Cluster_93_Sector001_connection" ref="zones">
          <offset>
            <position x="0" y="0" z="0" />
          </offset>
          <macro ref="tppirate_Zone001_Cluster_93_Sector001_macro" connection="sector" />
        </connection>
        <connection name="tppirate_Zone002_Cluster_93_Sector001_connection" ref="zones">
          <offset>
            <position x="5000" y="0" z="146000" />
          </offset>
          <macro ref="tppirate_Zone002_Cluster_93_Sector001_macro" connection="sector" />
        </connection>
        <connection name="tppirate_Zone003_Cluster_93_Sector001_connection" ref="zones">
          <offset>
            <position x="-89000" y="0" z="-65000" />
          </offset>
          <macro ref="tppirate_Zone003_Cluster_93_Sector001_macro" connection="sector" />
        </connection>
      </connections>
    </macro>

    <macro name="tppirate_Cluster_92_Sector001_macro" class="sector">
      <component ref="standardsector" />
      <connections>
        <connection name="tppirate_Zone001_Cluster_92_Sector001_connection" ref="zones">
          <offset>
            <position x="0" y="0" z="0" />
          </offset>
          <macro ref="tppirate_Zone001_Cluster_92_Sector001_macro" connection="sector" />
        </connection>
        <connection name="tppirate_Zone002_Cluster_92_Sector001_connection" ref="zones">
          <offset>
            <position x="65000" y="0" z="225000" />
          </offset>
          <macro ref="tppirate_Zone002_Cluster_92_Sector001_macro" connection="sector" />
        </connection>
        <connection name="tppirate_Zone003_Cluster_92_Sector001_connection" ref="zones">
          <offset>
            <position x="-165000" y="0" z="-125000" />
          </offset>
          <macro ref="tppirate_Zone003_Cluster_92_Sector001_macro" connection="sector" />
        </connection>
      </connections>
    </macro>

    <macro name="tppirate_Cluster_91_Sector001_macro" class="sector">
      <component ref="standardsector" />
      <connections>
        <connection name="tppirate_Zone001_Cluster_91_Sector001_connection" ref="zones">
          <offset>
            <position x="0" y="0" z="0" />
          </offset>
          <macro ref="tppirate_Zone001_Cluster_91_Sector001_macro" connection="sector" />
        </connection>
        <connection name="tppirate_Zone004_Cluster_91_Sector001_connection" ref="zones">
          <offset>
            <position x="-95000" y="0" z="125000" />
          </offset>
          <macro ref="tppirate_Zone004_Cluster_91_Sector001_macro" connection="sector" />
        </connection>
        <connection name="tppirate_Zone005_Cluster_91_Sector001_connection" ref="zones">
          <offset>
            <position x="75000" y="0" z="-150000" />
          </offset>
          <macro ref="tppirate_Zone005_Cluster_91_Sector001_macro" connection="sector" />
        </connection>
        <connection name="tppirate_Zone002_Cluster_91_Sector001_connection" ref="zones">
          <offset>
            <position x="-150000" y="0" z="-95000" />
          </offset>
          <macro ref="tppirate_Zone002_Cluster_91_Sector001_macro" connection="sector" />
        </connection>
        <connection name="tppirate_Zone003_Cluster_91_Sector001_connection" ref="zones">
          <offset>
            <position x="125000" y="0" z="75000" />
          </offset>
          <macro ref="tppirate_Zone003_Cluster_91_Sector001_macro" connection="sector" />
        </connection>
      </connections>
    </macro>

    <macro name="tppirate_Cluster_90_Sector001_macro" class="sector">
      <component ref="standardsector" />
      <connections>
        <connection name="tppirate_Zone001_Cluster_90_Sector001_connection" ref="zones">
          <offset>
            <position x="0" y="0" z="0" />
          </offset>
          <macro ref="tppirate_Zone001_Cluster_90_Sector001_macro" connection="sector" />
        </connection>
        <connection name="tppirate_Zone002_Cluster_90_Sector001_connection" ref="zones">
          <offset>
            <position x="75000" y="0" z="170000" />
          </offset>
          <macro ref="tppirate_Zone002_Cluster_90_Sector001_macro" connection="sector" />
        </connection>
        <connection name="tppirate_Zone003_Cluster_90_Sector001_connection" ref="zones">
          <offset>
            <position x="-225000" y="0" z="-70000" />
          </offset>
          <macro ref="tppirate_Zone003_Cluster_90_Sector001_macro" connection="sector" />
        </connection>
      </connections>
    </macro>

    <macro name="tppirate_Cluster_89_Sector001_macro" class="sector">
      <component ref="standardsector" />
      <connections>
        <connection name="tppirate_Zone001_Cluster_89_Sector001_connection" ref="zones">
          <offset>
            <position x="0" y="0" z="0" />
          </offset>
          <macro ref="tppirate_Zone001_Cluster_89_Sector001_macro" connection="sector" />
        </connection>
        <connection name="tppirate_Zone005_Cluster_89_Sector001_connection" ref="zones">
          <offset>
            <position x="-150000" y="0" z="75000" />
          </offset>
          <macro ref="tppirate_Zone005_Cluster_89_Sector001_macro" connection="sector" />
        </connection>
        <connection name="tppirate_Zone002_Cluster_89_Sector001_connection" ref="zones">
          <offset>
            <position x="-75000" y="0" z="-15000" />
          </offset>
          <macro ref="tppirate_Zone002_Cluster_89_Sector001_macro" connection="sector" />
        </connection>
        <connection name="tppirate_Zone003_Cluster_89_Sector001_connection" ref="zones">
          <offset>
            <position x="155000" y="0" z="115000" />
          </offset>
          <macro ref="tppirate_Zone003_Cluster_89_Sector001_macro" connection="sector" />
        </connection>
        <connection name="tppirate_Zone004_Cluster_89_Sector001_connection" ref="zones">
          <offset>
            <position x="195000" y="0" z="-135000" />
          </offset>
          <macro ref="tppirate_Zone004_Cluster_89_Sector001_macro" connection="sector" />
        </connection>
      </connections>
    </macro>

    <macro name="tppirate_Cluster_88_Sector001_macro" class="sector">
      <component ref="standardsector" />
      <connections>
        <connection name="tppirate_Zone001_Cluster_88_Sector001_connection" ref="zones">
          <offset>
            <position x="0" y="0" z="0" />
          </offset>
          <macro ref="tppirate_Zone001_Cluster_88_Sector001_macro" connection="sector" />
        </connection>
        <connection name="tppirate_Zone002_Cluster_88_Sector001_connection" ref="zones">
          <offset>
            <position x="15000" y="0" z="-116000" />
          </offset>
          <macro ref="tppirate_Zone002_Cluster_88_Sector001_macro" connection="sector" />
        </connection>
        <connection name="tppirate_Zone003_Cluster_88_Sector001_connection" ref="zones">
          <offset>
            <position x="-15000" y="0" z="116000" />
          </offset>
          <macro ref="tppirate_Zone003_Cluster_88_Sector001_macro" connection="sector" />
        </connection>
      </connections>
    </macro>

    <macro name="tppirate_Cluster_87_Sector001_macro" class="sector">
      <component ref="standardsector" />
      <connections>
        <connection name="tppirate_Zone001_Cluster_87_Sector001_connection" ref="zones">
          <offset>
            <position x="0" y="0" z="0" />
          </offset>
          <macro ref="tppirate_Zone001_Cluster_87_Sector001_macro" connection="sector" />
        </connection>
        <connection name="tppirate_Zone002_Cluster_87_Sector001_connection" ref="zones">
          <offset>
            <position x="55000" y="0" z="-198000" />
          </offset>
          <macro ref="tppirate_Zone002_Cluster_87_Sector001_macro" connection="sector" />
        </connection>
        <connection name="tppirate_Zone003_Cluster_87_Sector001_connection" ref="zones">
          <offset>
            <position x="155000" y="0" z="98000" />
          </offset>
          <macro ref="tppirate_Zone003_Cluster_87_Sector001_macro" connection="sector" />
        </connection>
        <connection name="tppirate_Zone004_Cluster_87_Sector001_connection" ref="zones">
          <offset>
            <position x="-56000" y="0" z="214000" />
          </offset>
          <macro ref="tppirate_Zone004_Cluster_87_Sector001_macro" connection="sector" />
        </connection>
        <connection name="tppirate_Zone005_Cluster_87_Sector001_connection" ref="zones">
          <offset>
            <position x="-156000" y="0" z="-164000" />
          </offset>
          <macro ref="tppirate_Zone005_Cluster_87_Sector001_macro" connection="sector" />
        </connection>
      </connections>
    </macro>

    <macro name="tppirate_Cluster_86_Sector001_macro" class="sector">
      <component ref="standardsector" />
      <connections>
        <connection name="tppirate_Zone001_Cluster_86_Sector001_connection" ref="zones">
          <offset>
            <position x="0" y="0" z="0" />
          </offset>
          <macro ref="tppirate_Zone001_Cluster_86_Sector001_macro" connection="sector" />
        </connection>
       <connection name="tppirate_Zone002_Cluster_86_Sector001_connection" ref="zones">
          <offset>
            <position x="215000" y="0" z="175000" />
          </offset>
          <macro ref="tppirate_Zone002_Cluster_86_Sector001_macro" connection="sector" />
        </connection>
       <connection name="tppirate_Zone003_Cluster_86_Sector001_connection" ref="zones">
          <offset>
            <position x="-415000" y="0" z="-125000" />
          </offset>
          <macro ref="tppirate_Zone003_Cluster_86_Sector001_macro" connection="sector" />
        </connection>
      </connections>
    </macro>

    <macro name="tppirate_Cluster_85_Sector001_macro" class="sector">
      <component ref="standardsector" />
      <connections>
        <connection name="tppirate_Zone001_Cluster_85_Sector001_connection" ref="zones">
          <offset>
            <position x="0" y="0" z="0" />
          </offset>
          <macro ref="tppirate_Zone001_Cluster_85_Sector001_macro" connection="sector" />
        </connection>
        <connection name="tppirate_Zone002_Cluster_85_Sector001_connection" ref="zones">
          <offset>
            <position x="172000" y="0" z="-15000" />
          </offset>
          <macro ref="tppirate_Zone002_Cluster_85_Sector001_macro" connection="sector" />
        </connection>
        <connection name="tppirate_Zone003_Cluster_85_Sector001_connection" ref="zones">
          <offset>
            <position x="-332000" y="0" z="415000" />
          </offset>
          <macro ref="tppirate_Zone003_Cluster_85_Sector001_macro" connection="sector" />
        </connection>
      </connections>
    </macro>

    <macro name="tppirate_Cluster_84_Sector001_macro" class="sector">
      <component ref="standardsector" />
      <connections>
        <connection name="tppirate_Zone001_Cluster_84_Sector001_connection" ref="zones">
          <offset>
            <position x="0" y="0" z="0" />
          </offset>
          <macro ref="tppirate_Zone001_Cluster_84_Sector001_macro" connection="sector" />
        </connection>
        <connection name="tppirate_Zone002_Cluster_84_Sector001_connection" ref="zones">
          <offset>
            <position x="-65000" y="0" z="84000" />
          </offset>
          <macro ref="tppirate_Zone002_Cluster_84_Sector001_macro" connection="sector" />
        </connection>
        <connection name="tppirate_Zone003_Cluster_84_Sector001_connection" ref="zones">
          <offset>
            <position x="65000" y="0" z="-84000" />
          </offset>
          <macro ref="tppirate_Zone003_Cluster_84_Sector001_macro" connection="sector" />
        </connection>
        <connection name="tppirate_Zone004_Cluster_84_Sector001_connection" ref="zones">
          <offset>
            <position x="-65000" y="0" z="-84000" />
          </offset>
          <macro ref="tppirate_Zone004_Cluster_84_Sector001_macro" connection="sector" />
        </connection>
      </connections>
    </macro>

    <macro name="tppirate_Cluster_83_Sector001_macro" class="sector">
      <component ref="standardsector" />
      <connections>
        <connection name="tppirate_Zone001_Cluster_83_Sector001_connection" ref="zones">
          <offset>
            <position x="0" y="0" z="0" />
          </offset>
          <macro ref="tppirate_Zone001_Cluster_83_Sector001_macro" connection="sector" />
        </connection>
        <connection name="tppirate_Zone002_Cluster_83_Sector001_connection" ref="zones">
          <offset>
            <position x="56000" y="0" z="75000" />
          </offset>
          <macro ref="tppirate_Zone002_Cluster_83_Sector001_macro" connection="sector" />
        </connection>
        <connection name="tppirate_Zone003_Cluster_83_Sector001_connection" ref="zones">
          <offset>
            <position x="-56000" y="0" z="275000" />
          </offset>
          <macro ref="tppirate_Zone003_Cluster_83_Sector001_macro" connection="sector" />
        </connection>
        <connection name="tppirate_Zone004_Cluster_83_Sector001_connection" ref="zones">
          <offset>
            <position x="-35000" y="0" z="-98000" />
          </offset>
          <macro ref="tppirate_Zone004_Cluster_83_Sector001_macro" connection="sector" />
        </connection>
        <connection name="tppirate_Zone005_Cluster_83_Sector001_connection" ref="zones">
          <offset>
            <position x="265000" y="0" z="-87000" />
          </offset>
          <macro ref="tppirate_Zone005_Cluster_83_Sector001_macro" connection="sector" />
        </connection>
      </connections>
    </macro>

    <macro name="tppirate_Cluster_82_Sector001_macro" class="sector">
      <component ref="standardsector" />
      <connections>
        <connection name="tppirate_Zone001_Cluster_82_Sector001_connection" ref="zones">
          <offset>
            <position x="0" y="0" z="0" />
          </offset>
          <macro ref="tppirate_Zone001_Cluster_82_Sector001_macro" connection="sector" />
        </connection>
        <connection name="tppirate_Zone002_Cluster_82_Sector001_connection" ref="zones">
          <offset>
            <position x="56000" y="0" z="154000" />
          </offset>
          <macro ref="tppirate_Zone002_Cluster_82_Sector001_macro" connection="sector" />
        </connection>
        <connection name="tppirate_Zone003_Cluster_82_Sector001_connection" ref="zones">
          <offset>
            <position x="456000" y="0" z="554000" />
          </offset>
          <macro ref="tppirate_Zone003_Cluster_82_Sector001_macro" connection="sector" />
        </connection>
      </connections>
    </macro>

    <macro name="tppirate_Cluster_81_Sector001_macro" class="sector">
      <component ref="standardsector" />
      <connections>
        <connection name="tppirate_Zone001_Cluster_81_Sector001_connection" ref="zones">
          <offset>
            <position x="0" y="0" z="0" />
          </offset>
          <macro ref="tppirate_Zone001_Cluster_81_Sector001_macro" connection="sector" />
        </connection>
        <connection name="tppirate_Zone002_Cluster_81_Sector001_connection" ref="zones">
          <offset>
            <position x="175000" y="0" z="-89000" />
          </offset>
          <macro ref="tppirate_Zone002_Cluster_81_Sector001_macro" connection="sector" />
        </connection>
        <connection name="tppirate_Zone003_Cluster_81_Sector001_connection" ref="zones">
          <offset>
            <position x="-16000" y="0" z="164000" />
          </offset>
          <macro ref="tppirate_Zone003_Cluster_81_Sector001_macro" connection="sector" />
        </connection>
        <connection name="tppirate_Zone004_Cluster_81_Sector001_connection" ref="zones">
          <offset>
            <position x="50000" y="200000" z="75000" />
          </offset>
          <macro ref="tppirate_Zone004_Cluster_81_Sector001_macro" connection="sector" />
        </connection>
      </connections>
    </macro>

    <macro name="tppirate_Cluster_80_Sector001_macro" class="sector">
      <component ref="standardsector" />
      <connections>
        <connection name="tppirate_Zone001_Cluster_80_Sector001_connection" ref="zones">
          <offset>
            <position x="0" y="0" z="0" />
          </offset>
          <macro ref="tppirate_Zone001_Cluster_80_Sector001_macro" connection="sector" />
        </connection>
        <connection name="tppirate_Zone002_Cluster_80_Sector001_connection" ref="zones">
          <offset>
            <position x="68000" y="0" z="-2000" />
          </offset>
          <macro ref="tppirate_Zone002_Cluster_80_Sector001_macro" connection="sector" />
        </connection>
      </connections>
    </macro>

    <macro name="meditech_Cluster_01_Sector001_macro" class="sector">
      <component ref="standardsector" />
      <connections>
        <connection name="meditech_Zone003_Cluster_01_Sector001_connection" ref="zones">
          <offset>
            <position x="90170.4387207031" y="0" z="13369.0224609375" />
          </offset>
          <macro ref="meditech_Zone003_Cluster_01_Sector001_macro" connection="sector" />
        </connection>
        <connection name="meditech_Zone002_Cluster_01_Sector001_connection" ref="zones">
          <offset>
            <position x="-190170.4387207031" y="0" z="-113369.0224609375" />
          </offset>
          <macro ref="meditech_Zone002_Cluster_01_Sector001_macro" connection="sector" />
        </connection>
        <connection name="meditech_Zone004_Cluster_01_Sector001_connection" ref="zones">
          <offset>
            <position x="315042.0625" y="0" z="248972.234375" />
          </offset>
          <macro ref="meditech_Zone004_Cluster_01_Sector001_macro" connection="sector" />
        </connection>
        <connection name="meditech_Zone001_Cluster_01_Sector001_connection" ref="zones">
          <offset>
            <position x="0" y="0" z="0" />
          </offset>
          <macro ref="meditech_Zone001_Cluster_01_Sector001_macro" connection="sector" />
        </connection>
        <connection name="meditech_Zone005_Cluster_01_Sector001_connection" ref="zones">
          <offset>
            <position x="190170.4387207031" y="0" z="-70369.0224609375" />
          </offset>
          <macro ref="meditech_Zone005_Cluster_01_Sector001_macro" connection="sector" />
        </connection>
        <connection name="meditech_Zone006_Cluster_01_Sector001_connection" ref="zones">
          <offset>
            <position x="-315042.0625" y="0" z="-248972.234375" />
          </offset>
          <macro ref="meditech_Zone006_Cluster_01_Sector001_macro" connection="sector" />
        </connection>
      </connections>
    </macro>

  </add>
</diff>