<?xml version="1.0" encoding="utf-8"?>


<diff>
    <add sel="/macros/macro[@name='XU_EP2_universe_macro']/connections">
      <!-- cluster setup 110 -->
      <connection name="tpthree_cluster110_connection" ref="clusters">
        <offset>
          <position x="-75000000" y="0" z="-8660000" />
        </offset>
        <macro ref="tpthree_cluster110_macro" connection="galaxy" />
      </connection>
          <!-- gate connection setup 110 -->
      <!-- cluster setup 1217 -->
      <connection name="tpthree_cluster1217_connection" ref="clusters">
        <offset>
          <position x="0" y="0" z="103920000" />
        </offset>
        <macro ref="tpthree_cluster1217_macro" connection="galaxy" />
      </connection>
          <!-- gate connection setup 1217 -->
          <connection name="tpthree_gate_c1217s001z002_c215s001z002" ref="destination" path="../tpthree_cluster1217_connection/tpthree_cluster1217_sector001_connection/tpthree_zone002_cluster1217_sector001_connection/tpthree_gate_c1217s001z002_c215s001z002_connection">
            <macro connection="destination" path="../../../../../tpthree_cluster215_connection/tpthree_cluster215_sector001_connection/tpthree_zone002_cluster215_sector001_connection/tpthree_gate_c215s001z002_c1217s001z002_connection" />
          </connection>
      <!-- cluster setup 307 -->
      <connection name="tpthree_cluster307_connection" ref="clusters">
        <offset>
          <position x="75000000" y="0" z="-60620000" />
        </offset>
        <macro ref="tpthree_cluster307_macro" connection="galaxy" />
      </connection>
          <!-- gate connection setup 307 -->
      <!-- cluster setup 393 -->
      <connection name="tpthree_cluster393_connection" ref="clusters">
        <offset>
          <position x="135000000" y="0" z="43300000" />
        </offset>
        <macro ref="tpthree_cluster393_macro" connection="galaxy" />
      </connection>
          <!-- gate connection setup 393 -->
          <connection name="tpthree_gate_c393s001z002_c311s001z002" ref="destination" path="../tpthree_cluster393_connection/tpthree_cluster393_sector001_connection/tpthree_zone002_cluster393_sector001_connection/tpthree_gate_c393s001z002_c311s001z002_connection">
            <macro connection="destination" path="../../../../../tpthree_cluster311_connection/tpthree_cluster311_sector001_connection/tpthree_zone002_cluster311_sector001_connection/tpthree_gate_c311s001z002_c393s001z002_connection" />
          </connection>
      <!-- cluster setup 029 -->
      <connection name="tpthree_cluster029_connection" ref="clusters">
        <offset>
          <position x="-135000000" y="0" z="-25980000" />
        </offset>
        <macro ref="tpthree_cluster029_macro" connection="galaxy" />
      </connection>
          <!-- gate connection setup 029 -->
          <connection name="tpthree_gate_c029s001z002_c064s001z002" ref="destination" path="../tpthree_cluster029_connection/tpthree_cluster029_sector001_connection/tpthree_zone002_cluster029_sector001_connection/tpthree_gate_c029s001z002_c064s001z002_connection">
            <macro connection="destination" path="../../../../../tpthree_cluster064_connection/tpthree_cluster064_sector001_connection/tpthree_zone002_cluster064_sector001_connection/tpthree_gate_c064s001z002_c029s001z002_connection" />
          </connection>
      <!-- cluster setup 035 -->
      <connection name="tpthree_cluster035_connection" ref="clusters">
        <offset>
          <position x="-135000000" y="0" z="77940000" />
        </offset>
        <macro ref="tpthree_cluster035_macro" connection="galaxy" />
      </connection>
          <!-- gate connection setup 035 -->
          <connection name="tpthree_gate_c035s001z002_c031s001z002" ref="destination" path="../tpthree_cluster035_connection/tpthree_cluster035_sector001_connection/tpthree_zone002_cluster035_sector001_connection/tpthree_gate_c035s001z002_c031s001z002_connection">
            <macro connection="destination" path="../../../../../tpthree_cluster031_connection/tpthree_cluster031_sector001_connection/tpthree_zone002_cluster031_sector001_connection/tpthree_gate_c031s001z002_c035s001z002_connection" />
          </connection>
      <!-- cluster setup 049 -->
      <connection name="tpthree_cluster049_connection" ref="clusters">
        <offset>
          <position x="-120000000" y="0" z="-34640000" />
        </offset>
        <macro ref="tpthree_cluster049_macro" connection="galaxy" />
      </connection>
          <!-- gate connection setup 049 -->
          <connection name="tpthree_gate_c049s001z002_c029s001z003" ref="destination" path="../tpthree_cluster049_connection/tpthree_cluster049_sector001_connection/tpthree_zone002_cluster049_sector001_connection/tpthree_gate_c049s001z002_c029s001z003_connection">
            <macro connection="destination" path="../../../../../tpthree_cluster029_connection/tpthree_cluster029_sector001_connection/tpthree_zone003_cluster029_sector001_connection/tpthree_gate_c029s001z003_c049s001z002_connection" />
          </connection>
      <!-- cluster setup 052 -->
      <connection name="tpthree_cluster052_connection" ref="clusters">
        <offset>
          <position x="-120000000" y="0" z="17320000" />
        </offset>
        <macro ref="tpthree_cluster052_macro" connection="galaxy" />
      </connection>
          <!-- gate connection setup 052 -->
      <!-- cluster setup 064 -->
      <connection name="tpthree_cluster064_connection" ref="clusters">
        <offset>
          <position x="-105000000" y="0" z="-112580000" />
        </offset>
        <macro ref="tpthree_cluster064_macro" connection="galaxy" />
      </connection>
          <!-- gate connection setup 064 -->
          <connection name="tpthree_gate_c064s001z003_c084s001z002" ref="destination" path="../tpthree_cluster064_connection/tpthree_cluster064_sector001_connection/tpthree_zone003_cluster064_sector001_connection/tpthree_gate_c064s001z003_c084s001z002_connection">
            <macro connection="destination" path="../../../../../tpthree_cluster084_connection/tpthree_cluster084_sector001_connection/tpthree_zone002_cluster084_sector001_connection/tpthree_gate_c084s001z002_c064s001z003_connection" />
          </connection>
      <!-- cluster setup 084 -->
      <connection name="tpthree_cluster084_connection" ref="clusters">
        <offset>
          <position x="-90000000" y="0" z="-121240000" />
        </offset>
        <macro ref="tpthree_cluster084_macro" connection="galaxy" />
      </connection>
          <!-- gate connection setup 084 -->
          <connection name="tpthree_gate_c084s001z003_c085s001z002" ref="destination" path="../tpthree_cluster084_connection/tpthree_cluster084_sector001_connection/tpthree_zone003_cluster084_sector001_connection/tpthree_gate_c084s001z003_c085s001z002_connection">
            <macro connection="destination" path="../../../../../tpthree_cluster085_connection/tpthree_cluster085_sector001_connection/tpthree_zone002_cluster085_sector001_connection/tpthree_gate_c085s001z002_c084s001z003_connection" />
          </connection>
      <!-- cluster setup 085 -->
      <connection name="tpthree_cluster085_connection" ref="clusters">
        <offset>
          <position x="-90000000" y="0" z="-103920000" />
        </offset>
        <macro ref="tpthree_cluster085_macro" connection="galaxy" />
      </connection>
          <!-- gate connection setup 085 -->
      <!-- cluster setup 104 -->
      <connection name="tpthree_cluster104_connection" ref="clusters">
        <offset>
          <position x="-75000000" y="0" z="-112580000" />
        </offset>
        <macro ref="tpthree_cluster104_macro" connection="galaxy" />
      </connection>
          <!-- gate connection setup 104 -->
          <connection name="tpthree_gate_c104s001z002_c085s001z003" ref="destination" path="../tpthree_cluster104_connection/tpthree_cluster104_sector001_connection/tpthree_zone002_cluster104_sector001_connection/tpthree_gate_c104s001z002_c085s001z003_connection">
            <macro connection="destination" path="../../../../../tpthree_cluster085_connection/tpthree_cluster085_sector001_connection/tpthree_zone003_cluster085_sector001_connection/tpthree_gate_c085s001z003_c104s001z002_connection" />
          </connection>
          <connection name="tpthree_gate_c104s001z003_c105s001z002" ref="destination" path="../tpthree_cluster104_connection/tpthree_cluster104_sector001_connection/tpthree_zone003_cluster104_sector001_connection/tpthree_gate_c104s001z003_c105s001z002_connection">
            <macro connection="destination" path="../../../../../tpthree_cluster105_connection/tpthree_cluster105_sector001_connection/tpthree_zone002_cluster105_sector001_connection/tpthree_gate_c105s001z002_c104s001z003_connection" />
          </connection>
      <!-- cluster setup 105 -->
      <connection name="tpthree_cluster105_connection" ref="clusters">
        <offset>
          <position x="-75000000" y="0" z="-95260000" />
        </offset>
        <macro ref="tpthree_cluster105_macro" connection="galaxy" />
      </connection>
          <!-- gate connection setup 105 -->
          <connection name="tpthree_gate_c105s001z003_c110s001z002" ref="destination" path="../tpthree_cluster105_connection/tpthree_cluster105_sector001_connection/tpthree_zone003_cluster105_sector001_connection/tpthree_gate_c105s001z003_c110s001z002_connection">
            <macro connection="destination" path="../../../../../tpthree_cluster110_connection/tpthree_cluster110_sector001_connection/tpthree_zone002_cluster110_sector001_connection/tpthree_gate_c110s001z002_c105s001z003_connection" />
          </connection>
      <!-- cluster setup 142 -->
      <connection name="tpthree_cluster142_connection" ref="clusters">
        <offset>
          <position x="-45000000" y="0" z="-129900000" />
        </offset>
        <macro ref="tpthree_cluster142_macro" connection="galaxy" />
      </connection>
          <!-- gate connection setup 142 -->
          <connection name="tpthree_gate_c142s001z002_c035s001z003" ref="destination" path="../tpthree_cluster142_connection/tpthree_cluster142_sector001_connection/tpthree_zone002_cluster142_sector001_connection/tpthree_gate_c142s001z002_c035s001z003_connection">
            <macro connection="destination" path="../../../../../tpthree_cluster035_connection/tpthree_cluster035_sector001_connection/tpthree_zone003_cluster035_sector001_connection/tpthree_gate_c035s001z003_c142s001z002_connection" />
          </connection>
          <connection name="tpthree_gate_c142s001z003_c143s001z002" ref="destination" path="../tpthree_cluster142_connection/tpthree_cluster142_sector001_connection/tpthree_zone003_cluster142_sector001_connection/tpthree_gate_c142s001z003_c143s001z002_connection">
            <macro connection="destination" path="../../../../../tpthree_cluster143_connection/tpthree_cluster143_sector001_connection/tpthree_zone002_cluster143_sector001_connection/tpthree_gate_c143s001z002_c142s001z003_connection" />
          </connection>
      <!-- cluster setup 143 -->
      <connection name="tpthree_cluster143_connection" ref="clusters">
        <offset>
          <position x="-45000000" y="0" z="-112580000" />
        </offset>
        <macro ref="tpthree_cluster143_macro" connection="galaxy" />
      </connection>
          <!-- gate connection setup 143 -->
      <!-- cluster setup 1158 -->
      <connection name="tpthree_cluster1158_connection" ref="clusters">
        <offset>
          <position x="-45000000" y="0" z="147220000" />
        </offset>
        <macro ref="tpthree_cluster1158_macro" connection="galaxy" />
      </connection>
          <!-- gate connection setup 1158 -->
      <!-- cluster setup 176 -->
      <connection name="tpthree_cluster176_connection" ref="clusters">
        <offset>
          <position x="-30000000" y="0" z="103920000" />
        </offset>
        <macro ref="tpthree_cluster176_macro" connection="galaxy" />
      </connection>
          <!-- gate connection setup 176 -->
          <connection name="tpthree_gate_c176s001z002_c052s001z002" ref="destination" path="../tpthree_cluster176_connection/tpthree_cluster176_sector001_connection/tpthree_zone002_cluster176_sector001_connection/tpthree_gate_c176s001z002_c052s001z002_connection">
            <macro connection="destination" path="../../../../../tpthree_cluster052_connection/tpthree_cluster052_sector001_connection/tpthree_zone002_cluster052_sector001_connection/tpthree_gate_c052s001z002_c176s001z002_connection" />
          </connection>
      <!-- cluster setup 177 -->
      <connection name="tpthree_cluster177_connection" ref="clusters">
        <offset>
          <position x="-30000000" y="0" z="121240000" />
        </offset>
        <macro ref="tpthree_cluster177_macro" connection="galaxy" />
      </connection>
          <!-- gate connection setup 177 -->
      <!-- cluster setup 178 -->
      <connection name="tpthree_cluster178_connection" ref="clusters">
        <offset>
          <position x="-30000000" y="0" z="138560000" />
        </offset>
        <macro ref="tpthree_cluster178_macro" connection="galaxy" />
      </connection>
          <!-- gate connection setup 178 -->
          <connection name="tpthree_gate_c178s001z002_c1158s001z002" ref="destination" path="../tpthree_cluster178_connection/tpthree_cluster178_sector001_connection/tpthree_zone002_cluster178_sector001_connection/tpthree_gate_c178s001z002_c1158s001z002_connection">
            <macro connection="destination" path="../../../../../tpthree_cluster1158_connection/tpthree_cluster1158_sector001_connection/tpthree_zone002_cluster1158_sector001_connection/tpthree_gate_c1158s001z002_c178s001z002_connection" />
          </connection>
          <connection name="tpthree_gate_c178s001z003_c177s001z002" ref="destination" path="../tpthree_cluster178_connection/tpthree_cluster178_sector001_connection/tpthree_zone003_cluster178_sector001_connection/tpthree_gate_c178s001z003_c177s001z002_connection">
            <macro connection="destination" path="../../../../../tpthree_cluster177_connection/tpthree_cluster177_sector001_connection/tpthree_zone002_cluster177_sector001_connection/tpthree_gate_c177s001z002_c178s001z003_connection" />
          </connection>
      <!-- cluster setup 183 -->
      <connection name="tpthree_cluster183_connection" ref="clusters">
        <offset>
          <position x="-15000000" y="0" z="-112580000" />
        </offset>
        <macro ref="tpthree_cluster183_macro" connection="galaxy" />
      </connection>
          <!-- gate connection setup 183 -->
      <!-- cluster setup 185 -->
      <connection name="tpthree_cluster185_connection" ref="clusters">
        <offset>
          <position x="-15000000" y="0" z="-77940000" />
        </offset>
        <macro ref="tpthree_cluster185_macro" connection="galaxy" />
      </connection>
          <!-- gate connection setup 185 -->
      <!-- cluster setup 188 -->
      <connection name="tpthree_cluster188_connection" ref="clusters">
        <offset>
          <position x="-15000000" y="0" z="-25980000" />
        </offset>
        <macro ref="tpthree_cluster188_macro" connection="galaxy" />
      </connection>
          <!-- gate connection setup 188 -->
      <!-- cluster setup 195 -->
      <connection name="tpthree_cluster195_connection" ref="clusters">
        <offset>
          <position x="-15000000" y="0" z="95260000" />
        </offset>
        <macro ref="tpthree_cluster195_macro" connection="galaxy" />
      </connection>
          <!-- gate connection setup 195 -->
          <connection name="tpthree_gate_c195s001z002_c1273s001z002" ref="destination" path="../tpthree_cluster195_connection/tpthree_cluster195_sector001_connection/tpthree_zone002_cluster195_sector001_connection/tpthree_gate_c195s001z002_c1273s001z002_connection">
            <macro connection="destination" path="../../../../../tpthree_cluster1273_connection/tpthree_cluster1273_sector001_connection/tpthree_zone002_cluster1273_sector001_connection/tpthree_gate_c1273s001z002_c195s001z002_connection" />
          </connection>
      <!-- cluster setup 196 -->
      <connection name="tpthree_cluster196_connection" ref="clusters">
        <offset>
          <position x="-15000000" y="0" z="112580000" />
        </offset>
        <macro ref="tpthree_cluster196_macro" connection="galaxy" />
      </connection>
          <!-- gate connection setup 196 -->
          <connection name="tpthree_gate_c196s001z002_c215s001z003" ref="destination" path="../tpthree_cluster196_connection/tpthree_cluster196_sector001_connection/tpthree_zone002_cluster196_sector001_connection/tpthree_gate_c196s001z002_c215s001z003_connection">
            <macro connection="destination" path="../../../../../tpthree_cluster215_connection/tpthree_cluster215_sector001_connection/tpthree_zone003_cluster215_sector001_connection/tpthree_gate_c215s001z003_c196s001z002_connection" />
          </connection>
          <connection name="tpthree_gate_c196s001z003_c195s001z003" ref="destination" path="../tpthree_cluster196_connection/tpthree_cluster196_sector001_connection/tpthree_zone003_cluster196_sector001_connection/tpthree_gate_c196s001z003_c195s001z003_connection">
            <macro connection="destination" path="../../../../../tpthree_cluster195_connection/tpthree_cluster195_sector001_connection/tpthree_zone003_cluster195_sector001_connection/tpthree_gate_c195s001z003_c196s001z003_connection" />
          </connection>
          <connection name="tpthree_gate_c196s001z004_c176s001z003" ref="destination" path="../tpthree_cluster196_connection/tpthree_cluster196_sector001_connection/tpthree_zone004_cluster196_sector001_connection/tpthree_gate_c196s001z004_c176s001z003_connection">
            <macro connection="destination" path="../../../../../tpthree_cluster176_connection/tpthree_cluster176_sector001_connection/tpthree_zone003_cluster176_sector001_connection/tpthree_gate_c176s001z003_c196s001z004_connection" />
          </connection>
          <connection name="tpthree_gate_c196s001z005_c177s001z003" ref="destination" path="../tpthree_cluster196_connection/tpthree_cluster196_sector001_connection/tpthree_zone005_cluster196_sector001_connection/tpthree_gate_c196s001z005_c177s001z003_connection">
            <macro connection="destination" path="../../../../../tpthree_cluster177_connection/tpthree_cluster177_sector001_connection/tpthree_zone003_cluster177_sector001_connection/tpthree_gate_c177s001z003_c196s001z005_connection" />
          </connection>
      <!-- cluster setup 203 -->
      <connection name="tpthree_cluster203_connection" ref="clusters">
        <offset>
          <position x="0" y="0" z="-121240000" />
        </offset>
        <macro ref="tpthree_cluster203_macro" connection="galaxy" />
      </connection>
          <!-- gate connection setup 203 -->
          <connection name="tpthree_gate_c203s001z002_c1220s001z002" ref="destination" path="../tpthree_cluster203_connection/tpthree_cluster203_sector001_connection/tpthree_zone002_cluster203_sector001_connection/tpthree_gate_c203s001z002_c1220s001z002_connection">
            <macro connection="destination" path="../../../../../tpthree_cluster1220_connection/tpthree_cluster1220_sector001_connection/tpthree_zone002_cluster1220_sector001_connection/tpthree_gate_c1220s001z002_c203s001z002_connection" />
          </connection>
          <connection name="tpthree_gate_c203s001z003_c183s001z002" ref="destination" path="../tpthree_cluster203_connection/tpthree_cluster203_sector001_connection/tpthree_zone003_cluster203_sector001_connection/tpthree_gate_c203s001z003_c183s001z002_connection">
            <macro connection="destination" path="../../../../../tpthree_cluster183_connection/tpthree_cluster183_sector001_connection/tpthree_zone002_cluster183_sector001_connection/tpthree_gate_c183s001z002_c203s001z003_connection" />
          </connection>
          <connection name="tpthree_gate_c203s001z004_c204s001z002" ref="destination" path="../tpthree_cluster203_connection/tpthree_cluster203_sector001_connection/tpthree_zone004_cluster203_sector001_connection/tpthree_gate_c203s001z004_c204s001z002_connection">
            <macro connection="destination" path="../../../../../tpthree_cluster204_connection/tpthree_cluster204_sector001_connection/tpthree_zone002_cluster204_sector001_connection/tpthree_gate_c204s001z002_c203s001z004_connection" />
          </connection>
      <!-- cluster setup 204 -->
      <connection name="tpthree_cluster204_connection" ref="clusters">
        <offset>
          <position x="0" y="0" z="-103920000" />
        </offset>
        <macro ref="tpthree_cluster204_macro" connection="galaxy" />
      </connection>
          <!-- gate connection setup 204 -->
      <!-- cluster setup 205 -->
      <connection name="tpthree_cluster205_connection" ref="clusters">
        <offset>
          <position x="0" y="0" z="-86600000" />
        </offset>
        <macro ref="tpthree_cluster205_macro" connection="galaxy" />
      </connection>
          <!-- gate connection setup 205 -->
          <connection name="tpthree_gate_c205s001z002_c204s001z003" ref="destination" path="../tpthree_cluster205_connection/tpthree_cluster205_sector001_connection/tpthree_zone002_cluster205_sector001_connection/tpthree_gate_c205s001z002_c204s001z003_connection">
            <macro connection="destination" path="../../../../../tpthree_cluster204_connection/tpthree_cluster204_sector001_connection/tpthree_zone003_cluster204_sector001_connection/tpthree_gate_c204s001z003_c205s001z002_connection" />
          </connection>
          <connection name="tpthree_gate_c205s001z003_c185s001z002" ref="destination" path="../tpthree_cluster205_connection/tpthree_cluster205_sector001_connection/tpthree_zone003_cluster205_sector001_connection/tpthree_gate_c205s001z003_c185s001z002_connection">
            <macro connection="destination" path="../../../../../tpthree_cluster185_connection/tpthree_cluster185_sector001_connection/tpthree_zone002_cluster185_sector001_connection/tpthree_gate_c185s001z002_c205s001z003_connection" />
          </connection>
          <connection name="tpthree_gate_c205s001z004_c307s001z002" ref="destination" path="../tpthree_cluster205_connection/tpthree_cluster205_sector001_connection/tpthree_zone004_cluster205_sector001_connection/tpthree_gate_c205s001z004_c307s001z002_connection">
            <macro connection="destination" path="../../../../../tpthree_cluster307_connection/tpthree_cluster307_sector001_connection/tpthree_zone002_cluster307_sector001_connection/tpthree_gate_c307s001z002_c205s001z004_connection" />
          </connection>
      <!-- cluster setup 210 -->
      <connection name="tpthree_cluster210_connection" ref="clusters">
        <offset>
          <position x="0" y="0" z="17320000" />
        </offset>
        <macro ref="tpthree_cluster210_macro" connection="galaxy" />
      </connection>
          <!-- gate connection setup 210 -->
          <connection name="tpthree_gate_c210s001z002_c331s001z002" ref="destination" path="../tpthree_cluster210_connection/tpthree_cluster210_sector001_connection/tpthree_zone002_cluster210_sector001_connection/tpthree_gate_c210s001z002_c331s001z002_connection">
            <macro connection="destination" path="../../../../../tpthree_cluster331_connection/tpthree_cluster331_sector001_connection/tpthree_zone002_cluster331_sector001_connection/tpthree_gate_c331s001z002_c210s001z002_connection" />
          </connection>
      <!-- cluster setup 215 -->
      <connection name="tpthree_cluster215_connection" ref="clusters">
        <offset>
          <position x="0" y="0" z="121240000" />
        </offset>
        <macro ref="tpthree_cluster215_macro" connection="galaxy" />
      </connection>
          <!-- gate connection setup 215 -->
      <!-- cluster setup 217 -->
      <connection name="tpthree_cluster217_connection" ref="clusters">
        <offset>
          <position x="0" y="0" z="155880000" />
        </offset>
        <macro ref="tpthree_cluster217_macro" connection="galaxy" />
      </connection>
          <!-- gate connection setup 217 -->
          <connection name="tpthree_gate_c217s001z002_c225s001z002" ref="destination" path="../tpthree_cluster217_connection/tpthree_cluster217_sector001_connection/tpthree_zone002_cluster217_sector001_connection/tpthree_gate_c217s001z002_c225s001z002_connection">
            <macro connection="destination" path="../../../../../tpthree_cluster225_connection/tpthree_cluster225_sector001_connection/tpthree_zone002_cluster225_sector001_connection/tpthree_gate_c225s001z002_c217s001z002_connection" />
          </connection>
          <connection name="tpthree_gate_c217s001z003_c189s001z002" ref="destination" path="../tpthree_cluster217_connection/tpthree_cluster217_sector001_connection/tpthree_zone003_cluster217_sector001_connection/tpthree_gate_c217s001z003_c189s001z002_connection">
            <macro connection="destination" path="../../../../../tpthree_cluster189_connection/tpthree_cluster189_sector001_connection/tpthree_zone002_cluster189_sector001_connection/tpthree_gate_c189s001z002_c217s001z003_connection" />
          </connection>
      <!-- cluster setup 1220 -->
      <connection name="tpthree_cluster1220_connection" ref="clusters">
        <offset>
          <position x="15000000" y="0" z="-129900000" />
        </offset>
        <macro ref="tpthree_cluster1220_macro" connection="galaxy" />
      </connection>
          <!-- gate connection setup 1220 -->
      <!-- cluster setup 227 -->
      <connection name="tpthree_cluster227_connection" ref="clusters">
        <offset>
          <position x="15000000" y="0" z="-8660000" />
        </offset>
        <macro ref="tpthree_cluster227_macro" connection="galaxy" />
      </connection>
          <!-- gate connection setup 227 -->
          <connection name="tpthree_gate_c227s001z002_c080s001z002" ref="destination" path="../tpthree_cluster227_connection/tpthree_cluster227_sector001_connection/tpthree_zone002_cluster227_sector001_connection/tpthree_gate_c227s001z002_c080s001z002_connection">
            <macro connection="destination" path="../../../../../tpthree_cluster080_connection/tpthree_cluster080_sector001_connection/tpthree_zone002_cluster080_sector001_connection/tpthree_gate_c080s001z002_c227s001z002_connection" />
          </connection>
      <!-- cluster setup 234 -->
      <connection name="tpthree_cluster234_connection" ref="clusters">
        <offset>
          <position x="15000000" y="0" z="112580000" />
        </offset>
        <macro ref="tpthree_cluster234_macro" connection="galaxy" />
      </connection>
          <!-- gate connection setup 234 -->
          <connection name="tpthree_gate_c234s001z002_c289s001z002" ref="destination" path="../tpthree_cluster234_connection/tpthree_cluster234_sector001_connection/tpthree_zone002_cluster234_sector001_connection/tpthree_gate_c234s001z002_c289s001z002_connection">
            <macro connection="destination" path="../../../../../tpthree_cluster289_connection/tpthree_cluster289_sector001_connection/tpthree_zone002_cluster289_sector001_connection/tpthree_gate_c289s001z002_c234s001z002_connection" />
          </connection>
      <!-- cluster setup 1240 -->
      <connection name="tpthree_cluster1240_connection" ref="clusters">
        <offset>
          <position x="30000000" y="0" z="-138560000" />
        </offset>
        <macro ref="tpthree_cluster1240_macro" connection="galaxy" />
      </connection>
          <!-- gate connection setup 1240 -->
      <!-- cluster setup 259 -->
      <connection name="tpthree_cluster259_connection" ref="clusters">
        <offset>
          <position x="45000000" y="0" z="-147220000" />
        </offset>
        <macro ref="tpthree_cluster259_macro" connection="galaxy" />
      </connection>
          <!-- gate connection setup 259 -->
      <!-- cluster setup 1260 -->
      <connection name="tpthree_cluster1260_connection" ref="clusters">
        <offset>
          <position x="45000000" y="0" z="-129900000" />
        </offset>
        <macro ref="tpthree_cluster1260_macro" connection="galaxy" />
      </connection>
          <!-- gate connection setup 1260 -->
          <connection name="tpthree_gate_c1260s001z002_c1240s001z002" ref="destination" path="../tpthree_cluster1260_connection/tpthree_cluster1260_sector001_connection/tpthree_zone002_cluster1260_sector001_connection/tpthree_gate_c1260s001z002_c1240s001z002_connection">
            <macro connection="destination" path="../../../../../tpthree_cluster1240_connection/tpthree_cluster1240_sector001_connection/tpthree_zone002_cluster1240_sector001_connection/tpthree_gate_c1240s001z002_c1260s001z002_connection" />
          </connection>
          <connection name="tpthree_gate_c1260s001z003_c259s001z002" ref="destination" path="../tpthree_cluster1260_connection/tpthree_cluster1260_sector001_connection/tpthree_zone003_cluster1260_sector001_connection/tpthree_gate_c1260s001z003_c259s001z002_connection">
            <macro connection="destination" path="../../../../../tpthree_cluster259_connection/tpthree_cluster259_sector001_connection/tpthree_zone002_cluster259_sector001_connection/tpthree_gate_c259s001z002_c1260s001z003_connection" />
          </connection>
          <connection name="tpthree_gate_c1260s001z004_c188s001z002" ref="destination" path="../tpthree_cluster1260_connection/tpthree_cluster1260_sector001_connection/tpthree_zone004_cluster1260_sector001_connection/tpthree_gate_c1260s001z004_c188s001z002_connection">
            <macro connection="destination" path="../../../../../tpthree_cluster188_connection/tpthree_cluster188_sector001_connection/tpthree_zone002_cluster188_sector001_connection/tpthree_gate_c188s001z002_c1260s001z004_connection" />
          </connection>
      <!-- cluster setup 1273 -->
      <connection name="tpthree_cluster1273_connection" ref="clusters">
        <offset>
          <position x="45000000" y="0" z="95260000" />
        </offset>
        <macro ref="tpthree_cluster1273_macro" connection="galaxy" />
      </connection>
          <!-- gate connection setup 1273 -->
          <connection name="tpthree_gate_c1273s001z003_c274s001z002" ref="destination" path="../tpthree_cluster1273_connection/tpthree_cluster1273_sector001_connection/tpthree_zone003_cluster1273_sector001_connection/tpthree_gate_c1273s001z003_c274s001z002_connection">
            <macro connection="destination" path="../../../../../tpthree_cluster274_connection/tpthree_cluster274_sector001_connection/tpthree_zone002_cluster274_sector001_connection/tpthree_gate_c274s001z002_c1273s001z003_connection" />
          </connection>
          <connection name="tpthree_gate_c1273s001z004_c293s001z002" ref="destination" path="../tpthree_cluster1273_connection/tpthree_cluster1273_sector001_connection/tpthree_zone004_cluster1273_sector001_connection/tpthree_gate_c1273s001z004_c293s001z002_connection">
            <macro connection="destination" path="../../../../../tpthree_cluster293_connection/tpthree_cluster293_sector001_connection/tpthree_zone002_cluster293_sector001_connection/tpthree_gate_c293s001z002_c1273s001z004_connection" />
          </connection>
      <!-- cluster setup 274 -->
      <connection name="tpthree_cluster274_connection" ref="clusters">
        <offset>
          <position x="45000000" y="0" z="112580000" />
        </offset>
        <macro ref="tpthree_cluster274_macro" connection="galaxy" />
      </connection>
          <!-- gate connection setup 274 -->
      <!-- cluster setup 289 -->
      <connection name="tpthree_cluster289_connection" ref="clusters">
        <offset>
          <position x="60000000" y="0" z="17320000" />
        </offset>
        <macro ref="tpthree_cluster289_macro" connection="galaxy" />
      </connection>
          <!-- gate connection setup 289 -->
      <!-- cluster setup 1292 -->
      <connection name="tpthree_cluster1292_connection" ref="clusters">
        <offset>
          <position x="60000000" y="0" z="69280000" />
        </offset>
        <macro ref="tpthree_cluster1292_macro" connection="galaxy" />
      </connection>
          <!-- gate connection setup 1292 -->
          <connection name="tpthree_gate_c1292s001z002_c293s001z003" ref="destination" path="../tpthree_cluster1292_connection/tpthree_cluster1292_sector001_connection/tpthree_zone002_cluster1292_sector001_connection/tpthree_gate_c1292s001z002_c293s001z003_connection">
            <macro connection="destination" path="../../../../../tpthree_cluster293_connection/tpthree_cluster293_sector001_connection/tpthree_zone003_cluster293_sector001_connection/tpthree_gate_c293s001z003_c1292s001z002_connection" />
          </connection>
          <connection name="tpthree_gate_c1292s001z003_c331s001z003" ref="destination" path="../tpthree_cluster1292_connection/tpthree_cluster1292_sector001_connection/tpthree_zone003_cluster1292_sector001_connection/tpthree_gate_c1292s001z003_c331s001z003_connection">
            <macro connection="destination" path="../../../../../tpthree_cluster331_connection/tpthree_cluster331_sector001_connection/tpthree_zone003_cluster331_sector001_connection/tpthree_gate_c331s001z003_c1292s001z003_connection" />
          </connection>
      <!-- cluster setup 293 -->
      <connection name="tpthree_cluster293_connection" ref="clusters">
        <offset>
          <position x="60000000" y="0" z="86600000" />
        </offset>
        <macro ref="tpthree_cluster293_macro" connection="galaxy" />
      </connection>
          <!-- gate connection setup 293 -->
      <!-- cluster setup 295 -->
      <connection name="tpthree_cluster295_connection" ref="clusters">
        <offset>
          <position x="60000000" y="0" z="121240000" />
        </offset>
        <macro ref="tpthree_cluster295_macro" connection="galaxy" />
      </connection>
          <!-- gate connection setup 295 -->
      <!-- cluster setup 296 -->
      <connection name="tpthree_cluster296_connection" ref="clusters">
        <offset>
          <position x="60000000" y="0" z="138560000" />
        </offset>
        <macro ref="tpthree_cluster296_macro" connection="galaxy" />
      </connection>
          <!-- gate connection setup 296 -->
          <connection name="tpthree_gate_c296s001z002_c234s001z003" ref="destination" path="../tpthree_cluster296_connection/tpthree_cluster296_sector001_connection/tpthree_zone002_cluster296_sector001_connection/tpthree_gate_c296s001z002_c234s001z003_connection">
            <macro connection="destination" path="../../../../../tpthree_cluster234_connection/tpthree_cluster234_sector001_connection/tpthree_zone003_cluster234_sector001_connection/tpthree_gate_c234s001z003_c296s001z002_connection" />
          </connection>
          <connection name="tpthree_gate_c296s001z003_c314s001z002" ref="destination" path="../tpthree_cluster296_connection/tpthree_cluster296_sector001_connection/tpthree_zone003_cluster296_sector001_connection/tpthree_gate_c296s001z003_c314s001z002_connection">
            <macro connection="destination" path="../../../../../tpthree_cluster314_connection/tpthree_cluster314_sector001_connection/tpthree_zone002_cluster314_sector001_connection/tpthree_gate_c314s001z002_c296s001z003_connection" />
          </connection>
          <connection name="tpthree_gate_c296s001z004_c295s001z002" ref="destination" path="../tpthree_cluster296_connection/tpthree_cluster296_sector001_connection/tpthree_zone004_cluster296_sector001_connection/tpthree_gate_c296s001z004_c295s001z002_connection">
            <macro connection="destination" path="../../../../../tpthree_cluster295_connection/tpthree_cluster295_sector001_connection/tpthree_zone002_cluster295_sector001_connection/tpthree_gate_c295s001z002_c296s001z004_connection" />
          </connection>
      <!-- cluster setup 314 -->
      <connection name="tpthree_cluster314_connection" ref="clusters">
        <offset>
          <position x="75000000" y="0" z="129900000" />
        </offset>
        <macro ref="tpthree_cluster314_macro" connection="galaxy" />
      </connection>
          <!-- gate connection setup 314 -->
      <!-- cluster setup 331 -->
      <connection name="tpthree_cluster331_connection" ref="clusters">
        <offset>
          <position x="90000000" y="0" z="69280000" />
        </offset>
        <macro ref="tpthree_cluster331_macro" connection="galaxy" />
      </connection>
          <!-- gate connection setup 331 -->
      <!-- cluster setup 371 -->
      <connection name="tpthree_cluster371_connection" ref="clusters">
        <offset>
          <position x="120000000" y="0" z="69280000" />
        </offset>
        <macro ref="tpthree_cluster371_macro" connection="galaxy" />
      </connection>
          <!-- gate connection setup 371 -->
          <connection name="tpthree_gate_c371s001z002_c390s001z002" ref="destination" path="../tpthree_cluster371_connection/tpthree_cluster371_sector001_connection/tpthree_zone002_cluster371_sector001_connection/tpthree_gate_c371s001z002_c390s001z002_connection">
            <macro connection="destination" path="../../../../../tpthree_cluster390_connection/tpthree_cluster390_sector001_connection/tpthree_zone002_cluster390_sector001_connection/tpthree_gate_c390s001z002_c371s001z002_connection" />
          </connection>
      <!-- cluster setup 384 -->
      <connection name="tpthree_cluster384_connection" ref="clusters">
        <offset>
          <position x="135000000" y="0" z="-43300000" />
        </offset>
        <macro ref="tpthree_cluster384_macro" connection="galaxy" />
      </connection>
          <!-- gate connection setup 384 -->
          <connection name="tpthree_gate_c384s001z002_c1220s001z003" ref="destination" path="../tpthree_cluster384_connection/tpthree_cluster384_sector001_connection/tpthree_zone002_cluster384_sector001_connection/tpthree_gate_c384s001z002_c1220s001z003_connection">
            <macro connection="destination" path="../../../../../tpthree_cluster1220_connection/tpthree_cluster1220_sector001_connection/tpthree_zone003_cluster1220_sector001_connection/tpthree_gate_c1220s001z003_c384s001z002_connection" />
          </connection>
      <!-- cluster setup 390 -->
      <connection name="tpthree_cluster390_connection" ref="clusters">
        <offset>
          <position x="135000000" y="0" z="77940000" />
        </offset>
        <macro ref="tpthree_cluster390_macro" connection="galaxy" />
      </connection>
          <!-- gate connection setup 390 -->
          <connection name="tpthree_gate_c390s001z003_c035s001z004" ref="destination" path="../tpthree_cluster390_connection/tpthree_cluster390_sector001_connection/tpthree_zone003_cluster390_sector001_connection/tpthree_gate_c390s001z003_c035s001z004_connection">
            <macro connection="destination" path="../../../../../tpthree_cluster035_connection/tpthree_cluster035_sector001_connection/tpthree_zone004_cluster035_sector001_connection/tpthree_gate_c035s001z004_c390s001z003_connection" />
          </connection>
          <connection name="tpthree_gate_c390s001z004_c142s001z004" ref="destination" path="../tpthree_cluster390_connection/tpthree_cluster390_sector001_connection/tpthree_zone004_cluster390_sector001_connection/tpthree_gate_c390s001z004_c142s001z004_connection">
            <macro connection="destination" path="../../../../../tpthree_cluster142_connection/tpthree_cluster142_sector001_connection/tpthree_zone004_cluster142_sector001_connection/tpthree_gate_c142s001z004_c390s001z004_connection" />
          </connection>
      <!-- cluster setup 050 -->
      <connection name="tpthree_cluster050_connection" ref="clusters">
        <offset>
          <position x="-120000000" y="0" z="-17320000" />
        </offset>
        <macro ref="tpthree_cluster050_macro" connection="galaxy" />
      </connection>
          <!-- gate connection setup 050 -->
          <connection name="tpthree_gate_c050s001z002_c216s001z002" ref="destination" path="../tpthree_cluster050_connection/tpthree_cluster050_sector001_connection/tpthree_zone002_cluster050_sector001_connection/tpthree_gate_c050s001z002_c216s001z002_connection">
            <macro connection="destination" path="../../../../../tpthree_cluster216_connection/tpthree_cluster216_sector001_connection/tpthree_zone002_cluster216_sector001_connection/tpthree_gate_c216s001z002_c050s001z002_connection" />
          </connection>
      <!-- cluster setup 051 -->
      <connection name="tpthree_cluster051_connection" ref="clusters">
        <offset>
          <position x="-120000000" y="0" z="0" />
        </offset>
        <macro ref="tpthree_cluster051_macro" connection="galaxy" />
      </connection>
          <!-- gate connection setup 051 -->
          <connection name="tpthree_gate_c051s001z002_c050s001z003" ref="destination" path="../tpthree_cluster051_connection/tpthree_cluster051_sector001_connection/tpthree_zone002_cluster051_sector001_connection/tpthree_gate_c051s001z002_c050s001z003_connection">
            <macro connection="destination" path="../../../../../tpthree_cluster050_connection/tpthree_cluster050_sector001_connection/tpthree_zone003_cluster050_sector001_connection/tpthree_gate_c050s001z003_c051s001z002_connection" />
          </connection>
      <!-- cluster setup 069 -->
      <connection name="tpthree_cluster069_connection" ref="clusters">
        <offset>
          <position x="-105000000" y="0" z="-25980000" />
        </offset>
        <macro ref="tpthree_cluster069_macro" connection="galaxy" />
      </connection>
          <!-- gate connection setup 069 -->
          <connection name="tpthree_gate_c069s001z002_c050s001z004" ref="destination" path="../tpthree_cluster069_connection/tpthree_cluster069_sector001_connection/tpthree_zone002_cluster069_sector001_connection/tpthree_gate_c069s001z002_c050s001z004_connection">
            <macro connection="destination" path="../../../../../tpthree_cluster050_connection/tpthree_cluster050_sector001_connection/tpthree_zone004_cluster050_sector001_connection/tpthree_gate_c050s001z004_c069s001z002_connection" />
          </connection>
      <!-- cluster setup 070 -->
      <connection name="tpthree_cluster070_connection" ref="clusters">
        <offset>
          <position x="-105000000" y="0" z="-8660000" />
        </offset>
        <macro ref="tpthree_cluster070_macro" connection="galaxy" />
      </connection>
          <!-- gate connection setup 070 -->
          <connection name="tpthree_gate_c070s001z002_c050s001z005" ref="destination" path="../tpthree_cluster070_connection/tpthree_cluster070_sector001_connection/tpthree_zone002_cluster070_sector001_connection/tpthree_gate_c070s001z002_c050s001z005_connection">
            <macro connection="destination" path="../../../../../tpthree_cluster050_connection/tpthree_cluster050_sector001_connection/tpthree_zone005_cluster050_sector001_connection/tpthree_gate_c050s001z005_c070s001z002_connection" />
          </connection>
      <!-- cluster setup 145 -->
      <connection name="tpthree_cluster145_connection" ref="clusters">
        <offset>
          <position x="-45000000" y="0" z="-77940000" />
        </offset>
        <macro ref="tpthree_cluster145_macro" connection="galaxy" />
      </connection>
          <!-- gate connection setup 145 -->
          <connection name="tpthree_gate_c145s001z002_c165s001z002" ref="destination" path="../tpthree_cluster145_connection/tpthree_cluster145_sector001_connection/tpthree_zone002_cluster145_sector001_connection/tpthree_gate_c145s001z002_c165s001z002_connection">
            <macro connection="destination" path="../../../../../tpthree_cluster165_connection/tpthree_cluster165_sector001_connection/tpthree_zone002_cluster165_sector001_connection/tpthree_gate_c165s001z002_c145s001z002_connection" />
          </connection>
      <!-- cluster setup 165 -->
      <connection name="tpthree_cluster165_connection" ref="clusters">
        <offset>
          <position x="-30000000" y="0" z="-86600000" />
        </offset>
        <macro ref="tpthree_cluster165_macro" connection="galaxy" />
      </connection>
          <!-- gate connection setup 165 -->
          <connection name="tpthree_gate_c165s001z003_c050s001z006" ref="destination" path="../tpthree_cluster165_connection/tpthree_cluster165_sector001_connection/tpthree_zone003_cluster165_sector001_connection/tpthree_gate_c165s001z003_c050s001z006_connection">
            <macro connection="destination" path="../../../../../tpthree_cluster050_connection/tpthree_cluster050_sector001_connection/tpthree_zone006_cluster050_sector001_connection/tpthree_gate_c050s001z006_c165s001z003_connection" />
          </connection>
      <!-- cluster setup 166 -->
      <connection name="tpthree_cluster166_connection" ref="clusters">
        <offset>
          <position x="-30000000" y="0" z="-69280000" />
        </offset>
        <macro ref="tpthree_cluster166_macro" connection="galaxy" />
      </connection>
          <!-- gate connection setup 166 -->
          <connection name="tpthree_gate_c166s001z002_c165s001z004" ref="destination" path="../tpthree_cluster166_connection/tpthree_cluster166_sector001_connection/tpthree_zone002_cluster166_sector001_connection/tpthree_gate_c166s001z002_c165s001z004_connection">
            <macro connection="destination" path="../../../../../tpthree_cluster165_connection/tpthree_cluster165_sector001_connection/tpthree_zone004_cluster165_sector001_connection/tpthree_gate_c165s001z004_c166s001z002_connection" />
          </connection>
      <!-- cluster setup 184 -->
      <connection name="tpthree_cluster184_connection" ref="clusters">
        <offset>
          <position x="-15000000" y="0" z="-95260000" />
        </offset>
        <macro ref="tpthree_cluster184_macro" connection="galaxy" />
      </connection>
          <!-- gate connection setup 184 -->
          <connection name="tpthree_gate_c184s001z002_c165s001z005" ref="destination" path="../tpthree_cluster184_connection/tpthree_cluster184_sector001_connection/tpthree_zone002_cluster184_sector001_connection/tpthree_gate_c184s001z002_c165s001z005_connection">
            <macro connection="destination" path="../../../../../tpthree_cluster165_connection/tpthree_cluster165_sector001_connection/tpthree_zone005_cluster165_sector001_connection/tpthree_gate_c165s001z005_c184s001z002_connection" />
          </connection>
      <!-- cluster setup 197 -->
      <connection name="tpthree_cluster197_connection" ref="clusters">
        <offset>
          <position x="-15000000" y="0" z="129900000" />
        </offset>
        <macro ref="tpthree_cluster197_macro" connection="galaxy" />
      </connection>
          <!-- gate connection setup 197 -->
          <connection name="tpthree_gate_c197s001z002_c216s001z003" ref="destination" path="../tpthree_cluster197_connection/tpthree_cluster197_sector001_connection/tpthree_zone002_cluster197_sector001_connection/tpthree_gate_c197s001z002_c216s001z003_connection">
            <macro connection="destination" path="../../../../../tpthree_cluster216_connection/tpthree_cluster216_sector001_connection/tpthree_zone003_cluster216_sector001_connection/tpthree_gate_c216s001z003_c197s001z002_connection" />
          </connection>
      <!-- cluster setup 216 -->
      <connection name="tpthree_cluster216_connection" ref="clusters">
        <offset>
          <position x="0" y="0" z="138560000" />
        </offset>
        <macro ref="tpthree_cluster216_macro" connection="galaxy" />
      </connection>
          <!-- gate connection setup 216 -->
      <!-- cluster setup 235 -->
      <connection name="tpthree_cluster235_connection" ref="clusters">
        <offset>
          <position x="15000000" y="0" z="129900000" />
        </offset>
        <macro ref="tpthree_cluster235_macro" connection="galaxy" />
      </connection>
          <!-- gate connection setup 235 -->
          <connection name="tpthree_gate_c235s001z002_c216s001z004" ref="destination" path="../tpthree_cluster235_connection/tpthree_cluster235_sector001_connection/tpthree_zone002_cluster235_sector001_connection/tpthree_gate_c235s001z002_c216s001z004_connection">
            <macro connection="destination" path="../../../../../tpthree_cluster216_connection/tpthree_cluster216_sector001_connection/tpthree_zone004_cluster216_sector001_connection/tpthree_gate_c216s001z004_c235s001z002_connection" />
          </connection>
      <!-- cluster setup 236 -->
      <connection name="tpthree_cluster236_connection" ref="clusters">
        <offset>
          <position x="15000000" y="0" z="147220000" />
        </offset>
        <macro ref="tpthree_cluster236_macro" connection="galaxy" />
      </connection>
          <!-- gate connection setup 236 -->
          <connection name="tpthree_gate_c236s001z002_c216s001z005" ref="destination" path="../tpthree_cluster236_connection/tpthree_cluster236_sector001_connection/tpthree_zone002_cluster236_sector001_connection/tpthree_gate_c236s001z002_c216s001z005_connection">
            <macro connection="destination" path="../../../../../tpthree_cluster216_connection/tpthree_cluster216_sector001_connection/tpthree_zone005_cluster216_sector001_connection/tpthree_gate_c216s001z005_c236s001z002_connection" />
          </connection>
      <!-- cluster setup 343 -->
      <connection name="tpthree_cluster343_connection" ref="clusters">
        <offset>
          <position x="105000000" y="0" z="-60620000" />
        </offset>
        <macro ref="tpthree_cluster343_macro" connection="galaxy" />
      </connection>
          <!-- gate connection setup 343 -->
          <connection name="tpthree_gate_c343s001z002_c364s001z002" ref="destination" path="../tpthree_cluster343_connection/tpthree_cluster343_sector001_connection/tpthree_zone002_cluster343_sector001_connection/tpthree_gate_c343s001z002_c364s001z002_connection">
            <macro connection="destination" path="../../../../../tpthree_cluster364_connection/tpthree_cluster364_sector001_connection/tpthree_zone002_cluster364_sector001_connection/tpthree_gate_c364s001z002_c343s001z002_connection" />
          </connection>
      <!-- cluster setup 363 -->
      <connection name="tpthree_cluster363_connection" ref="clusters">
        <offset>
          <position x="120000000" y="0" z="-69280000" />
        </offset>
        <macro ref="tpthree_cluster363_macro" connection="galaxy" />
      </connection>
          <!-- gate connection setup 363 -->
          <connection name="tpthree_gate_c363s001z002_c364s001z003" ref="destination" path="../tpthree_cluster363_connection/tpthree_cluster363_sector001_connection/tpthree_zone002_cluster363_sector001_connection/tpthree_gate_c363s001z002_c364s001z003_connection">
            <macro connection="destination" path="../../../../../tpthree_cluster364_connection/tpthree_cluster364_sector001_connection/tpthree_zone003_cluster364_sector001_connection/tpthree_gate_c364s001z003_c363s001z002_connection" />
          </connection>
      <!-- cluster setup 364 -->
      <connection name="tpthree_cluster364_connection" ref="clusters">
        <offset>
          <position x="120000000" y="0" z="-51960000" />
        </offset>
        <macro ref="tpthree_cluster364_macro" connection="galaxy" />
      </connection>
          <!-- gate connection setup 364 -->
          <connection name="tpthree_gate_c364s001z004_c165s001z006" ref="destination" path="../tpthree_cluster364_connection/tpthree_cluster364_sector001_connection/tpthree_zone004_cluster364_sector001_connection/tpthree_gate_c364s001z004_c165s001z006_connection">
            <macro connection="destination" path="../../../../../tpthree_cluster165_connection/tpthree_cluster165_sector001_connection/tpthree_zone006_cluster165_sector001_connection/tpthree_gate_c165s001z006_c364s001z004_connection" />
          </connection>
          <connection name="tpthree_gate_c364s001z005_c216s001z006" ref="destination" path="../tpthree_cluster364_connection/tpthree_cluster364_sector001_connection/tpthree_zone005_cluster364_sector001_connection/tpthree_gate_c364s001z005_c216s001z006_connection">
            <macro connection="destination" path="../../../../../tpthree_cluster216_connection/tpthree_cluster216_sector001_connection/tpthree_zone006_cluster216_sector001_connection/tpthree_gate_c216s001z006_c364s001z005_connection" />
          </connection>
      <!-- cluster setup 365 -->
      <connection name="tpthree_cluster365_connection" ref="clusters">
        <offset>
          <position x="120000000" y="0" z="-34640000" />
        </offset>
        <macro ref="tpthree_cluster365_macro" connection="galaxy" />
      </connection>
          <!-- gate connection setup 365 -->
          <connection name="tpthree_gate_c365s001z002_c364s001z006" ref="destination" path="../tpthree_cluster365_connection/tpthree_cluster365_sector001_connection/tpthree_zone002_cluster365_sector001_connection/tpthree_gate_c365s001z002_c364s001z006_connection">
            <macro connection="destination" path="../../../../../tpthree_cluster364_connection/tpthree_cluster364_sector001_connection/tpthree_zone006_cluster364_sector001_connection/tpthree_gate_c364s001z006_c365s001z002_connection" />
          </connection>
      <!-- cluster setup 011 -->
      <connection name="tpthree_cluster011_connection" ref="clusters">
        <offset>
          <position x="-150000000" y="0" z="0" />
        </offset>
        <macro ref="tpthree_cluster011_macro" connection="galaxy" />
      </connection>
          <!-- gate connection setup 011 -->
          <connection name="tpthree_gate_c011s001z002_c031s001z003" ref="destination" path="../tpthree_cluster011_connection/tpthree_cluster011_sector001_connection/tpthree_zone002_cluster011_sector001_connection/tpthree_gate_c011s001z002_c031s001z003_connection">
            <macro connection="destination" path="../../../../../tpthree_cluster031_connection/tpthree_cluster031_sector001_connection/tpthree_zone003_cluster031_sector001_connection/tpthree_gate_c031s001z003_c011s001z002_connection" />
          </connection>
      <!-- cluster setup 030 -->
      <connection name="tpthree_cluster030_connection" ref="clusters">
        <offset>
          <position x="-135000000" y="0" z="-8660000" />
        </offset>
        <macro ref="tpthree_cluster030_macro" connection="galaxy" />
      </connection>
          <!-- gate connection setup 030 -->
          <connection name="tpthree_gate_c030s001z002_c011s001z003" ref="destination" path="../tpthree_cluster030_connection/tpthree_cluster030_sector001_connection/tpthree_zone002_cluster030_sector001_connection/tpthree_gate_c030s001z002_c011s001z003_connection">
            <macro connection="destination" path="../../../../../tpthree_cluster011_connection/tpthree_cluster011_sector001_connection/tpthree_zone003_cluster011_sector001_connection/tpthree_gate_c011s001z003_c030s001z002_connection" />
          </connection>
      <!-- cluster setup 031 -->
      <connection name="tpthree_cluster031_connection" ref="clusters">
        <offset>
          <position x="-135000000" y="0" z="8660000" />
        </offset>
        <macro ref="tpthree_cluster031_macro" connection="galaxy" />
      </connection>
          <!-- gate connection setup 031 -->
          <connection name="tpthree_gate_c031s001z004_c189s001z003" ref="destination" path="../tpthree_cluster031_connection/tpthree_cluster031_sector001_connection/tpthree_zone004_cluster031_sector001_connection/tpthree_gate_c031s001z004_c189s001z003_connection">
            <macro connection="destination" path="../../../../../tpthree_cluster189_connection/tpthree_cluster189_sector001_connection/tpthree_zone003_cluster189_sector001_connection/tpthree_gate_c189s001z003_c031s001z004_connection" />
          </connection>
      <!-- cluster setup 140 -->
      <connection name="tpthree_cluster140_connection" ref="clusters">
        <offset>
          <position x="-45000000" y="0" z="-95260000" />
        </offset>
        <macro ref="tpthree_cluster140_macro" connection="galaxy" />
      </connection>
          <!-- gate connection setup 140 -->
          <connection name="tpthree_gate_c140s001z002_c030s001z003" ref="destination" path="../tpthree_cluster140_connection/tpthree_cluster140_sector001_connection/tpthree_zone002_cluster140_sector001_connection/tpthree_gate_c140s001z002_c030s001z003_connection">
            <macro connection="destination" path="../../../../../tpthree_cluster030_connection/tpthree_cluster030_sector001_connection/tpthree_zone003_cluster030_sector001_connection/tpthree_gate_c030s001z003_c140s001z002_connection" />
          </connection>
      <!-- cluster setup 158 -->
      <connection name="tpthree_cluster158_connection" ref="clusters">
        <offset>
          <position x="-30000000" y="0" z="-121240000" />
        </offset>
        <macro ref="tpthree_cluster158_macro" connection="galaxy" />
      </connection>
          <!-- gate connection setup 158 -->
          <connection name="tpthree_gate_c158s001z002_c159s001z002" ref="destination" path="../tpthree_cluster158_connection/tpthree_cluster158_sector001_connection/tpthree_zone002_cluster158_sector001_connection/tpthree_gate_c158s001z002_c159s001z002_connection">
            <macro connection="destination" path="../../../../../tpthree_cluster159_connection/tpthree_cluster159_sector001_connection/tpthree_zone002_cluster159_sector001_connection/tpthree_gate_c159s001z002_c158s001z002_connection" />
          </connection>
          <connection name="tpthree_gate_c158s001z003_c349s001z002" ref="destination" path="../tpthree_cluster158_connection/tpthree_cluster158_sector001_connection/tpthree_zone003_cluster158_sector001_connection/tpthree_gate_c158s001z003_c349s001z002_connection">
            <macro connection="destination" path="../../../../../tpthree_cluster349_connection/tpthree_cluster349_sector001_connection/tpthree_zone002_cluster349_sector001_connection/tpthree_gate_c349s001z002_c158s001z003_connection" />
          </connection>
      <!-- cluster setup 159 -->
      <connection name="tpthree_cluster159_connection" ref="clusters">
        <offset>
          <position x="-30000000" y="0" z="-103920000" />
        </offset>
        <macro ref="tpthree_cluster159_macro" connection="galaxy" />
      </connection>
          <!-- gate connection setup 159 -->
          <connection name="tpthree_gate_c159s001z003_c140s001z003" ref="destination" path="../tpthree_cluster159_connection/tpthree_cluster159_sector001_connection/tpthree_zone003_cluster159_sector001_connection/tpthree_gate_c159s001z003_c140s001z003_connection">
            <macro connection="destination" path="../../../../../tpthree_cluster140_connection/tpthree_cluster140_sector001_connection/tpthree_zone003_cluster140_sector001_connection/tpthree_gate_c140s001z003_c159s001z003_connection" />
          </connection>
      <!-- cluster setup 189 -->
      <connection name="tpthree_cluster189_connection" ref="clusters">
        <offset>
          <position x="-15000000" y="0" z="147220000" />
        </offset>
        <macro ref="tpthree_cluster189_macro" connection="galaxy" />
      </connection>
          <!-- gate connection setup 189 -->
      <!-- cluster setup 225 -->
      <connection name="tpthree_cluster225_connection" ref="clusters">
        <offset>
          <position x="15000000" y="0" z="164540000" />
        </offset>
        <macro ref="tpthree_cluster225_macro" connection="galaxy" />
      </connection>
          <!-- gate connection setup 225 -->
          <connection name="tpthree_gate_c225s001z003_c367s001z002" ref="destination" path="../tpthree_cluster225_connection/tpthree_cluster225_sector001_connection/tpthree_zone003_cluster225_sector001_connection/tpthree_gate_c225s001z003_c367s001z002_connection">
            <macro connection="destination" path="../../../../../tpthree_cluster367_connection/tpthree_cluster367_sector001_connection/tpthree_zone002_cluster367_sector001_connection/tpthree_gate_c367s001z002_c225s001z003_connection" />
          </connection>
      <!-- cluster setup 349 -->
      <connection name="tpthree_cluster349_connection" ref="clusters">
        <offset>
          <position x="120000000" y="0" z="-86600000" />
        </offset>
        <macro ref="tpthree_cluster349_macro" connection="galaxy" />
      </connection>
          <!-- gate connection setup 349 -->
          <connection name="tpthree_gate_c349s001z003_c366s001z002" ref="destination" path="../tpthree_cluster349_connection/tpthree_cluster349_sector001_connection/tpthree_zone003_cluster349_sector001_connection/tpthree_gate_c349s001z003_c366s001z002_connection">
            <macro connection="destination" path="../../../../../tpthree_cluster366_connection/tpthree_cluster366_sector001_connection/tpthree_zone002_cluster366_sector001_connection/tpthree_gate_c366s001z002_c349s001z003_connection" />
          </connection>
      <!-- cluster setup 366 -->
      <connection name="tpthree_cluster366_connection" ref="clusters">
        <offset>
          <position x="135000000" y="0" z="-77940000" />
        </offset>
        <macro ref="tpthree_cluster366_macro" connection="galaxy" />
      </connection>
          <!-- gate connection setup 366 -->
          <connection name="tpthree_gate_c366s001z003_c367s001z003" ref="destination" path="../tpthree_cluster366_connection/tpthree_cluster366_sector001_connection/tpthree_zone003_cluster366_sector001_connection/tpthree_gate_c366s001z003_c367s001z003_connection">
            <macro connection="destination" path="../../../../../tpthree_cluster367_connection/tpthree_cluster367_sector001_connection/tpthree_zone003_cluster367_sector001_connection/tpthree_gate_c367s001z003_c366s001z003_connection" />
          </connection>
      <!-- cluster setup 367 -->
      <connection name="tpthree_cluster367_connection" ref="clusters">
        <offset>
          <position x="135000000" y="0" z="-60620000" />
        </offset>
        <macro ref="tpthree_cluster367_macro" connection="galaxy" />
      </connection>
          <!-- gate connection setup 367 -->
      <!-- cluster setup 044 -->
      <connection name="tpthree_cluster044_connection" ref="clusters">
        <offset>
          <position x="-120000000" y="0" z="-69280000" />
        </offset>
        <macro ref="tpthree_cluster044_macro" connection="galaxy" />
      </connection>
          <!-- gate connection setup 044 -->
          <connection name="tpthree_gate_c044s001z002_c062s001z002" ref="destination" path="../tpthree_cluster044_connection/tpthree_cluster044_sector001_connection/tpthree_zone002_cluster044_sector001_connection/tpthree_gate_c044s001z002_c062s001z002_connection">
            <macro connection="destination" path="../../../../../tpthree_cluster062_connection/tpthree_cluster062_sector001_connection/tpthree_zone002_cluster062_sector001_connection/tpthree_gate_c062s001z002_c044s001z002_connection" />
          </connection>
      <!-- cluster setup 060 -->
      <connection name="tpthree_cluster060_connection" ref="clusters">
        <offset>
          <position x="-105000000" y="0" z="-95260000" />
        </offset>
        <macro ref="tpthree_cluster060_macro" connection="galaxy" />
      </connection>
          <!-- gate connection setup 060 -->
          <connection name="tpthree_gate_c060s001z002_c061s001z002" ref="destination" path="../tpthree_cluster060_connection/tpthree_cluster060_sector001_connection/tpthree_zone002_cluster060_sector001_connection/tpthree_gate_c060s001z002_c061s001z002_connection">
            <macro connection="destination" path="../../../../../tpthree_cluster061_connection/tpthree_cluster061_sector001_connection/tpthree_zone002_cluster061_sector001_connection/tpthree_gate_c061s001z002_c060s001z002_connection" />
          </connection>
      <!-- cluster setup 061 -->
      <connection name="tpthree_cluster061_connection" ref="clusters">
        <offset>
          <position x="-105000000" y="0" z="-77940000" />
        </offset>
        <macro ref="tpthree_cluster061_macro" connection="galaxy" />
      </connection>
          <!-- gate connection setup 061 -->
          <connection name="tpthree_gate_c061s001z003_c080s001z003" ref="destination" path="../tpthree_cluster061_connection/tpthree_cluster061_sector001_connection/tpthree_zone003_cluster061_sector001_connection/tpthree_gate_c061s001z003_c080s001z003_connection">
            <macro connection="destination" path="../../../../../tpthree_cluster080_connection/tpthree_cluster080_sector001_connection/tpthree_zone003_cluster080_sector001_connection/tpthree_gate_c080s001z003_c061s001z003_connection" />
          </connection>
      <!-- cluster setup 062 -->
      <connection name="tpthree_cluster062_connection" ref="clusters">
        <offset>
          <position x="-105000000" y="0" z="-60620000" />
        </offset>
        <macro ref="tpthree_cluster062_macro" connection="galaxy" />
      </connection>
          <!-- gate connection setup 062 -->
          <connection name="tpthree_gate_c062s001z003_c061s001z004" ref="destination" path="../tpthree_cluster062_connection/tpthree_cluster062_sector001_connection/tpthree_zone003_cluster062_sector001_connection/tpthree_gate_c062s001z003_c061s001z004_connection">
            <macro connection="destination" path="../../../../../tpthree_cluster061_connection/tpthree_cluster061_sector001_connection/tpthree_zone004_cluster061_sector001_connection/tpthree_gate_c061s001z004_c062s001z003_connection" />
          </connection>
      <!-- cluster setup 079 -->
      <connection name="tpthree_cluster079_connection" ref="clusters">
        <offset>
          <position x="-90000000" y="0" z="-86600000" />
        </offset>
        <macro ref="tpthree_cluster079_macro" connection="galaxy" />
      </connection>
          <!-- gate connection setup 079 -->
          <connection name="tpthree_gate_c079s001z002_c060s001z003" ref="destination" path="../tpthree_cluster079_connection/tpthree_cluster079_sector001_connection/tpthree_zone002_cluster079_sector001_connection/tpthree_gate_c079s001z002_c060s001z003_connection">
            <macro connection="destination" path="../../../../../tpthree_cluster060_connection/tpthree_cluster060_sector001_connection/tpthree_zone003_cluster060_sector001_connection/tpthree_gate_c060s001z003_c079s001z002_connection" />
          </connection>
      <!-- cluster setup 080 -->
      <connection name="tpthree_cluster080_connection" ref="clusters">
        <offset>
          <position x="-90000000" y="0" z="-69280000" />
        </offset>
        <macro ref="tpthree_cluster080_macro" connection="galaxy" />
      </connection>
          <!-- gate connection setup 080 -->
      <!-- cluster setup 220 -->
      <connection name="tpthree_cluster220_connection" ref="clusters">
        <offset>
          <position x="30000000" y="0" z="-121240000" />
        </offset>
        <macro ref="tpthree_cluster220_macro" connection="galaxy" />
      </connection>
          <!-- gate connection setup 220 -->
          <connection name="tpthree_gate_c220s001z002_c260s001z002" ref="destination" path="../tpthree_cluster220_connection/tpthree_cluster220_sector001_connection/tpthree_zone002_cluster220_sector001_connection/tpthree_gate_c220s001z002_c260s001z002_connection">
            <macro connection="destination" path="../../../../../tpthree_cluster260_connection/tpthree_cluster260_sector001_connection/tpthree_zone002_cluster260_sector001_connection/tpthree_gate_c260s001z002_c220s001z002_connection" />
          </connection>
      <!-- cluster setup 221 -->
      <connection name="tpthree_cluster221_connection" ref="clusters">
        <offset>
          <position x="30000000" y="0" z="-103920000" />
        </offset>
        <macro ref="tpthree_cluster221_macro" connection="galaxy" />
      </connection>
          <!-- gate connection setup 221 -->
          <connection name="tpthree_gate_c221s001z002_c241s001z002" ref="destination" path="../tpthree_cluster221_connection/tpthree_cluster221_sector001_connection/tpthree_zone002_cluster221_sector001_connection/tpthree_gate_c221s001z002_c241s001z002_connection">
            <macro connection="destination" path="../../../../../tpthree_cluster241_connection/tpthree_cluster241_sector001_connection/tpthree_zone002_cluster241_sector001_connection/tpthree_gate_c241s001z002_c221s001z002_connection" />
          </connection>
      <!-- cluster setup 240 -->
      <connection name="tpthree_cluster240_connection" ref="clusters">
        <offset>
          <position x="45000000" y="0" z="-112580000" />
        </offset>
        <macro ref="tpthree_cluster240_macro" connection="galaxy" />
      </connection>
          <!-- gate connection setup 240 -->
          <connection name="tpthree_gate_c240s001z002_c241s001z003" ref="destination" path="../tpthree_cluster240_connection/tpthree_cluster240_sector001_connection/tpthree_zone002_cluster240_sector001_connection/tpthree_gate_c240s001z002_c241s001z003_connection">
            <macro connection="destination" path="../../../../../tpthree_cluster241_connection/tpthree_cluster241_sector001_connection/tpthree_zone003_cluster241_sector001_connection/tpthree_gate_c241s001z003_c240s001z002_connection" />
          </connection>
      <!-- cluster setup 241 -->
      <connection name="tpthree_cluster241_connection" ref="clusters">
        <offset>
          <position x="45000000" y="0" z="-95260000" />
        </offset>
        <macro ref="tpthree_cluster241_macro" connection="galaxy" />
      </connection>
          <!-- gate connection setup 241 -->
          <connection name="tpthree_gate_c241s001z004_c262s001z002" ref="destination" path="../tpthree_cluster241_connection/tpthree_cluster241_sector001_connection/tpthree_zone004_cluster241_sector001_connection/tpthree_gate_c241s001z004_c262s001z002_connection">
            <macro connection="destination" path="../../../../../tpthree_cluster262_connection/tpthree_cluster262_sector001_connection/tpthree_zone002_cluster262_sector001_connection/tpthree_gate_c262s001z002_c241s001z004_connection" />
          </connection>
      <!-- cluster setup 260 -->
      <connection name="tpthree_cluster260_connection" ref="clusters">
        <offset>
          <position x="60000000" y="0" z="-121240000" />
        </offset>
        <macro ref="tpthree_cluster260_macro" connection="galaxy" />
      </connection>
          <!-- gate connection setup 260 -->
          <connection name="tpthree_gate_c260s001z003_c261s001z002" ref="destination" path="../tpthree_cluster260_connection/tpthree_cluster260_sector001_connection/tpthree_zone003_cluster260_sector001_connection/tpthree_gate_c260s001z003_c261s001z002_connection">
            <macro connection="destination" path="../../../../../tpthree_cluster261_connection/tpthree_cluster261_sector001_connection/tpthree_zone002_cluster261_sector001_connection/tpthree_gate_c261s001z002_c260s001z003_connection" />
          </connection>
      <!-- cluster setup 261 -->
      <connection name="tpthree_cluster261_connection" ref="clusters">
        <offset>
          <position x="60000000" y="0" z="-103920000" />
        </offset>
        <macro ref="tpthree_cluster261_macro" connection="galaxy" />
      </connection>
          <!-- gate connection setup 261 -->
          <connection name="tpthree_gate_c261s001z003_c240s001z003" ref="destination" path="../tpthree_cluster261_connection/tpthree_cluster261_sector001_connection/tpthree_zone003_cluster261_sector001_connection/tpthree_gate_c261s001z003_c240s001z003_connection">
            <macro connection="destination" path="../../../../../tpthree_cluster240_connection/tpthree_cluster240_sector001_connection/tpthree_zone003_cluster240_sector001_connection/tpthree_gate_c240s001z003_c261s001z003_connection" />
          </connection>
      <!-- cluster setup 262 -->
      <connection name="tpthree_cluster262_connection" ref="clusters">
        <offset>
          <position x="60000000" y="0" z="-86600000" />
        </offset>
        <macro ref="tpthree_cluster262_macro" connection="galaxy" />
      </connection>
          <!-- gate connection setup 262 -->
          <connection name="tpthree_gate_c262s001z003_c281s001z002" ref="destination" path="../tpthree_cluster262_connection/tpthree_cluster262_sector001_connection/tpthree_zone003_cluster262_sector001_connection/tpthree_gate_c262s001z003_c281s001z002_connection">
            <macro connection="destination" path="../../../../../tpthree_cluster281_connection/tpthree_cluster281_sector001_connection/tpthree_zone002_cluster281_sector001_connection/tpthree_gate_c281s001z002_c262s001z003_connection" />
          </connection>
      <!-- cluster setup 273 -->
      <connection name="tpthree_cluster273_connection" ref="clusters">
        <offset>
          <position x="60000000" y="0" z="103920000" />
        </offset>
        <macro ref="tpthree_cluster273_macro" connection="galaxy" />
      </connection>
          <!-- gate connection setup 273 -->
      <!-- cluster setup 281 -->
      <connection name="tpthree_cluster281_connection" ref="clusters">
        <offset>
          <position x="75000000" y="0" z="-95260000" />
        </offset>
        <macro ref="tpthree_cluster281_macro" connection="galaxy" />
      </connection>
          <!-- gate connection setup 281 -->
          <connection name="tpthree_gate_c281s001z003_c349s001z004" ref="destination" path="../tpthree_cluster281_connection/tpthree_cluster281_sector001_connection/tpthree_zone003_cluster281_sector001_connection/tpthree_gate_c281s001z003_c349s001z004_connection">
            <macro connection="destination" path="../../../../../tpthree_cluster349_connection/tpthree_cluster349_sector001_connection/tpthree_zone004_cluster349_sector001_connection/tpthree_gate_c349s001z004_c281s001z003_connection" />
          </connection>
      <!-- cluster setup 290 -->
      <connection name="tpthree_cluster290_connection" ref="clusters">
        <offset>
          <position x="75000000" y="0" z="77940000" />
        </offset>
        <macro ref="tpthree_cluster290_macro" connection="galaxy" />
      </connection>
          <!-- gate connection setup 290 -->
          <connection name="tpthree_gate_c290s001z002_c291s001z002" ref="destination" path="../tpthree_cluster290_connection/tpthree_cluster290_sector001_connection/tpthree_zone002_cluster290_sector001_connection/tpthree_gate_c290s001z002_c291s001z002_connection">
            <macro connection="destination" path="../../../../../tpthree_cluster291_connection/tpthree_cluster291_sector001_connection/tpthree_zone002_cluster291_sector001_connection/tpthree_gate_c291s001z002_c290s001z002_connection" />
          </connection>
      <!-- cluster setup 291 -->
      <connection name="tpthree_cluster291_connection" ref="clusters">
        <offset>
          <position x="75000000" y="0" z="95260000" />
        </offset>
        <macro ref="tpthree_cluster291_macro" connection="galaxy" />
      </connection>
          <!-- gate connection setup 291 -->
          <connection name="tpthree_gate_c291s001z003_c311s001z003" ref="destination" path="../tpthree_cluster291_connection/tpthree_cluster291_sector001_connection/tpthree_zone003_cluster291_sector001_connection/tpthree_gate_c291s001z003_c311s001z003_connection">
            <macro connection="destination" path="../../../../../tpthree_cluster311_connection/tpthree_cluster311_sector001_connection/tpthree_zone003_cluster311_sector001_connection/tpthree_gate_c311s001z003_c291s001z003_connection" />
          </connection>
      <!-- cluster setup 292 -->
      <connection name="tpthree_cluster292_connection" ref="clusters">
        <offset>
          <position x="75000000" y="0" z="112580000" />
        </offset>
        <macro ref="tpthree_cluster292_macro" connection="galaxy" />
      </connection>
          <!-- gate connection setup 292 -->
          <connection name="tpthree_gate_c292s001z002_c273s001z002" ref="destination" path="../tpthree_cluster292_connection/tpthree_cluster292_sector001_connection/tpthree_zone002_cluster292_sector001_connection/tpthree_gate_c292s001z002_c273s001z002_connection">
            <macro connection="destination" path="../../../../../tpthree_cluster273_connection/tpthree_cluster273_sector001_connection/tpthree_zone002_cluster273_sector001_connection/tpthree_gate_c273s001z002_c292s001z002_connection" />
          </connection>
      <!-- cluster setup 311 -->
      <connection name="tpthree_cluster311_connection" ref="clusters">
        <offset>
          <position x="90000000" y="0" z="86600000" />
        </offset>
        <macro ref="tpthree_cluster311_macro" connection="galaxy" />
      </connection>
          <!-- gate connection setup 311 -->
          <connection name="tpthree_gate_c311s001z004_c312s001z002" ref="destination" path="../tpthree_cluster311_connection/tpthree_cluster311_sector001_connection/tpthree_zone004_cluster311_sector001_connection/tpthree_gate_c311s001z004_c312s001z002_connection">
            <macro connection="destination" path="../../../../../tpthree_cluster312_connection/tpthree_cluster312_sector001_connection/tpthree_zone002_cluster312_sector001_connection/tpthree_gate_c312s001z002_c311s001z004_connection" />
          </connection>
      <!-- cluster setup 312 -->
      <connection name="tpthree_cluster312_connection" ref="clusters">
        <offset>
          <position x="90000000" y="0" z="103920000" />
        </offset>
        <macro ref="tpthree_cluster312_macro" connection="galaxy" />
      </connection>
          <!-- gate connection setup 312 -->
          <connection name="tpthree_gate_c312s001z003_c292s001z003" ref="destination" path="../tpthree_cluster312_connection/tpthree_cluster312_sector001_connection/tpthree_zone003_cluster312_sector001_connection/tpthree_gate_c312s001z003_c292s001z003_connection">
            <macro connection="destination" path="../../../../../tpthree_cluster292_connection/tpthree_cluster292_sector001_connection/tpthree_zone003_cluster292_sector001_connection/tpthree_gate_c292s001z003_c312s001z003_connection" />
          </connection>
      <!-- cluster setup 330 -->
      <connection name="tpthree_cluster330_connection" ref="clusters">
        <offset>
          <position x="105000000" y="0" z="95260000" />
        </offset>
        <macro ref="tpthree_cluster330_macro" connection="galaxy" />
      </connection>
          <!-- gate connection setup 330 -->
          <connection name="tpthree_gate_c330s001z002_c312s001z004" ref="destination" path="../tpthree_cluster330_connection/tpthree_cluster330_sector001_connection/tpthree_zone002_cluster330_sector001_connection/tpthree_gate_c330s001z002_c312s001z004_connection">
            <macro connection="destination" path="../../../../../tpthree_cluster312_connection/tpthree_cluster312_sector001_connection/tpthree_zone004_cluster312_sector001_connection/tpthree_gate_c312s001z004_c330s001z002_connection" />
          </connection>


    </add>
</diff>

