<?xml version="1.0" encoding="utf-8" ?>
<diff>
    <add sel="/index">
        <!-- HYPATIA -->
        <entry name="tpwar_hypatia_comp" value="extensions\TeleportationShips\ships\tpwar_hypatia_comp" />
        <!-- GREBE -->
        <entry name="tpwar_grebe_comp" value="extensions\TeleportationShips\ships\tpwar_grebe_comp" />
        <!-- KILLDEER -->
        <entry name="tpwar_killdeer_comp" value="extensions\TeleportationShips\ships\tpwar_killdeer_comp" />
        <!-- FOXTAIL -->
        <entry name="tpwar_foxtail_comp" value="extensions\TeleportationShips\ships\tpwar_foxtail_comp" />
        <!-- FINDBROKER -->
        <entry name="tpwar_findbroker_comp" value="extensions\TeleportationShips\ships\tpwar_findbroker_comp" />
        <entry name="tpwar_findbroker_hull_comp" value="extensions\TeleportationShips\ships\tpwar_findbroker_hull_comp" />
        <!-- JATU -->
        <entry name="tpwar_jatu_comp" value="extensions\TeleportationShips\ships\tpwar_jatu_comp" />
        <entry name="tpwar_jatu_hull_comp_one" value="extensions\TeleportationShips\ships\tpwar_jatu_hull_comp_one" />
        <entry name="tpwar_jatu_hull_comp_two" value="extensions\TeleportationShips\ships\tpwar_jatu_hull_comp_two" />
   
        <!-- EXIA -->
        <entry name="tpwar_exia_comp" value="extensions\TeleportationShips\ships\tpwar_exia_comp" />
        <!-- BELLFLOWER -->
        <entry name="tpwar_bellflower_comp" value="extensions\TeleportationShips\ships\tpwar_bellflower_comp" />
        <!-- PUGNAX -->
        <entry name="tpwar_pugnax_comp" value="extensions\TeleportationShips\ships\tpwar_pugnax_comp" />
        <!-- KASPER -->
        <entry name="tpwar_kasper_comp" value="extensions\TeleportationShips\ships\tpwar_kasper_comp" />
        <!-- PHILODENDRON -->
        <entry name="tpwar_philodendron_comp" value="extensions\TeleportationShips\ships\tpwar_philodendron_comp" />
        <!-- EPIPHANIUS -->
        <entry name="tpwar_epiphanius_comp" value="extensions\TeleportationShips\ships\tpwar_epiphanius_comp" />
        <!-- SURENDRA -->
        <entry name="tpwar_surendra_comp" value="extensions\TeleportationShips\ships\tpwar_surendra_comp" />
        <!-- ASIATICA -->
        <entry name="tpwar_asiatica_comp" value="extensions\TeleportationShips\ships\tpwar_asiatica_comp" />
        <!-- LX -->
        <entry name="tpwar_lx_comp" value="extensions\TeleportationShips\ships\tpwar_lx_comp" />
        <entry name="tpwar_lx_eng_comp" value="extensions\TeleportationShips\ships\tpwar_lx_eng_comp" />
        <!-- ASIATICA -->
        <entry name="tpwar_terraformer_comp" value="extensions\TeleportationShips\ships\tpwar_terraformer_comp" />
    </add>
</diff>