<?xml version="1.0" encoding="utf-8" ?>
<diff>
    <add sel="/index">
        <!-- HYPATIA -->
        <entry name="tpwar_hypatia_macro" value="extensions\TeleportationShips\ships\tpwar_hypatia_macro" />
        <entry name="tpwar_hypatia_storage" value="extensions\TeleportationShips\ships\tpwar_hypatia_storage" />
        <entry name="tpwar_hypatia_shipstorage" value="extensions\TeleportationShips\ships\tpwar_hypatia_shipstorage" />
        <!-- GREBE -->
        <entry name="tpwar_grebe_macro" value="extensions\TeleportationShips\ships\tpwar_grebe_macro" />
        <entry name="tpwar_grebe_storage" value="extensions\TeleportationShips\ships\tpwar_grebe_storage" />
        <entry name="tpwar_grebe_shipstorage" value="extensions\TeleportationShips\ships\tpwar_grebe_shipstorage" />
        <!-- KILLDEER -->
        <entry name="tpwar_killdeer_macro" value="extensions\TeleportationShips\ships\tpwar_killdeer_macro" />
        <entry name="tpwar_killdeer_storage" value="extensions\TeleportationShips\ships\tpwar_killdeer_storage" />
        <!-- FOXTAIL -->
        <entry name="tpwar_foxtail_macro" value="extensions\TeleportationShips\ships\tpwar_foxtail_macro" />
        <entry name="tpwar_foxtail_storage" value="extensions\TeleportationShips\ships\tpwar_foxtail_storage" />
        <!-- FINDBROKER -->
        <entry name="tpwar_findbroker_macro" value="extensions\TeleportationShips\ships\tpwar_findbroker_macro" />
        <entry name="tpwar_findbroker_storage" value="extensions\TeleportationShips\ships\tpwar_findbroker_storage" />
        <entry name="tpwar_findbroker_shipstorage" value="extensions\TeleportationShips\ships\tpwar_findbroker_shipstorage" />
        <entry name="tpwar_findbroker_shipstorage_m" value="extensions\TeleportationShips\ships\tpwar_findbroker_shipstorage_m" />
        <entry name="tpwar_findbroker_hull_macro" value="extensions\TeleportationShips\ships\tpwar_findbroker_hull_macro" />
        <!-- JATU -->
        <entry name="tpwar_jatu_macro" value="extensions\TeleportationShips\ships\tpwar_jatu_macro" />
        <entry name="tpwar_jatu_storage" value="extensions\TeleportationShips\ships\tpwar_jatu_storage" />
        <entry name="tpwar_jatu_shipstorage" value="extensions\TeleportationShips\ships\tpwar_jatu_shipstorage" />
        <entry name="tpwar_jatu_hull_macro_one" value="extensions\TeleportationShips\ships\tpwar_jatu_hull_macro_one" />
        <entry name="tpwar_jatu_hull_macro_two" value="extensions\TeleportationShips\ships\tpwar_jatu_hull_macro_two" />
        <!-- EXIA -->
        <entry name="tpwar_exia_macro" value="extensions\TeleportationShips\ships\tpwar_exia_macro" />
        <entry name="tpwar_exia_storage" value="extensions\TeleportationShips\ships\tpwar_exia_storage" />
        <!-- BELLFLOWER -->
        <entry name="tpwar_bellflower_macro" value="extensions\TeleportationShips\ships\tpwar_bellflower_macro" />
        <entry name="tpwar_bellflower_storage" value="extensions\TeleportationShips\ships\tpwar_bellflower_storage" />
        <entry name="tpwar_bellflower_shipstorage" value="extensions\TeleportationShips\ships\tpwar_bellflower_shipstorage" />
        <!-- PUGNAX -->
        <entry name="tpwar_pugnax_macro" value="extensions\TeleportationShips\ships\tpwar_pugnax_macro" />
        <entry name="tpwar_pugnax_storage" value="extensions\TeleportationShips\ships\tpwar_pugnax_storage" />
        <!-- KASPER -->
        <entry name="tpwar_kasper_macro" value="extensions\TeleportationShips\ships\tpwar_kasper_macro" />
        <entry name="tpwar_kasper_storage" value="extensions\TeleportationShips\ships\tpwar_kasper_storage" />
        <!-- PHILODENDRON -->
        <entry name="tpwar_philodendron_macro" value="extensions\TeleportationShips\ships\tpwar_philodendron_macro" />
        <entry name="tpwar_philodendron_storage" value="extensions\TeleportationShips\ships\tpwar_philodendron_storage" />
        <entry name="tpwar_philodendron_shipstorage" value="extensions\TeleportationShips\ships\tpwar_philodendron_shipstorage" />
        <!-- EPIPHANIUS -->
        <entry name="tpwar_epiphanius_macro" value="extensions\TeleportationShips\ships\tpwar_epiphanius_macro" />
        <entry name="tpwar_epiphanius_storage" value="extensions\TeleportationShips\ships\tpwar_epiphanius_storage" />
        <entry name="tpwar_epiphanius_shipstorage" value="extensions\TeleportationShips\ships\tpwar_epiphanius_shipstorage" />
        <!-- SURENDRA -->
        <entry name="tpwar_surendra_macro" value="extensions\TeleportationShips\ships\tpwar_surendra_macro" />
        <entry name="tpwar_surendra_storage" value="extensions\TeleportationShips\ships\tpwar_surendra_storage" />
        <entry name="tpwar_surendra_shipstorage" value="extensions\TeleportationShips\ships\tpwar_surendra_shipstorage" />
        <!-- ASIATICA -->
        <entry name="tpwar_asiatica_macro" value="extensions\TeleportationShips\ships\tpwar_asiatica_macro" />
        <entry name="tpwar_asiatica_storage" value="extensions\TeleportationShips\ships\tpwar_asiatica_storage" />
        <entry name="tpwar_asiatica_shipstorage" value="extensions\TeleportationShips\ships\tpwar_asiatica_shipstorage" />
        <!-- LX -->
        <entry name="tpwar_lx_macro" value="extensions\TeleportationShips\ships\tpwar_lx_macro" />
        <entry name="tpwar_lx_eng_macro" value="extensions\TeleportationShips\ships\tpwar_lx_eng_macro" />
        <!-- TERRAFORMER -->
        <entry name="tpwar_terraformer_macro" value="extensions\TeleportationShips\ships\tpwar_terraformer_macro" />
        <entry name="tpwar_terraformer_storage" value="extensions\TeleportationShips\ships\tpwar_terraformer_storage" />
        <entry name="tpwar_terraformer_shipstorage" value="extensions\TeleportationShips\ships\tpwar_terraformer_shipstorage" />
        <entry name="tpwar_terraformer_shipstorage_m" value="extensions\TeleportationShips\ships\tpwar_terraformer_shipstorage_m" />
        
       
    </add>
</diff>