<?xml version="1.0" encoding="utf-8"?>
<mdscript name="E_Warp_Test" xmlns:xsi="http://www.w3.org/2001/XMLSchema-instance" xsi:noNamespaceSchemaLocation="E:/Mod Stuff/X4 Extracted/2.0beta/libraries/md.xsd">
    <cues>
        <cue name="E_Warp_Test_Start" checkinterval="5min" instantiate="true">
            <actions>
                <find_ship groupname="$E_Jump_Ships" space="player.galaxy" multiple="true" owner="faction.player" shiptype="shiptype.carrier">
                    <match_loadout wares="[ware.software_tpwar_ejumpdrive]"/>
                </find_ship>
            </actions>
<!-- SCRIPT MAY BE HEAVY WHEN MANY OBJECTS ARE ATTACKING -->
            <cues>
                <cue name="Jump_Ship_List_Check_Loop">
                    <delay exact="2ms"/>
                    <actions>
                        <do_if value="$E_Jump_Ships.count">
                                    <signal_cue_instantly cue="Jump_Ship_List_Check_Search" param="$E_Jump_Ships.{1}"/>
                                    <remove_from_group group="$E_Jump_Ships" object="$E_Jump_Ships.{1}"/>
                                    <reset_cue cue="this"/>
                        </do_if>
                        <do_else>
                            <remove_value name="$E_Jump_Ships"/>
                        </do_else>
                    </actions>
                </cue>

                <cue name="Jump_Ship_List_Check_Search" instantiate="true" namespace="this">
                    <conditions>
                        <event_cue_signalled/>
                    </conditions>
                    <actions>
                        <set_value name="$E_Jump_ShipSelected" exact="event.param"/>
                    </actions>


                    <cues>
                        <cue name="Warp_Test_Go" instantiate="true">
                            <conditions>
                                <event_object_attacked object="$E_Jump_ShipSelected"/>
                                <check_value value="$E_Jump_ShipSelected.hullpercentage le 98" />
                            </conditions>
                            <actions>
                                <find_object groupname="$Jump_Beacons" space="player.galaxy" multiple="true" macro="macro.test_jump_beacon_t1_macro"/>
                                <set_value name="$FieldCoils" exact="$E_Jump_ShipSelected.cargo.{ware.fieldcoils}.count"/>
                                                    
                                <do_all exact="1"> 
                                    <set_value name="$Jump_BeaconRandom" exact="$Jump_Beacons.random"/>
                                </do_all>
                                <do_if value="$Jump_BeaconRandom.exists">
                                    <do_if value="$FieldCoils ge 100">
                                        <remove_cargo object="$E_Jump_ShipSelected" ware="ware.fieldcoils" exact="100"/>
                                        <warp object="$E_Jump_ShipSelected" zone="$Jump_BeaconRandom.zone">
                                            <safepos object="$Jump_BeaconRandom" min="1km" max="10km"/>
                                        </warp>
                                    </do_if> 
                                </do_if>    
                            </actions>
                        </cue>
                    </cues>   
                </cue>
            </cues>           
        </cue>
    </cues>                    
</mdscript>                                      


<!-- <macro name="ware_antimattercells_macro" class="object"> -->
<!-- <check_value value="$TargetShip.hullpercentage le $TargetHullPercent" />
 <param name="TargetHullPercent"     default="75" -->