<?xml version="1.0" encoding="utf-8"?>
<!--
Script used by ships (excluding drones) to collect crates/objects in a radius around a specified point in space.
-->
<aiscript name="order.collect.galaxy" xmlns:xsi="http://www.w3.org/2001/XMLSchema-instance" xsi:noNamespaceSchemaLocation="aiscripts.xsd">
  <order id="CollectDropsEverywhere" name="Collect All Drops" description="Constantly searches galaxy for loot" category="trade">
	<params>
	  <param name="debugchance" type="bool" default="0" advanced="true" text="{1041, 10086}" comment="Print debug output">
		<input_param name="truevalue" value="100"/>
	  </param>
	</params>
	<requires>
	  <match shiptype="shiptype.lasertower" negate="true"/>
	</requires>
  </order>
  <interrupts>
	<handler ref="SectorChangeHandler"/>
	<handler ref="AttackHandler" />
	<handler ref="MissileLockHandler" />
	<handler ref="ScannedHandler" />
	<handler ref="InspectedHandler"/>
	<handler ref="FoundAbandonedHandler"/>
	<handler ref="FoundLockboxHandler"/>
  </interrupts>
  <attention min="unknown">
	<actions>
	  <label name="start"/>
	  <set_value name="$ship" exact="this.assignedcontrolled" />
		<set_value name="$lootsector" exact="this.assignedcontrolled.sector" />
		<set_value name="$lootzone" exact="this.assignedcontrolled.zone" />
		<create_position name="$zeropos" x="0" y="0" z="0" />

		<do_if value="not this.assignedcontrolled.isclass.ship">
			<debug_text text="this.assignedcontrolled.knownname + ' is not a valid ship class for this script'"/>
			<return value="false"/>
		</do_if>

		<find_object groupname="$targetgroup" class="class.drop" canbepickedup="true" checkoperational="true" space="this.zone" multiple="true">
			<match class="class.collectableammo" negate="true" />
		</find_object>
		<do_if value="not @$targetgroup.count and $lootzone.adjacentzones.count gt 0">
			<set_value name="$adjacentzone" exact="$lootzone.adjacentzones.random" />
			<!--<write_to_logbook category="upkeep" title="'scavs'" text="'no targets I, moving to ' +$adjacentzone.name"/>-->
			<run_script name="'move.generic'">
				<param name="destination" value="$adjacentzone"/>
				<param name="position" value="$zeropos"/>
				<param name="debugchance" value="$debugchance"/>
			</run_script>
			<debug_text text="'target group is empty.'" chance="$debugchance"/>
		</do_if>
		
		<find_object groupname="$targetgroup" class="class.drop" canbepickedup="true" space="this.sector" multiple="true" checkoperational="true">
			<match class="class.collectableammo" negate="true" />
		</find_object>
			
		<do_if value="not @$targetgroup.count" chance="50">
			<find_object groupname="$adjacentexits" class="class.gate" checkoperational="true" space="this.sector" multiple="true" />
		
			<do_if value="$adjacentexits.count gt 0" >
				  
				<set_value name="$nextlootingsector" exact="$adjacentexits.random.destination"/>
				<!--<write_to_logbook category="upkeep" title="'scavs'" text="'No targets II, moving to ' +$nextlootingsector.sector.knownname +' 1 of '+$adjacentexits.count"/>-->
				<!--<show_notification text=" Moving to ' +$nextlootingsector.knownname ' from '+$ship.sector.knownname" timeout="3s" priority="8"/>-->
				<run_script name="'move.generic'">
					<param name="destination" value="$nextlootingsector"/>
					<param name="position" value="$zeropos"/>
					<param name="debugchance" value="$debugchance"/>
				</run_script>
				<debug_text text="'target group is empty.'" chance="$debugchance"/>
		</do_if>
	  </do_if>

	  <label name="collect"/>
	  <do_if value="@$targetgroup.count">
	  	<!--<write_to_logbook category="upkeep" title="'scavs'" text="'loot found!!!!' + $targetgroup.{1}.knownname + ' in ' + $ship.sector.knownname"/>-->
		
		<create_group groupname="$filteredtargets" />
		<do_all exact="$targetgroup.count" counter="$target_i">
			<do_if value="not $targetgroup.{$target_i}.ismission and $targetgroup.{$target_i}.isoperational and $targetgroup.{$target_i}.exists">
				<add_to_group groupname="$filteredtargets" object="$targetgroup.{$target_i}" />
			</do_if>
		</do_all>
		
		<do_if value="$filteredtargets.count gt 0">
			<set_value name="$cratesbefore" exact="$filteredtargets.count" />
			<do_if value="this.assignedcontrolled.isclass.[class.ship_l, class.ship_xl]">
			  <run_script name="'move.collect.ship.capship'">
				<param name="targets" value="$filteredtargets"/>
				<param name="debugchance" value="$debugchance"/>
			  </run_script>
			</do_if>
			<do_else>
			  <run_script name="'move.collect.ship.smallship'">
				<param name="targets" value="$filteredtargets"/>
				<param name="debugchance" value="$debugchance"/>
			  </run_script>
			</do_else>
			<!--<write_to_logbook category="upkeep" title="'scavs'" text="'Collected ' +$cratesbefore-$filteredtargets.count +' of ' + $cratesbefore + ' loose crates in '+ this.assignedcontrolled.sector.knownname"/>-->
		</do_if>

		<wait min="1s" max="2s"/>
	  </do_if>
	  <do_else>
		<debug_text text="'no targets to collect: group %1'.[$targetgroup]" chance="$debugchance"/>
	  </do_else>

	  <label name="finish"/>

	</actions>
  </attention>
</aiscript>