﻿<?xml version="1.0" encoding="utf-8"?>
<!--Made using Mjs Mod Assistant-->
<macros>
  <macro name="pasta_sauce_macro" class="production">
    <component ref="pasta_sauce_comp" />
    <properties>
      <identification name="" shortname="" description="" />
      <build>
        <sets>
          <set ref="factory" />
          <set ref="headquarters_player" />
        </sets>
      </build>
      <explosiondamage value="1" />
      <hull max="100" />
      <secrecy level="2" />
      <production wares="pasta_sauce_ware">
        <queue ware="pasta_sauce_ware" method="pasta_sauce_ware" />
      </production>
      <workforce max="" />
    </properties>
  </macro>
</macros>