<?xml version="1.0" ?>
<components xmlns:xsi="http://www.w3.org/2001/XMLSchema-instance" xsi:noNamespaceSchemaLocation="C:/Users/alby/Desktop/macroxsd/x4_component.xsd">
	<component name="tpwar_findbroker_comp" class="ship_m">
		<source geometry="assets\units\size_m\ship_arg_m_frigate_01_data" />
		<layers>
			<layer>
				<waypoints />
				<lights>
					<arealight name="XU AreaLight019" areax="0" areay="1" radius="0" r="162" g="234" b="255" lighteffect="1" range="6" spotattenuation="0.75" specularintensity="1" trigger="1" intensity="4">
						<lightanimations />
						<offset>
							<position x="-0.5985855" y="25.4791" z="-35.06492" />
							<quaternion qx="-0" qy="-0" qz="0.1736482" qw="-0.9848078" />
						</offset>
					</arealight>
					<arealight name="XU AreaLight020" areax="0" areay="1" radius="0" r="162" g="234" b="255" lighteffect="1" range="6" spotattenuation="0.75" specularintensity="1" trigger="1" intensity="4">
						<lightanimations />
						<offset>
							<position x="0.5717259" y="25.4791" z="-35.06492" />
							<quaternion qx="-0" qy="-0" qz="-0.1736482" qw="-0.9848078" />
						</offset>
					</arealight>
					<arealight name="XU AreaLight021" areax="0" areay="1" radius="0" r="255" g="0" b="0" lighteffect="1" range="1.8" spotattenuation="0.5" specularintensity="1" trigger="1" intensity="0.2">
						<lightanimations />
						<offset>
							<position x="0.496481" y="23.4587" z="-32.55487" />
							<quaternion qx="-0" qy="-0" qz="0.1736482" qw="-0.9848078" />
						</offset>
					</arealight>
					<arealight name="XU AreaLight022" areax="0" areay="1" radius="0" r="255" g="0" b="0" lighteffect="1" range="1.8" spotattenuation="0.5" specularintensity="1" trigger="1" intensity="0.2">
						<lightanimations />
						<offset>
							<position x="-0.4558748" y="23.4587" z="-32.55487" />
							<quaternion qx="-0" qy="-0" qz="-0.1736482" qw="-0.9848078" />
						</offset>
					</arealight>
					<omni name="XU Omni01" shadow="0" r="255" g="171" b="96" range="2.3" shadowrange="2.3" lighteffect="1" trigger="1" intensity="0.8" specularintensity="1">
						<lightanimations />
						<offset>
							<position x="0" y="-18.18716" z="31.76756" />
						</offset>
					</omni>
					<omni name="XU Omni002" shadow="0" r="255" g="171" b="96" range="0.15" shadowrange="0.15" lighteffect="1" trigger="1" intensity="20" specularintensity="1">
						<lightanimations />
						<offset>
							<position x="1.316338" y="-17.52811" z="30.93185" />
						</offset>
					</omni>
					<omni name="XU Omni003" shadow="0" r="255" g="171" b="96" range="0.15" shadowrange="0.15" lighteffect="1" trigger="1" intensity="20" specularintensity="1">
						<lightanimations />
						<offset>
							<position x="1.316338" y="-17.52811" z="33.11485" />
						</offset>
					</omni>
					<omni name="XU Omni004" shadow="0" r="255" g="171" b="96" range="0.15" shadowrange="0.15" lighteffect="1" trigger="1" intensity="20" specularintensity="1">
						<lightanimations />
						<offset>
							<position x="-1.318932" y="-17.52811" z="33.11485" />
						</offset>
					</omni>
					<omni name="XU Omni005" shadow="0" r="255" g="171" b="96" range="0.15" shadowrange="0.15" lighteffect="1" trigger="1" intensity="20" specularintensity="1">
						<lightanimations />
						<offset>
							<position x="-1.318932" y="-17.52811" z="30.93185" />
						</offset>
					</omni>
					<omni name="XU Omni006" shadow="0" r="255" g="171" b="96" range="1.3" shadowrange="1.3" lighteffect="1" trigger="1" intensity="1" specularintensity="1">
						<lightanimations />
						<offset>
							<position x="1.316338" y="-17.86164" z="30.93185" />
						</offset>
					</omni>
					<omni name="XU Omni007" shadow="0" r="255" g="171" b="96" range="1.3" shadowrange="1.3" lighteffect="1" trigger="1" intensity="1" specularintensity="1">
						<lightanimations />
						<offset>
							<position x="1.316338" y="-17.86164" z="33.10636" />
						</offset>
					</omni>
					<omni name="XU Omni008" shadow="0" r="255" g="171" b="96" range="1.3" shadowrange="1.3" lighteffect="1" trigger="1" intensity="1" specularintensity="1">
						<lightanimations />
						<offset>
							<position x="-1.313571" y="-17.86164" z="33.10636" />
						</offset>
					</omni>
					<omni name="XU Omni009" shadow="0" r="255" g="171" b="96" range="1.3" shadowrange="1.3" lighteffect="1" trigger="1" intensity="1" specularintensity="1">
						<lightanimations />
						<offset>
							<position x="-1.313571" y="-17.86164" z="30.93185" />
						</offset>
					</omni>
					<omni name="XU Omni010" shadow="0" r="96" g="219" b="255" range="2.1" shadowrange="2.1" lighteffect="1" trigger="1" intensity="0.8" specularintensity="1">
						<lightanimations />
						<offset>
							<position x="1.954663" y="24.41044" z="-34.62051" />
						</offset>
					</omni>
					<omni name="XU Omni011" shadow="0" r="96" g="219" b="255" range="2.1" shadowrange="2.1" lighteffect="1" trigger="1" intensity="0.8" specularintensity="1">
						<lightanimations />
						<offset>
							<position x="-1.810726" y="24.41044" z="-34.62051" />
						</offset>
					</omni>
					<arealight name="XU AreaLight025" areax="0" areay="1" radius="0" r="255" g="0" b="0" lighteffect="1" range="2" spotattenuation="0.5" specularintensity="1" trigger="1" intensity="0.05">
						<lightanimations />
						<offset>
							<position x="1.736595" y="23.26043" z="-30.70573" />
							<quaternion qx="-0.2418448" qy="0.664463" qz="0.2418448" qw="-0.664463" />
						</offset>
					</arealight>
					<arealight name="XU AreaLight026" areax="0" areay="1" radius="0" r="255" g="0" b="0" lighteffect="1" range="2" spotattenuation="0.5" specularintensity="1" trigger="1" intensity="0.05">
						<lightanimations />
						<offset>
							<position x="-1.750448" y="23.26043" z="-30.70573" />
							<quaternion qx="-0.2418448" qy="0.664463" qz="0.2418448" qw="-0.664463" />
						</offset>
					</arealight>
					<omni name="XU Omni27" shadow="0" r="210" g="234" b="255" range="4.7" shadowrange="4.7" lighteffect="1" lenseffect="modelight" trigger="1" intensity="1.25" specularintensity="1">
						<lightanimations />
						<offset>
							<position x="-4.715264E-02" y="24.35288" z="-32.20953" />
						</offset>
					</omni>
					<spot name="XU Spot01" angle="95.5" gradientindex="5" range="7.3" r="255" g="190" b="120" lighteffect="1" trigger="1" intensity="0.4999999" specularintensity="1">
						<lightanimations />
						<offset>
							<position x="1.42632" y="-17.36198" z="33.14031" />
							<quaternion qx="-0" qy="-0" qz="-6.540324E-02" qw="-0.9978589" />
						</offset>
					</spot>
					<spot name="XU Spot002" angle="95.5" gradientindex="5" range="7.3" r="255" g="190" b="120" lighteffect="1" trigger="1" intensity="0.4999999" specularintensity="1">
						<lightanimations />
						<offset>
							<position x="1.42632" y="-17.36198" z="30.89092" />
							<quaternion qx="-0" qy="-0" qz="-6.540324E-02" qw="-0.9978589" />
						</offset>
					</spot>
					<spot name="XU Spot003" angle="95.5" gradientindex="5" range="7.3" r="255" g="190" b="120" lighteffect="1" trigger="1" intensity="0.4999999" specularintensity="1">
						<lightanimations />
						<offset>
							<position x="-1.352237" y="-17.36198" z="33.14031" />
							<quaternion qx="-0" qy="-0" qz="6.540314E-02" qw="-0.9978589" />
						</offset>
					</spot>
					<spot name="XU Spot004" angle="95.5" gradientindex="5" range="7.3" r="255" g="190" b="120" lighteffect="1" trigger="1" intensity="0.4999999" specularintensity="1">
						<lightanimations />
						<offset>
							<position x="-1.352237" y="-17.36198" z="30.89092" />
							<quaternion qx="-0" qy="-0" qz="6.540314E-02" qw="-0.9978589" />
						</offset>
					</spot>
				</lights>
				<trailemitters>
					<emitter name="trail_ship_m_01" type="trail_ship_m_01">
						<offset>
							<position x="20.858" y="-0.6685207" z="-74.4184" />
						</offset>
					</emitter>
					<emitter name="trail_ship_m_01" type="trail_ship_m_01">
						<offset>
							<position x="-20.858" y="-0.6685207" z="-74.4184" />
						</offset>
					</emitter>
					<emitter name="wingtip_vortex_ship_m_01" type="wingtip_vortex_ship_m_01">
						<offset>
							<position x="-35.86954" y="1.673843" z="-51.77257" />
						</offset>
					</emitter>
					<emitter name="wingtip_vortex_ship_m_01" type="wingtip_vortex_ship_m_01">
						<offset>
							<position x="35.85358" y="1.673843" z="-51.77257" />
						</offset>
					</emitter>
				</trailemitters>
			</layer>
		</layers>
		<connections>
			<connection name="container" tags="contents" value="0" />
			<connection name="position" tags="position" value="1" />
			<connection name="space" tags="ship ship_m">
				<offset />
			</connection>
			<connection name="Connection01" tags="part nocollision forceoutline detail_l fx  ">
				<offset>
					<position x="0.1384544" y="9.638716" z="13.1615" />
				</offset>
				<parts>
					<part name="part_fx_licence001">
						<lods>
							<lod index="0">
								<materials>
									<material id="1" ref="p1paint.paint_idcode" />
									<material id="2" ref="p1paint.paint_logo" />
								</materials>
							</lod>
						</lods>
						<size>
							<max x="37.72284" y="18.16437" z="32.30099" />
							<center x="-0.1459255" y="-2.813075" z="-16.80347" />
						</size>
					</part>
				</parts>
			</connection>
			<connection name="Connection02" tags="part animation detail_xl platformcollision anim_cockpit  ">
				<offset>
					<position x="0" y="-19.3224" z="31.49885" />
					<quaternion qx="0.3007057" qy="-0" qz="-0" qw="-0.9537169" />
				</offset>
				<animations>
					<animation name="cockpit_closed" start="1" end="1" />
					<animation name="cockpit_opening" start="1" end="60" />
					<animation name="cockpit_open" start="60" end="60" />
					<animation name="cockpit_closing" start="60" end="120" />
				</animations>
				<parts>
					<part name="anim_ramp">
						<lods>
							<lod index="0">
								<materials>
									<material id="1" ref="generic.generic_p1_hulltexture" />
									<material id="2" ref="generic.generic_p1_fx" />
									<material id="3" ref="p1.multimat" />
								</materials>
							</lod>
						</lods>
						<size>
							<max x="1.31673" y="3.573275" z="3.378407" />
							<center x="0" y="0.4821625" z="3.586771" />
						</size>
						<size_raw>
							<max x="1.31673" y="1.854442" z="3.378407" />
							<center x="0" y="1.890152" z="2.600889" />
						</size_raw>
						<lights>
							<spot name="XU Spot010" angle="112.2" gradientindex="5" range="2" r="197" g="245" b="255" lighteffect="1" trigger="1" intensity="0.8" specularintensity="1">
								<lightanimations />
								<offset>
									<position x="0.9524765" y="-1.546989" z="6.083348" />
									<quaternion qx="-0.6755901" qy="-0.7372774" qz="3.877436E-08" qw="1.021108E-07" />
								</offset>
							</spot>
							<spot name="XU Spot009" angle="112.2" gradientindex="5" range="2" r="197" g="245" b="255" lighteffect="1" trigger="1" intensity="0.8" specularintensity="1">
								<lightanimations />
								<offset>
									<position x="0.9524765" y="-1.259056" z="4.974378" />
									<quaternion qx="-0.6755901" qy="-0.7372774" qz="3.877436E-08" qw="1.021108E-07" />
								</offset>
							</spot>
							<spot name="XU Spot008" angle="112.2" gradientindex="5" range="2" r="197" g="245" b="255" lighteffect="1" trigger="1" intensity="0.8" specularintensity="1">
								<lightanimations />
								<offset>
									<position x="0.9524765" y="-0.9579926" z="3.854909" />
									<quaternion qx="-0.6755901" qy="-0.7372774" qz="3.877436E-08" qw="1.021108E-07" />
								</offset>
							</spot>
							<spot name="XU Spot007" angle="112.2" gradientindex="5" range="2" r="197" g="245" b="255" lighteffect="1" trigger="1" intensity="0.8" specularintensity="1">
								<lightanimations />
								<offset>
									<position x="0.9524765" y="-0.6725883" z="2.748639" />
									<quaternion qx="-0.6755901" qy="-0.7372774" qz="3.877436E-08" qw="1.021108E-07" />
								</offset>
							</spot>
							<spot name="XU Spot006" angle="112.2" gradientindex="5" range="2" r="197" g="245" b="255" lighteffect="1" trigger="1" intensity="0.8" specularintensity="1">
								<lightanimations />
								<offset>
									<position x="0.9524765" y="-0.342598" z="1.633111" />
									<quaternion qx="-0.6755901" qy="-0.7372774" qz="3.877436E-08" qw="1.021108E-07" />
								</offset>
							</spot>
							<spot name="XU Spot005" angle="112.2" gradientindex="5" range="2" r="197" g="245" b="255" lighteffect="1" trigger="1" intensity="0.8" specularintensity="1">
								<lightanimations />
								<offset>
									<position x="0.9524765" y="-5.708313E-02" z="0.5267553" />
									<quaternion qx="-0.6755901" qy="-0.7372774" qz="3.877436E-08" qw="1.021108E-07" />
								</offset>
							</spot>
							<spot name="XU Spot011" angle="112.2" gradientindex="5" range="2" r="197" g="245" b="255" lighteffect="1" trigger="1" intensity="0.8" specularintensity="1">
								<lightanimations />
								<offset>
									<position x="-0.9540697" y="-1.279743" z="4.974378" />
									<quaternion qx="-1.375121E-07" qy="-7.418627E-08" qz="-0.7372774" qw="-0.6755901" />
								</offset>
							</spot>
							<spot name="XU Spot012" angle="112.2" gradientindex="5" range="2" r="197" g="245" b="255" lighteffect="1" trigger="1" intensity="0.8" specularintensity="1">
								<lightanimations />
								<offset>
									<position x="-0.9540721" y="-0.9786797" z="3.854911" />
									<quaternion qx="-1.375121E-07" qy="-7.418627E-08" qz="-0.7372774" qw="-0.6755901" />
								</offset>
							</spot>
							<spot name="XU Spot013" angle="112.2" gradientindex="5" range="2" r="197" g="245" b="255" lighteffect="1" trigger="1" intensity="0.8" specularintensity="1">
								<lightanimations />
								<offset>
									<position x="-0.9540702" y="-0.6932755" z="2.748643" />
									<quaternion qx="-1.375121E-07" qy="-7.418627E-08" qz="-0.7372774" qw="-0.6755901" />
								</offset>
							</spot>
							<spot name="XU Spot014" angle="112.2" gradientindex="5" range="2" r="197" g="245" b="255" lighteffect="1" trigger="1" intensity="0.8" specularintensity="1">
								<lightanimations />
								<offset>
									<position x="-0.954074" y="-0.3632851" z="1.633107" />
									<quaternion qx="-1.375121E-07" qy="-7.418627E-08" qz="-0.7372774" qw="-0.6755901" />
								</offset>
							</spot>
							<spot name="XU Spot015" angle="112.2" gradientindex="5" range="2" r="197" g="245" b="255" lighteffect="1" trigger="1" intensity="0.8" specularintensity="1">
								<lightanimations />
								<offset>
									<position x="-0.9540659" y="-1.567677" z="6.083352" />
									<quaternion qx="-1.375121E-07" qy="-7.418627E-08" qz="-0.7372774" qw="-0.6755901" />
								</offset>
							</spot>
							<spot name="XU Spot016" angle="112.2" gradientindex="5" range="2" r="197" g="245" b="255" lighteffect="1" trigger="1" intensity="0.8" specularintensity="1">
								<lightanimations />
								<offset>
									<position x="-0.9540659" y="-7.777023E-02" z="0.5267553" />
									<quaternion qx="-1.375121E-07" qy="-7.418627E-08" qz="-0.7372774" qw="-0.6755901" />
								</offset>
							</spot>
						</lights>
					</part>
				</parts>
				<waypoints />
			</connection>
			<connection name="Connection03" tags="part detail_m nocollision forceoutline  ">
				<offset />
				<parts>
					<part name="detail_m_main">
						<lods>
							<lod index="0">
								<materials>
									<material id="1" ref="generic.generic_p1_hulltexture" />
									<material id="2" ref="generic.generic_p1_fx" />
									<material id="3" ref="p1.multimat" />
								</materials>
							</lod>
						</lods>
						<size>
							<max x="35.6805" y="19.27481" z="58.45328" />
							<center x="0" y="-9.945679E-02" z="0.8719616" />
						</size>
					</part>
				</parts>
			</connection>
			<connection name="Connection04" tags="part detail_xs platformcollision  ">
				<offset>
					<position x="0" y="22.99338" z="-34.3551" />
				</offset>
				<parts>
					<part name="part_cockpit">
						<lods>
							<lod index="0">
								<materials>
									<material id="1" ref="generic.generic_p1_hulltexture" />
									<material id="2" ref="p1.multimat" />
									<material id="3" ref="generic.generic_p1_int_lights_01" />
								</materials>
							</lod>
						</lods>
						<size>
							<max x="3.303439" y="1.510116" z="3.508563" />
							<center x="0" y="1.166628" z="1.709469" />
						</size>
					</part>
				</parts>
				<waypoints />
			</connection>
			<connection name="con_damage_indi_r" tags="impactindicator" parent="part_cockpit">
				<offset>
					<position x="2.697246" y="1.067163" z="6.507957" />
					<quaternion qx="-0" qy="-0" qz="0.7071068" qw="0.7071067" />
				</offset>
			</connection>
			<connection name="con_damage_indi_l" tags="impactindicator" parent="part_cockpit">
				<offset>
					<position x="-3.423325" y="1.067163" z="6.507957" />
					<quaternion qx="-0" qy="-0" qz="-0.7071067" qw="0.7071069" />
				</offset>
			</connection>
			<connection name="con_damage_indi_br" tags="impactindicator" parent="part_cockpit">
				<offset>
					<position x="1.929635" y="-0.469347" z="6.507957" />
					<quaternion qx="-0" qy="-0" qz="0.3826834" qw="0.9238796" />
				</offset>
			</connection>
			<connection name="con_damage_indi_bl" tags="impactindicator" parent="part_cockpit">
				<offset>
					<position x="-2.80572" y="-0.2208233" z="6.507957" />
					<quaternion qx="-0" qy="-0" qz="-0.5372996" qw="0.8433914" />
				</offset>
			</connection>
			<connection name="con_damage_indi_b" tags="impactindicator" parent="part_cockpit">
				<offset>
					<position x="-7.737553E-02" y="-0.6450443" z="6.507957" />
				</offset>
			</connection>
			<connection name="con_betty01" tags="computer " value="-1" parent="part_cockpit">
				<offset>
					<position x="0" y="3.237978" z="2.367813" />
					<quaternion qx="1.769513E-08" qy="-1" qz="1.979061E-09" qw="3.726722E-08" />
				</offset>
			</connection>
			<connection name="con_damage_indi_t" tags="impactindicator" parent="part_cockpit">
				<offset>
					<position x="-0.0773754" y="3.206987" z="6.507957" />
					<quaternion qx="-0" qy="-0" qz="-1" qw="4.371139E-08" />
				</offset>
			</connection>
			<connection name="con_damage_indi_tl" tags="impactindicator" parent="part_cockpit">
				<offset>
					<position x="-2.645718" y="2.989344" z="6.507957" />
					<quaternion qx="-0" qy="-0" qz="-0.9063078" qw="0.4226182" />
				</offset>
			</connection>
			<connection name="con_damage_indi_tr" tags="impactindicator" parent="part_cockpit">
				<offset>
					<position x="2.285927" y="2.61931" z="6.049488" />
					<quaternion qx="-0" qy="-0" qz="-0.8870111" qw="-0.4617482" />
				</offset>
			</connection>
			<connection name="con_player01" tags="player" value="-1" parent="part_cockpit">
				<offset>
					<position x="-3.578341E-02" y="1.287607" z="1.557411" />
					<quaternion qx="-0.5" qy="0.5" qz="0.5" qw="0.5" />
				</offset>
			</connection>
			<connection name="Connection05" tags="part detail_xs nocollision forceoutline  ">
				<offset>
					<position x="0" y="22.99338" z="-34.3551" />
				</offset>
				<parts>
					<part name="fx_decals_cockpit">
						<lods>
							<lod index="0">
								<materials>
									<material id="1" ref="p1paint.paint_p1_decal_01" />
								</materials>
							</lod>
						</lods>
						<size>
							<max x="3.137672" y="1.412017" z="3.160993" />
							<center x="0" y="1.118299" z="1.563828" />
						</size>
					</part>
				</parts>
			</connection>
			<connection name="Connection06" tags="part animation  ">
				<offset />
				<animations>
					<animation name="landinggears_inactive" start="1" end="1" />
					<animation name="landinggears_activating" start="1" end="60" />
					<animation name="landinggears_active" start="60" end="60" />
					<animation name="landinggears_deactivating" start="60" end="120" />
				</animations>
				<parts>
					<part name="anim_main" wreck="anim_main_wreck">
						<lods>
							<lod index="0">
								<materials>
									<material id="1" ref="generic.generic_p1_hulltexture" />
									<material id="2" ref="generic.generic_p1_fx" />
									<material id="3" ref="p1.multimat" />
									<material id="4" ref="generic.generic_p1_hullpattern_02" />
								</materials>
							</lod>
							<lod index="1">
								<materials>
									<material id="1" ref="generic.generic_p1_hulltexture" />
									<material id="2" ref="generic.generic_p1_fx" />
									<material id="3" ref="p1.multimat" />
									<material id="4" ref="generic.generic_p1_hullpattern_02" />
								</materials>
							</lod>
							<lod index="2">
								<materials>
									<material id="1" ref="generic.generic_p1_hulltexture" />
									<material id="2" ref="generic.generic_p1_fx" />
									<material id="3" ref="p1.multimat" />
									<material id="4" ref="generic.generic_p1_hullpattern_02" />
								</materials>
							</lod>
							<lod index="3">
								<materials>
									<material id="1" ref="generic.generic_p1_hulltexture" />
								</materials>
							</lod>
						</lods>
						<size>
							<max x="38.98854" y="23.11069" z="69.45695" />
							<center x="0" y="2.829742" z="-4.896217" />
						</size>
						<size_raw>
							<max x="38.98854" y="23.11069" z="69.45695" />
							<center x="0" y="2.829743" z="-4.896217" />
						</size_raw>
						<lights>
							<arealight name="XU AreaLight002" areax="6.200002" areay="0" radius="0" r="255" g="255" b="255" lighteffect="1" range="800" spotattenuation="0.9166667" specularintensity="1" trigger="1" intensity="500">
								<lightanimations>
									<lightanimation name="intensity" controller="linear_float">
										<key frame="0" value="500" />
										<key frame="60" value="0" />
										<key frame="120" value="500" />
									</lightanimation>
								</lightanimations>
								<offset>
									<position x="-9.378955" y="1.576104" z="64.80638" />
									<quaternion qx="-0.5213339" qy="-0.5213337" qz="0.4777143" qw="0.4777144" />
								</offset>
							</arealight>
							<arealight name="XU AreaLight001" areax="6.200002" areay="0" radius="0" r="255" g="255" b="255" lighteffect="1" range="800" spotattenuation="0.9166667" specularintensity="1" trigger="1" intensity="500">
								<lightanimations>
									<lightanimation name="intensity" controller="linear_float">
										<key frame="0" value="500" />
										<key frame="60" value="0" />
										<key frame="120" value="500" />
									</lightanimation>
								</lightanimations>
								<offset>
									<position x="9.706494" y="1.576104" z="64.80638" />
									<quaternion qx="0.4777145" qy="0.4777144" qz="-0.5213337" qw="-0.5213339" />
								</offset>
							</arealight>
							<omni name="XU Omni013" shadow="0" r="255" g="0" b="0" range="0.1" shadowrange="0.1" lighteffect="1" trigger="1" intensity="1" specularintensity="1">
								<lightanimations>
									<lightanimation name="color" controller="bezier_color">
										<key frame="0" r="255" g="0" b="0" />
										<key frame="1" r="255" g="137" b="0" />
										<key frame="59" r="255" g="137" b="0" />
										<key frame="60" r="0" g="255" b="0" />
										<key frame="61" r="255" g="137" b="0" />
										<key frame="120" r="255" g="0" b="0" />
									</lightanimation>
								</lightanimations>
								<offset>
									<position x="-8.768642E-02" y="24.7956" z="-31.46168" />
								</offset>
							</omni>
							<omni name="XU Omni12" shadow="0" r="255" g="0" b="0" range="0.1" shadowrange="0.1" lighteffect="1" trigger="1" intensity="1" specularintensity="1">
								<lightanimations>
									<lightanimation name="color" controller="bezier_color">
										<key frame="0" r="255" g="0" b="0" />
										<key frame="1" r="255" g="137" b="0" />
										<key frame="59" r="255" g="137" b="0" />
										<key frame="60" r="0" g="255" b="0" />
										<key frame="61" r="255" g="137" b="0" />
										<key frame="120" r="255" g="0" b="0" />
									</lightanimation>
								</lightanimations>
								<offset>
									<position x="8.710094E-02" y="24.7956" z="-31.46168" />
								</offset>
							</omni>
						</lights>
					</part>
				</parts>
				<waypoints />
			</connection>
			<connection name="Connection07" tags="part animation iklink platformcollision forceoutline detail_m  " parent="anim_main">
				<offset>
					<position x="0" y="-15.79291" z="28.94675" />
					<quaternion qx="-0.2588191" qy="-0" qz="-0" qw="0.9659258" />
				</offset>
				<animations />
				<parts>
					<part name="detail_m_landinggear_front_01">
						<lods>
							<lod index="0">
								<materials>
									<material id="1" ref="generic.generic_p1_hulltexture" />
									<material id="2" ref="p1.multimat" />
								</materials>
							</lod>
						</lods>
						<size>
							<max x="20.72901" y="12.1824" z="11.09975" />
							<center x="0" y="2.828077" z="8.694038" />
						</size>
						<size_raw>
							<max x="20.72901" y="5.328826" z="2.156453" />
							<center x="0" y="6.617547" z="6.506187" />
						</size_raw>
					</part>
				</parts>
			</connection>
			<connection name="Connection08" tags="part animation iklink platformcollision forceoutline detail_m  " parent="anim_main">
				<offset>
					<position x="0" y="-15.79291" z="-21.67233" />
					<quaternion qx="0.2164396" qy="-0" qz="-0" qw="0.976296" />
				</offset>
				<animations />
				<parts>
					<part name="detail_m_landinggear_back_01">
						<lods>
							<lod index="0">
								<materials>
									<material id="1" ref="generic.generic_p1_hulltexture" />
									<material id="2" ref="p1.multimat" />
								</materials>
							</lod>
						</lods>
						<size>
							<max x="24.57191" y="11.51468" z="11.09975" />
							<center x="0" y="2.656818" z="-8.608269" />
						</size>
						<size_raw>
							<max x="24.57191" y="5.328827" z="20.02431" />
							<center x="0" y="6.017395" z="-7.041208" />
						</size_raw>
					</part>
				</parts>
			</connection>
			<connection name="Connection09" tags="part detail_xl nocollision iklink animation  " parent="anim_main">
				<offset>
					<position x="-5.407998E-15" y="24.81922" z="-31.42166" />
					<quaternion qx="0.5735766" qy="-0" qz="-0" qw="0.819152" />
				</offset>
				<animations />
				<parts>
					<part name="fx_gear_instrument">
						<lods>
							<lod index="0">
								<materials>
									<material id="1" ref="p1effects.p1_terminal_displays_01" />
								</materials>
							</lod>
						</lods>
						<size>
							<max x="0.1172399" y="3.603267E-02" z="3.473472E-02" />
							<center x="-3.91975E-05" y="1.720428E-03" z="-1.615524E-03" />
						</size>
						<size_raw>
							<max x="0.1172791" y="3.696327E-02" z="3.690708E-02" />
							<center x="-3.91975E-05" y="1.670837E-03" z="-3.036499E-03" />
						</size_raw>
					</part>
				</parts>
			</connection>
			<connection name="Connection10" tags="part detail_xl platformcollision noshadowcaster  ">
				<offset>
					<position x="0" y="24.37402" z="-32.4256" />
				</offset>
				<parts>
					<part name="detail_xl_glass_outside">
						<lods>
							<lod index="0">
								<materials>
									<material id="1" ref="p1.cockpit_glass_outside_02" />
								</materials>
							</lod>
						</lods>
						<size>
							<max x="3.320938" y="8.045547" z="4.398823" />
							<center x="0" y="-6.992294" z="-1.085629" />
						</size>
					</part>
				</parts>
			</connection>
			<connection name="Connection11" tags="part detail_l nocollision forceoutline  ">
				<offset />
				<parts>
					<part name="fx_decals">
						<lods>
							<lod index="0">
								<materials>
									<material id="1" ref="p1paint.paint_p1_decal_01" />
								</materials>
							</lod>
						</lods>
						<size>
							<max x="38.57344" y="21.08706" z="62.33645" />
							<center x="0" y="4.899475" z="-11.90882" />
						</size>
					</part>
				</parts>
			</connection>
			<connection name="Connection12" tags="part detail_xs nocollision forceoutline  ">
				<offset>
					<position x="0" y="23.61286" z="-31.53594" />
				</offset>
				<parts>
					<part name="fx_screen">
						<lods>
							<lod index="0">
								<materials>
									<material id="1" ref="p1effects.p1_terminal_displays_01" />
								</materials>
							</lod>
						</lods>
						<size>
							<max x="2.292232" y="0.7073347" z="0.4388777" />
							<center x="0" y="0.5034447" z="1.907349E-06" />
						</size>
					</part>
				</parts>
			</connection>
			<connection name="Connection13" tags="part detail_xl nocollision animation textureanimation forceoutline  ">
				<offset>
					<position x="0" y="7.284157" z="19.5088" />
				</offset>
				<animations>
					<animation name="loop" start="0" end="100" />
				</animations>
				<parts>
					<part name="anim_poslights">
						<lods>
							<lod index="0">
								<materials>
									<material id="1" ref="p1effects.p1_gradient_colour" />
								</materials>
							</lod>
						</lods>
						<size>
							<max x="35.1878" y="18.79338" z="54.06753" />
							<center x="0" y="-6.13783" z="-30.52731" />
						</size>
						<size_raw>
							<max x="35.1878" y="18.79338" z="54.06753" />
							<center x="-1.907349E-06" y="-6.137828" z="-30.52731" />
						</size_raw>
						<uv_animations>
							<uv_animation mapchannel="1">
								<uv_property name="u_offset" controller="bezier_float">
									<key frame="0" value="0" in_tangent_type="auto" out_tangent_type="auto" />
									<key frame="4" value="0" in_tangent_type="auto" out_tangent_type="auto" />
									<key frame="5" value="0.2" in_tangent_type="auto" out_tangent_type="auto" />
									<key frame="9" value="0.2" in_tangent_type="auto" out_tangent_type="auto" />
									<key frame="10" value="0" in_tangent_type="auto" out_tangent_type="auto" />
									<key frame="14" value="0" in_tangent_type="auto" out_tangent_type="auto" />
									<key frame="15" value="0.2" in_tangent_type="auto" out_tangent_type="auto" />
									<key frame="64" value="0.2" in_tangent_type="auto" out_tangent_type="auto" />
									<key frame="65" value="0" in_tangent_type="auto" out_tangent_type="auto" />
									<key frame="69" value="0" in_tangent_type="auto" out_tangent_type="auto" />
									<key frame="70" value="0.2" in_tangent_type="auto" out_tangent_type="auto" />
									<key frame="100" value="0.2" in_tangent_type="auto" out_tangent_type="auto" />
									<key frame="120" value="0.2" in_tangent_type="auto" out_tangent_type="auto" />
								</uv_property>
							</uv_animation>
						</uv_animations>
						<lights>
							<omni name="XU Omni14" shadow="0" r="0" g="255" b="255" range="5" shadowrange="5" lighteffect="1" trigger="1" intensity="2" specularintensity="1">
								<lightanimations>
									<lightanimation name="intensity" controller="linear_float">
										<key frame="0" value="2" />
										<key frame="4" value="2" />
										<key frame="5" value="0" />
										<key frame="9" value="0" />
										<key frame="10" value="2" />
										<key frame="14" value="2" />
										<key frame="15" value="0" />
										<key frame="64" value="0" />
										<key frame="65" value="2" />
										<key frame="69" value="2" />
										<key frame="70" value="0" />
										<key frame="100" value="0" />
									</lightanimation>
								</lightanimations>
								<offset>
									<position x="-6.233889" y="9.963203" z="8.965635" />
								</offset>
							</omni>
							<omni name="XU Omni015" shadow="0" r="0" g="255" b="255" range="5" shadowrange="5" lighteffect="1" trigger="1" intensity="2" specularintensity="1">
								<lightanimations>
									<lightanimation name="intensity" controller="linear_float">
										<key frame="0" value="2" />
										<key frame="4" value="2" />
										<key frame="5" value="0" />
										<key frame="9" value="0" />
										<key frame="10" value="2" />
										<key frame="14" value="2" />
										<key frame="15" value="0" />
										<key frame="64" value="0" />
										<key frame="65" value="2" />
										<key frame="69" value="2" />
										<key frame="70" value="0" />
										<key frame="100" value="0" />
									</lightanimation>
								</lightanimations>
								<offset>
									<position x="6.246256" y="9.963202" z="8.965635" />
								</offset>
							</omni>
							<omni name="XU Omni016" shadow="0" r="0" g="255" b="255" range="5" shadowrange="5" lighteffect="1" trigger="1" intensity="2" specularintensity="1">
								<lightanimations>
									<lightanimation name="intensity" controller="linear_float">
										<key frame="0" value="2" />
										<key frame="4" value="2" />
										<key frame="5" value="0" />
										<key frame="9" value="0" />
										<key frame="10" value="2" />
										<key frame="14" value="2" />
										<key frame="15" value="0" />
										<key frame="64" value="0" />
										<key frame="65" value="2" />
										<key frame="69" value="2" />
										<key frame="70" value="0" />
										<key frame="100" value="0" />
									</lightanimation>
								</lightanimations>
								<offset>
									<position x="3.772184" y="13.28665" z="-84.22055" />
								</offset>
							</omni>
							<omni name="XU Omni017" shadow="0" r="0" g="255" b="255" range="5" shadowrange="5" lighteffect="1" trigger="1" intensity="2" specularintensity="1">
								<lightanimations>
									<lightanimation name="intensity" controller="linear_float">
										<key frame="0" value="2" />
										<key frame="4" value="2" />
										<key frame="5" value="0" />
										<key frame="9" value="0" />
										<key frame="10" value="2" />
										<key frame="14" value="2" />
										<key frame="15" value="0" />
										<key frame="64" value="0" />
										<key frame="65" value="2" />
										<key frame="69" value="2" />
										<key frame="70" value="0" />
										<key frame="100" value="0" />
									</lightanimation>
								</lightanimations>
								<offset>
									<position x="-3.799663" y="13.28665" z="-84.22055" />
								</offset>
							</omni>
							<omni name="XU Omni019" shadow="0" r="0" g="255" b="255" range="5" shadowrange="5" lighteffect="1" trigger="1" intensity="2" specularintensity="1">
								<lightanimations>
									<lightanimation name="intensity" controller="linear_float">
										<key frame="0" value="2" />
										<key frame="4" value="2" />
										<key frame="5" value="0" />
										<key frame="9" value="0" />
										<key frame="10" value="2" />
										<key frame="14" value="2" />
										<key frame="15" value="0" />
										<key frame="64" value="0" />
										<key frame="65" value="2" />
										<key frame="69" value="2" />
										<key frame="70" value="0" />
										<key frame="100" value="0" />
									</lightanimation>
								</lightanimations>
								<offset>
									<position x="-11.49572" y="-25.6986" z="-44.1764" />
								</offset>
							</omni>
							<omni name="XU Omni020" shadow="0" r="0" g="255" b="255" range="5" shadowrange="5" lighteffect="1" trigger="1" intensity="2" specularintensity="1">
								<lightanimations>
									<lightanimation name="intensity" controller="linear_float">
										<key frame="0" value="2" />
										<key frame="4" value="2" />
										<key frame="5" value="0" />
										<key frame="9" value="0" />
										<key frame="10" value="2" />
										<key frame="14" value="2" />
										<key frame="15" value="0" />
										<key frame="64" value="0" />
										<key frame="65" value="2" />
										<key frame="69" value="2" />
										<key frame="70" value="0" />
										<key frame="100" value="0" />
									</lightanimation>
								</lightanimations>
								<offset>
									<position x="11.53037" y="-25.69861" z="-44.17639" />
								</offset>
							</omni>
							<omni name="XU Omni021" shadow="0" r="0" g="255" b="255" range="5" shadowrange="5" lighteffect="1" trigger="1" intensity="2" specularintensity="1">
								<lightanimations>
									<lightanimation name="intensity" controller="linear_float">
										<key frame="0" value="2" />
										<key frame="4" value="2" />
										<key frame="5" value="0" />
										<key frame="9" value="0" />
										<key frame="10" value="2" />
										<key frame="14" value="2" />
										<key frame="15" value="0" />
										<key frame="64" value="0" />
										<key frame="65" value="2" />
										<key frame="69" value="2" />
										<key frame="70" value="0" />
										<key frame="100" value="0" />
									</lightanimation>
								</lightanimations>
								<offset>
									<position x="5.682131" y="-23.12405" z="23.33229" />
								</offset>
							</omni>
							<omni name="XU Omni022" shadow="0" r="0" g="255" b="255" range="5" shadowrange="5" lighteffect="1" trigger="1" intensity="2" specularintensity="1">
								<lightanimations>
									<lightanimation name="intensity" controller="linear_float">
										<key frame="0" value="2" />
										<key frame="4" value="2" />
										<key frame="5" value="0" />
										<key frame="9" value="0" />
										<key frame="10" value="2" />
										<key frame="14" value="2" />
										<key frame="15" value="0" />
										<key frame="64" value="0" />
										<key frame="65" value="2" />
										<key frame="69" value="2" />
										<key frame="70" value="0" />
										<key frame="100" value="0" />
									</lightanimation>
								</lightanimations>
								<offset>
									<position x="-5.748046" y="-23.12405" z="23.33228" />
								</offset>
							</omni>
							<omni name="XU Omni023" shadow="0" r="255" g="0" b="0" range="5" shadowrange="5" lighteffect="1" trigger="1" intensity="2" specularintensity="1">
								<lightanimations>
									<lightanimation name="intensity" controller="bezier_float">
										<key frame="0" value="2" in_tangent_type="step" out_tangent_type="step" />
										<key frame="4" value="2" in_tangent_type="step" out_tangent_type="step" />
										<key frame="5" value="0" in_tangent_type="step" out_tangent_type="step" />
										<key frame="9" value="0" in_tangent_type="step" out_tangent_type="step" />
										<key frame="10" value="2" in_tangent_type="step" out_tangent_type="step" />
										<key frame="14" value="2" in_tangent_type="step" out_tangent_type="step" />
										<key frame="15" value="0" in_tangent_type="step" out_tangent_type="step" />
										<key frame="64" value="0" in_tangent_type="step" out_tangent_type="step" />
										<key frame="65" value="2" in_tangent_type="step" out_tangent_type="step" />
										<key frame="69" value="2" in_tangent_type="step" out_tangent_type="step" />
										<key frame="70" value="0" in_tangent_type="step" out_tangent_type="step" />
										<key frame="100" value="0" in_tangent_type="step" out_tangent_type="step" />
									</lightanimation>
								</lightanimations>
								<offset>
									<position x="-29.13958" y="-7.945271" z="22.00465" />
								</offset>
							</omni>
							<omni name="XU Omni024" shadow="0" r="255" g="0" b="0" range="5" shadowrange="5" lighteffect="1" trigger="1" intensity="2" specularintensity="1">
								<lightanimations>
									<lightanimation name="intensity" controller="bezier_float">
										<key frame="0" value="2" in_tangent_type="step" out_tangent_type="step" />
										<key frame="4" value="2" in_tangent_type="step" out_tangent_type="step" />
										<key frame="5" value="0" in_tangent_type="step" out_tangent_type="step" />
										<key frame="9" value="0" in_tangent_type="step" out_tangent_type="step" />
										<key frame="10" value="2" in_tangent_type="step" out_tangent_type="step" />
										<key frame="14" value="2" in_tangent_type="step" out_tangent_type="step" />
										<key frame="15" value="0" in_tangent_type="step" out_tangent_type="step" />
										<key frame="64" value="0" in_tangent_type="step" out_tangent_type="step" />
										<key frame="65" value="2" in_tangent_type="step" out_tangent_type="step" />
										<key frame="69" value="2" in_tangent_type="step" out_tangent_type="step" />
										<key frame="70" value="0" in_tangent_type="step" out_tangent_type="step" />
										<key frame="100" value="0" in_tangent_type="step" out_tangent_type="step" />
									</lightanimation>
								</lightanimations>
								<offset>
									<position x="-36.16548" y="-7.945262" z="-63.09305" />
								</offset>
							</omni>
							<omni name="XU Omni025" shadow="0" r="42" g="255" b="0" range="5" shadowrange="5" lighteffect="1" trigger="1" intensity="2" specularintensity="1">
								<lightanimations>
									<lightanimation name="intensity" controller="linear_float">
										<key frame="0" value="2" />
										<key frame="4" value="2" />
										<key frame="5" value="0" />
										<key frame="9" value="0" />
										<key frame="10" value="2" />
										<key frame="14" value="2" />
										<key frame="15" value="0" />
										<key frame="64" value="0" />
										<key frame="65" value="2" />
										<key frame="69" value="2" />
										<key frame="70" value="0" />
										<key frame="100" value="0" />
									</lightanimation>
								</lightanimations>
								<offset>
									<position x="35.65315" y="-7.94527" z="-63.30296" />
								</offset>
							</omni>
							<omni name="XU Omni026" shadow="0" r="42" g="255" b="0" range="5" shadowrange="5" lighteffect="1" trigger="1" intensity="2" specularintensity="1">
								<lightanimations>
									<lightanimation name="intensity" controller="linear_float">
										<key frame="0" value="2" />
										<key frame="4" value="2" />
										<key frame="5" value="0" />
										<key frame="9" value="0" />
										<key frame="10" value="2" />
										<key frame="14" value="2" />
										<key frame="15" value="0" />
										<key frame="64" value="0" />
										<key frame="65" value="2" />
										<key frame="69" value="2" />
										<key frame="70" value="0" />
										<key frame="100" value="0" />
									</lightanimation>
								</lightanimations>
								<offset>
									<position x="28.82262" y="-7.945276" z="22.06018" />
								</offset>
							</omni>
						</lights>
					</part>
				</parts>
				<waypoints />
			</connection>
			<connection name="Connection14" tags="part nocollision detail_xs  ">
				<offset>
					<position x="0" y="22.99338" z="-34.3551" />
				</offset>
				<parts>
					<part name="glass_trim_01">
						<lods>
							<lod index="0">
								<materials>
									<material id="1" ref="p1effects.p1_window_trim_01" />
								</materials>
							</lod>
						</lods>
						<size>
							<max x="3.291466" y="1.013462" z="3.274917" />
							<center x="0" y="1.375616" z="1.927906" />
						</size>
					</part>
				</parts>
			</connection>
			<connection name="Connection15" tags="part animation detail_xl nocollision forceoutline anim_dockdoor ">
				<offset>
					<position x="0" y="-3.893675" z="-37.60978" />
				</offset>
				<animations>
					<animation name="dockingbay_closed" start="1" end="1" />
					<animation name="dockingbay_opening" start="1" end="25" />
					<animation name="dockingbay_open" start="25" end="25" />
					<animation name="dockingbay_closing" start="25" end="50" />
				</animations>
				<parts>
					<part name="anim_hatch">
						<lods>
							<lod index="0">
								<materials>
									<material id="1" ref="generic.generic_p1_hulltexture" />
								</materials>
							</lod>
						</lods>
						<size>
							<max x="1.800216" y="3.073594" z="0.2418041" />
							<center x="0" y="1.325205" z="-0.1279564" />
						</size>
						<size_raw>
							<max x="1.800216" y="1.748389" z="0.1138477" />
							<center x="0" y="0" z="3.814697E-06" />
						</size_raw>
					</part>
				</parts>
			</connection>
			<connection name="Connection16" group="transporter_01 " tags="location_exit  ">
				<offset>
					<position x="-4.382581E-04" y="-18.2452" z="28.94414" />
				</offset>
				<parts>
					<part ref="interiors_arg_airlock_01_body.part_main" name="part_main" />
				</parts>
				<waypoints />
			</connection>
			<connection name="Connection17" tags="part iklink  " parent="part_main">
				<offset>
					<position x="5.761385E-04" y="5.154037E-02" z="3.353882E-02" />
				</offset>
				<parts>
					<part ref="interiors_arg_airlock_01_body.detail_m_decals" name="detail_m_decals" />
				</parts>
			</connection>
			<connection name="Connection18" group="transporter_01 " tags="part animation  ">
				<offset>
					<position x="0.5513825" y="-18.25204" z="30.08928" />
				</offset>
				<animations />
				<parts>
					<part ref="interiors_arg_airlock_01_body.anim_door_left" name="anim_door_left" />
				</parts>
				<waypoints />
			</connection>
			<connection name="Connection19" tags="part iklink  " parent="anim_door_left">
				<offset>
					<position x="-0.4329364" y="3.162384E-03" z="-8.512115E-02" />
				</offset>
				<parts>
					<part ref="interiors_arg_airlock_01_body.detail_m_decals_left" name="detail_m_decals_left" />
				</parts>
			</connection>
			<connection name="Connection20" tags="part nocollision iklink  " parent="anim_door_left">
				<offset>
					<position x="6.043839E-02" y="0" z="-2.479553E-04" />
				</offset>
				<parts>
					<part ref="interiors_arg_airlock_01_body.detail_m_light_left" name="detail_m_light_left" />
				</parts>
			</connection>
			<connection name="Connection21" group="transporter_01 " tags="part animation  ">
				<offset>
					<position x="-0.5426746" y="-18.25243" z="30.08928" />
				</offset>
				<animations />
				<parts>
					<part ref="interiors_arg_airlock_01_body.anim_door_right" name="anim_door_right" />
				</parts>
				<waypoints />
			</connection>
			<connection name="Connection22" tags="part iklink  " parent="anim_door_right">
				<offset>
					<position x="0.4321223" y="3.551483E-03" z="-8.512306E-02" />
				</offset>
				<parts>
					<part ref="interiors_arg_airlock_01_body.detail_m_decals_right" name="detail_m_decals_right" />
				</parts>
			</connection>
			<connection name="Connection23" tags="part nocollision iklink  " parent="anim_door_right">
				<offset>
					<position x="-6.110048E-02" y="3.929138E-04" z="-2.46048E-04" />
				</offset>
				<parts>
					<part ref="interiors_arg_airlock_01_body.detail_m_light_right" name="detail_m_light_right" />
				</parts>
			</connection>
			<connection name="Connection24" group="transporter_01 " tags="part detail_l  ">
				<offset>
					<position x="1.212855" y="-18.21879" z="28.85305" />
					<quaternion qx="-0" qy="0.7071068" qz="-0" qw="-0.7071067" />
				</offset>
				<parts>
					<part ref="interiors_arg_airlock_01_body.detail_l_button" name="detail_l_button" />
				</parts>
			</connection>
			<connection name="Connection25" hidden="true" group="transporter_01 " tags="part  ">
				<offset>
					<position x="5.835012E-03" y="-17.10965" z="29.83426" />
					<quaternion qx="0.7057381" qy="-0" qz="-0" qw="-0.7084727" />
				</offset>
				<parts>
					<part ref="interiors_arg_airlock_01_body.dummy_sound_animation" name="dummy_sound_animation" />
				</parts>
			</connection>
			<connection name="Connection26" group="transporter_02" tags="location_cockpit  ">
				<offset>
					<position x="-4.382581E-04" y="24.07089" z="-37.33578" />
				</offset>
				<parts>
					<part ref="interiors_arg_airlock_01_body.part_main" name="part_main001" />
				</parts>
				<waypoints />
			</connection>
			<connection name="Connection27" tags="part iklink  " parent="part_main001">
				<offset>
					<position x="5.761385E-04" y="5.153656E-02" z="3.353119E-02" />
				</offset>
				<parts>
					<part ref="interiors_arg_airlock_01_body.detail_m_decals" name="detail_m_decals001" />
				</parts>
			</connection>
			<connection name="Connection28" group="transporter_02" tags="part animation  ">
				<offset>
					<position x="0.5513825" y="24.06405" z="-36.19064" />
				</offset>
				<animations />
				<parts>
					<part ref="interiors_arg_airlock_01_body.anim_door_left" name="anim_door_left001" />
				</parts>
				<waypoints />
			</connection>
			<connection name="Connection29" tags="part iklink  " parent="anim_door_left001">
				<offset>
					<position x="-0.4329364" y="3.162384E-03" z="-8.512115E-02" />
				</offset>
				<parts>
					<part ref="interiors_arg_airlock_01_body.detail_m_decals_left" name="detail_m_decals_left001" />
				</parts>
			</connection>
			<connection name="Connection30" tags="part nocollision iklink  " parent="anim_door_left001">
				<offset>
					<position x="6.043839E-02" y="3.814697E-06" z="-2.5177E-04" />
				</offset>
				<parts>
					<part ref="interiors_arg_airlock_01_body.detail_m_light_left" name="detail_m_light_left001" />
				</parts>
			</connection>
			<connection name="Connection31" group="transporter_02" tags="part animation  ">
				<offset>
					<position x="-0.5426746" y="24.06366" z="-36.19064" />
				</offset>
				<animations />
				<parts>
					<part ref="interiors_arg_airlock_01_body.anim_door_right" name="anim_door_right001" />
				</parts>
				<waypoints />
			</connection>
			<connection name="Connection32" tags="part iklink  " parent="anim_door_right001">
				<offset>
					<position x="0.4321223" y="3.553391E-03" z="-8.512115E-02" />
				</offset>
				<parts>
					<part ref="interiors_arg_airlock_01_body.detail_m_decals_right" name="detail_m_decals_right001" />
				</parts>
			</connection>
			<connection name="Connection33" tags="part nocollision iklink  " parent="anim_door_right001">
				<offset>
					<position x="-6.110048E-02" y="3.910065E-04" z="-2.5177E-04" />
				</offset>
				<parts>
					<part ref="interiors_arg_airlock_01_body.detail_m_light_right" name="detail_m_light_right001" />
				</parts>
			</connection>
			<connection name="Connection34" group="transporter_02" tags="part detail_l  ">
				<offset>
					<position x="1.212855" y="24.0973" z="-37.42686" />
					<quaternion qx="-0" qy="0.7071068" qz="-0" qw="-0.7071067" />
				</offset>
				<parts>
					<part ref="interiors_arg_airlock_01_body.detail_l_button" name="detail_l_button001" />
				</parts>
			</connection>
			<connection name="Connection35" hidden="true" group="transporter_02" tags="part  ">
				<offset>
					<position x="5.835012E-03" y="25.20644" z="-36.44566" />
					<quaternion qx="0.7057381" qy="-0" qz="-0" qw="-0.7084727" />
				</offset>
				<parts>
					<part ref="interiors_arg_airlock_01_body.dummy_sound_animation" name="dummy_sound_animation001" />
				</parts>
			</connection>
			<connection name="Connection36" group="pilotcontrol" tags="part  ">
				<offset>
					<position x="6.59211E-07" y="22.97397" z="-32.40982" />
				</offset>
				<parts>
					<part ref="interiors_chair_02_body.part_chair_01" name="part_chair_01" />
				</parts>
				<waypoints />
			</connection>
			<connection name="con_control01" tags="npc pilot sit_pilot sit_terminal_left sit_terminal_right" value="-1" group="pilotcontrol" parent="part_chair_01">
				<offset>
					<position x="2.240068E-02" y="1.906967E-02" z="9.803772E-04" />
				</offset>
			</connection>
			<connection name="Connection37" tags="part iklink  " group="pilotcontrol" parent="part_chair_01">
				<offset>
					<position x="2.760349E-03" y="0.2860184" z="-0.2292099" />
				</offset>
				<parts>
					<part ref="interiors_chair_02_body.part_chair_02" name="part_chair_02" />
				</parts>
			</connection>
			<connection name="Connection38" tags="part iklink  " group="pilotcontrol" parent="part_chair_02">
				<offset>
					<position x="-2.760656E-03" y="2.135849E-02" z="-0.2675629" />
				</offset>
				<parts>
					<part ref="interiors_chair_02_body.part_chair_03" name="part_chair_03" />
				</parts>
			</connection>
			<connection name="Connection39" tags="part iklink  " group="pilotcontrol" parent="part_chair_03">
				<offset>
					<position x="2.423831E-07" y="-7.305145E-03" z="0.3341141" />
				</offset>
				<parts>
					<part ref="interiors_chair_02_body.part_chair_04" name="part_chair_04" />
				</parts>
			</connection>
			<connection name="Connection40" tags="part iklink  " group="pilotcontrol" parent="part_chair_04">
				<offset>
					<position x="-1.464459E-07" y="0.1074181" z="-0.223938" />
				</offset>
				<parts>
					<part ref="interiors_chair_02_body.part_chair_05" name="part_chair_05" />
				</parts>
			</connection>
			<connection name="Connection41" tags="part iklink  " group="pilotcontrol" parent="part_chair_05">
				<offset>
					<position x="-7.335802E-08" y="0.2139969" z="-6.663513E-02" />
				</offset>
				<parts>
					<part ref="interiors_chair_02_body.part_chair_06" name="part_chair_06" />
				</parts>
			</connection>
			<connection name="Connection42" tags="part iklink  " group="pilotcontrol" parent="part_chair_04">
				<offset>
					<position x="-6.320861E-07" y="9.568405E-02" z="-6.022644E-02" />
				</offset>
				<parts>
					<part ref="interiors_chair_02_body.part_chair_07" name="part_chair_07" />
				</parts>
			</connection>
			<connection name="Connection43" group="gunnercontrol" tags="part  ">
				<offset>
					<position x="-1.737743" y="22.68254" z="-32.22431" />
				</offset>
				<parts>
					<part ref="interiors_chair_02_body.part_chair_01" name="part_chair_008" />
				</parts>
				<waypoints />
			</connection>
			<connection name="con_control002" tags="npc service sit " value="-1" group="gunnercontrol" parent="part_chair_008">
				<offset>
					<position x="2.240074E-02" y="1.906967E-02" z="9.803772E-04" />
				</offset>
			</connection>
			<connection name="Connection44" tags="part iklink  " group="gunnercontrol" parent="part_chair_008">
				<offset>
					<position x="2.76041E-03" y="0.2860184" z="-0.2292099" />
				</offset>
				<parts>
					<part ref="interiors_chair_02_body.part_chair_02" name="part_chair_009" />
				</parts>
			</connection>
			<connection name="Connection45" tags="part iklink  " group="gunnercontrol" parent="part_chair_009">
				<offset>
					<position x="-2.760649E-03" y="2.135849E-02" z="-0.2675552" />
				</offset>
				<parts>
					<part ref="interiors_chair_02_body.part_chair_03" name="part_chair_010" />
				</parts>
			</connection>
			<connection name="Connection46" tags="part iklink  " group="gunnercontrol" parent="part_chair_010">
				<offset>
					<position x="1.192093E-07" y="-7.305145E-03" z="0.3341064" />
				</offset>
				<parts>
					<part ref="interiors_chair_02_body.part_chair_04" name="part_chair_011" />
				</parts>
			</connection>
			<connection name="Connection47" tags="part iklink  " group="gunnercontrol" parent="part_chair_011">
				<offset>
					<position x="-2.384186E-07" y="0.1074181" z="-0.223938" />
				</offset>
				<parts>
					<part ref="interiors_chair_02_body.part_chair_05" name="part_chair_012" />
				</parts>
			</connection>
			<connection name="Connection48" tags="part iklink  " group="gunnercontrol" parent="part_chair_012">
				<offset>
					<position x="-1.192093E-07" y="0.2139969" z="-6.664276E-02" />
				</offset>
				<parts>
					<part ref="interiors_chair_02_body.part_chair_06" name="part_chair_013" />
				</parts>
			</connection>
			<connection name="Connection49" tags="part iklink  " group="gunnercontrol" parent="part_chair_011">
				<offset>
					<position x="-5.960464E-07" y="9.568405E-02" z="-6.022644E-02" />
				</offset>
				<parts>
					<part ref="interiors_chair_02_body.part_chair_07" name="part_chair_014" />
				</parts>
			</connection>
			<connection name="Connection50" group="navigationcontrol" tags="part  ">
				<offset>
					<position x="1.744229" y="22.68254" z="-32.22431" />
				</offset>
				<parts>
					<part ref="interiors_chair_02_body.part_chair_01" name="part_chair_015" />
				</parts>
				<waypoints />
			</connection>
			<connection name="con_control003" tags="npc service sit " value="-1" group="navigationcontrol" parent="part_chair_015">
				<offset>
					<position x="2.240074E-02" y="1.906967E-02" z="9.803772E-04" />
				</offset>
			</connection>
			<connection name="Connection51" tags="part iklink  " group="navigationcontrol" parent="part_chair_015">
				<offset>
					<position x="2.76041E-03" y="0.2860184" z="-0.2292099" />
				</offset>
				<parts>
					<part ref="interiors_chair_02_body.part_chair_02" name="part_chair_016" />
				</parts>
			</connection>
			<connection name="Connection52" tags="part iklink  " group="navigationcontrol" parent="part_chair_016">
				<offset>
					<position x="-2.760649E-03" y="2.135849E-02" z="-0.2675552" />
				</offset>
				<parts>
					<part ref="interiors_chair_02_body.part_chair_03" name="part_chair_017" />
				</parts>
			</connection>
			<connection name="Connection53" tags="part iklink  " group="navigationcontrol" parent="part_chair_017">
				<offset>
					<position x="1.192093E-07" y="-7.305145E-03" z="0.3341064" />
				</offset>
				<parts>
					<part ref="interiors_chair_02_body.part_chair_04" name="part_chair_018" />
				</parts>
			</connection>
			<connection name="Connection54" tags="part iklink  " group="navigationcontrol" parent="part_chair_018">
				<offset>
					<position x="-2.384186E-07" y="0.1074181" z="-0.223938" />
				</offset>
				<parts>
					<part ref="interiors_chair_02_body.part_chair_05" name="part_chair_019" />
				</parts>
			</connection>
			<connection name="Connection55" tags="part iklink  " group="navigationcontrol" parent="part_chair_019">
				<offset>
					<position x="-1.192093E-07" y="0.2139969" z="-6.664276E-02" />
				</offset>
				<parts>
					<part ref="interiors_chair_02_body.part_chair_06" name="part_chair_020" />
				</parts>
			</connection>
			<connection name="Connection56" tags="part iklink  " group="navigationcontrol" parent="part_chair_018">
				<offset>
					<position x="-5.960464E-07" y="9.568405E-02" z="-6.022644E-02" />
				</offset>
				<parts>
					<part ref="interiors_chair_02_body.part_chair_07" name="part_chair_021" />
				</parts>
			</connection>
			<connection name="Connection57" tags="part  ">
				<offset>
					<position x="-1.737743" y="22.68254" z="-32.22431" />
				</offset>
				<parts>
					<part name="part_keyb_r">
						<lods>
							<lod index="0">
								<materials>
									<material id="1" ref="generic.generic_p1_int_lights_01" />
								</materials>
							</lod>
						</lods>
						<size>
							<max x="0.6591189" y="4.011837E-02" z="0.2235244" />
							<center x="0" y="0.5947723" z="0.2365017" />
						</size>
					</part>
				</parts>
			</connection>
			<connection name="Connection58" tags="part  ">
				<offset>
					<position x="6.556511E-07" y="22.97397" z="-32.40982" />
				</offset>
				<parts>
					<part name="part_keyb_r001">
						<lods>
							<lod index="0">
								<materials>
									<material id="1" ref="generic.generic_p1_int_lights_01" />
								</materials>
							</lod>
						</lods>
						<size>
							<max x="0.6591189" y="4.011837E-02" z="0.2235244" />
							<center x="-2.980232E-08" y="0.5947723" z="0.2364998" />
						</size>
					</part>
				</parts>
			</connection>
			<connection name="Connection59" tags="part  ">
				<offset>
					<position x="1.744229" y="22.68254" z="-32.22431" />
				</offset>
				<parts>
					<part name="part_keyb_r002">
						<lods>
							<lod index="0">
								<materials>
									<material id="1" ref="generic.generic_p1_int_lights_01" />
								</materials>
							</lod>
						</lods>
						<size>
							<max x="0.6591189" y="4.011837E-02" z="0.2235244" />
							<center x="0" y="0.5947723" z="0.2365017" />
						</size>
					</part>
				</parts>
			</connection>
			<connection name="Connection60" tags="part noshadowcaster detail_s  ">
				<offset>
					<position x="0" y="24.37402" z="-32.4256" />
				</offset>
				<parts>
					<part name="Object01">
						<lods>
							<lod index="0">
								<materials>
									<material id="1" ref="p1.cockpit_glass_inside_01" />
								</materials>
							</lod>
						</lods>
						<size>
							<max x="3.31134" y="8.048623" z="4.395318" />
							<center x="0" y="-6.999218" z="-1.089157" />
						</size>
					</part>
				</parts>
			</connection>
			<connection name="Connection61" tags="part detail_s noshadowcaster forceoutline nocollision ">
				<offset>
					<position x="0" y="22.99338" z="-34.3551" />
				</offset>
				<parts>
					<part name="fx_glass_mode">
						<lods>
							<lod index="0">
								<materials>
									<material id="1" ref="arcp1.cp1_modes" />
								</materials>
							</lod>
						</lods>
						<size>
							<max x="3.282014" y="1.012572" z="3.271812" />
							<center x="0" y="1.37092" z="1.92403" />
						</size>
					</part>
				</parts>
			</connection>
			<connection name="Connection62" tags="part animation  ">
				<offset>
					<position x="-27.02768" y="-0.7110257" z="44.39598" />
					<quaternion qx="-0" qy="-0.7071066" qz="-0" qw="-0.7071069" />
				</offset>
				<animations />
				<parts>
					<part ref="thruster_ship_m_01.anim_thruster_00" name="anim_thruster_11" />
				</parts>
			</connection>
			<connection name="Connection63" tags="part animation  ">
				<offset>
					<position x="-25.52207" y="0.7654729" z="47.02366" />
					<quaternion qx="-0.5000001" qy="-0.4999999" qz="0.4999999" qw="-0.4999999" />
				</offset>
				<animations />
				<parts>
					<part ref="thruster_ship_m_01.anim_thruster_00" name="anim_thruster_10" />
				</parts>
			</connection>
			<connection name="Connection64" tags="part animation  ">
				<offset>
					<position x="-25.52207" y="-2.344298" z="47.02366" />
					<quaternion qx="0.5000001" qy="-0.4999999" qz="-0.4999999" qw="-0.5000001" />
				</offset>
				<animations />
				<parts>
					<part ref="thruster_ship_m_01.anim_thruster_00" name="anim_thruster_09" />
				</parts>
			</connection>
			<connection name="Connection65" tags="part animation  ">
				<offset>
					<position x="-25.59723" y="-0.7110257" z="48.21059" />
					<quaternion qx="-0" qy="-1" qz="-0" qw="-7.54979E-08" />
				</offset>
				<animations />
				<parts>
					<part ref="thruster_ship_m_01.anim_thruster_00" name="anim_thruster_08" />
				</parts>
			</connection>
			<connection name="Connection66" tags="part animation  ">
				<offset>
					<position x="25.61431" y="-0.7110257" z="48.21059" />
					<quaternion qx="-0" qy="-1" qz="-0" qw="-7.54979E-08" />
				</offset>
				<animations />
				<parts>
					<part ref="thruster_ship_m_01.anim_thruster_00" name="anim_thruster_07" />
				</parts>
			</connection>
			<connection name="Connection67" tags="part animation  ">
				<offset>
					<position x="27.16862" y="-0.7110257" z="44.39598" />
					<quaternion qx="-4.214685E-08" qy="0.7071068" qz="4.214684E-08" qw="-0.7071067" />
				</offset>
				<animations />
				<parts>
					<part ref="thruster_ship_m_01.anim_thruster_00" name="anim_thruster_06" />
				</parts>
			</connection>
			<connection name="Connection68" tags="part animation  ">
				<offset>
					<position x="25.50229" y="0.7654729" z="47.02366" />
					<quaternion qx="-0.5000001" qy="-0.4999999" qz="0.4999999" qw="-0.4999999" />
				</offset>
				<animations />
				<parts>
					<part ref="thruster_ship_m_01.anim_thruster_00" name="anim_thruster_05" />
				</parts>
			</connection>
			<connection name="Connection69" tags="part animation  ">
				<offset>
					<position x="25.50229" y="-2.344298" z="47.02366" />
					<quaternion qx="0.5000001" qy="-0.4999999" qz="-0.4999999" qw="-0.5000001" />
				</offset>
				<animations />
				<parts>
					<part ref="thruster_ship_m_01.anim_thruster_00" name="anim_thruster_04" />
				</parts>
			</connection>
			<connection name="Connection70" tags="part animation  ">
				<offset>
					<position x="15.58899" y="-4.194397" z="-38.3871" />
					<quaternion qx="-0.4999999" qy="-0.5000001" qz="-0.5" qw="0.5" />
				</offset>
				<animations />
				<parts>
					<part ref="thruster_ship_m_01.anim_thruster_00" name="anim_thruster_03" />
				</parts>
			</connection>
			<connection name="Connection71" tags="part animation  ">
				<offset>
					<position x="-15.61949" y="-4.194397" z="-38.3871" />
					<quaternion qx="-0.4999999" qy="-0.5000001" qz="-0.5" qw="0.5" />
				</offset>
				<animations />
				<parts>
					<part ref="thruster_ship_m_01.anim_thruster_00" name="anim_thruster_02" />
				</parts>
			</connection>
			<connection name="Connection72" tags="part animation  ">
				<offset>
					<position x="-23.38543" y="4.19355" z="-37.76534" />
					<quaternion qx="-0.5000001" qy="-0.4999999" qz="0.4999999" qw="-0.4999999" />
				</offset>
				<animations />
				<parts>
					<part ref="thruster_ship_m_01.anim_thruster_00" name="anim_thruster_01" />
				</parts>
			</connection>
			<connection name="Connection73" tags="part animation  ">
				<offset>
					<position x="-35.42629" y="-0.7029344" z="-40.23969" />
					<quaternion qx="-0" qy="-0.7071066" qz="-0" qw="-0.7071069" />
				</offset>
				<animations />
				<parts>
					<part ref="thruster_ship_m_01.anim_thruster_00" name="anim_thruster_00" />
				</parts>
			</connection>
			<connection name="Connection74" tags="part animation  ">
				<offset>
					<position x="35.56966" y="-0.7029344" z="-40.23969" />
					<quaternion qx="-4.214685E-08" qy="0.7071068" qz="4.214684E-08" qw="-0.7071067" />
				</offset>
				<animations />
				<parts>
					<part ref="thruster_ship_m_01.anim_thruster_00" name="anim_thruster_12" />
				</parts>
			</connection>
			<connection name="Connection75" tags="part animation  ">
				<offset>
					<position x="23.40065" y="4.19355" z="-37.76534" />
					<quaternion qx="-0.5000001" qy="-0.4999999" qz="0.4999999" qw="-0.4999999" />
				</offset>
				<animations />
				<parts>
					<part ref="thruster_ship_m_01.anim_thruster_00" name="anim_thruster_13" />
				</parts>
			</connection>
			<connection name="con_dock_xs" tags="dock_xs ">
				<offset>
					<position x="0" y="-3.997322" z="-34.7009" />
					<quaternion qx="-0" qy="-1" qz="-0" qw="7.54979E-08" />
				</offset>
			</connection>
			<connection name="con_dockpos" tags="dockpos ">
				<offset>
					<position x="0" y="-21.11654" z="73.20691" />
				</offset>
			</connection>
			<connection name="con_playercontrol" tags="playercontrol">
				<offset>
					<position x="0" y="22.11559" z="7.128704" />
				</offset>
			</connection>
			<connection name="con_tagweapon" tags="tagger_slot  weapon_tag">
				<offset>
					<position x="-9.460049" y="-12.24892" z="46.21561" />
				</offset>
			</connection>
			<connection name="con_shield_back_01" tags="medium shield unhittable platformcollision">
				<offset>
					<position x="0" y="9.496551" z="-48.32136" />
					<quaternion qx="-0.9674391" qy="-8.457622E-08" qz="2.212708E-08" qw="0.2531042" />
				</offset>
			</connection>
			<connection name="con_cockpit" tags="cockpit cockpit_visible">
				<offset>
					<position x="6.000042E-03" y="24.27549" z="-32.78843" />
				</offset>
			</connection>
			<connection name="con_turret_L01" tags="turret medium standard missile platformcollision unhittable ">
				<offset>
					<position x="-14.2237" y="18.44342" z="-35.08347" />
					<quaternion qx="2.31519E-09" qy="1.31301E-08" qz="-0.1736482" qw="-0.9848078" />
				</offset>
			</connection>
			<connection name="con_storage01" tags="storage ">
				<offset>
					<position x="0" y="22.02071" z="2.036606" />
				</offset>
			</connection>
			<connection name="con_turret_F02" tags="turret medium standard missile platformcollision unhittable ">
				<offset>
					<position x="0" y="-3.588947" z="57.22004" />
					<quaternion qx="1.571515E-07" qy="-0.3007057" qz="-0.9537169" qw="-3.717012E-09" />
				</offset>
			</connection>
			<connection name="con_turret_F01" tags="turret medium standard missile platformcollision unhittable ">
				<offset>
					<position x="0" y="8.029527" z="55.79472" />
					<quaternion qx="-0.1736482" qy="1.035024E-08" qz="5.869913E-08" qw="-0.9848078" />
				</offset>
			</connection>
			<!-- <connection name="con_turret_R01" tags="turret medium standard missile platformcollision unhittable ">
				<offset>
					<position x="14.23852" y="18.44342" z="-35.08347"/>
					<quaternion qx="-0" qy="-0" qz="0.1736482" qw="-0.9848078"/>
				</offset>
			</connection> -->
			<!-- start -->
			<!-- con from macro to comp for ship -->
			<connection name="tpturret01" tags="turret medium standard missile platformcollision unhittable ">
				<offset>
					<position x="-125" y="-18.5" z="-100" />
					<rotation yaw="0" pitch="0" roll="-25" />
				</offset>
			</connection>
			<connection name="tpturret02" tags="turret medium standard missile platformcollision unhittable ">
				<offset>
					<position x="125" y="-18.5" z="-100" />
					<rotation yaw="0" pitch="0" roll="25" />
				</offset>
			</connection>
			<connection name="tpturret03" tags="turret medium standard missile platformcollision unhittable ">
				<offset>
					<position x="-125" y="-21" z="-200" />
					<rotation yaw="0" pitch="0" roll="-25" />
				</offset>
			</connection>
			<connection name="tpturret04" tags="turret medium standard missile platformcollision unhittable ">
				<offset>
					<position x="125" y="-21" z="-200" />
					<rotation yaw="0" pitch="0" roll="25" />
				</offset>
			</connection>
			<connection name="tpturret05" tags="turret medium standard missile platformcollision unhittable ">
				<offset>
					<position x="-125" y="-21" z="-300" />
					<rotation yaw="0" pitch="0" roll="-25" />
				</offset>
			</connection>
			<connection name="tpturret06" tags="turret medium standard missile platformcollision unhittable ">
				<offset>
					<position x="125" y="-21" z="-300" />
					<rotation yaw="0" pitch="0" roll="25" />
				</offset>
			</connection>
			<connection name="tpturret07"  tags="turret large standard ">
				<offset>
					<position x="-130" y="-30" z="-400" />
					<rotation yaw="0" pitch="0" roll="-25" />
				</offset>
			</connection>
			<connection name="tpturret08"  tags="turret large standard ">
				<offset>
					<position x="130" y="-30" z="-400" />
					<rotation yaw="0" pitch="0" roll="25" />
				</offset>
			</connection>
			<connection name="con_shield_l_01" tags="large shield ">
				
			</connection>
			<connection name="con_shield_l_02" tags="large shield ">
				
			</connection>
			<connection name="con_shield_l_03" tags="large shield ">
				
			</connection>
			<connection name="connectiontocompmacro" group="group06" tags="destructible">
				<offset>
					<position x="0" y="40.44342" z="0" />
					<!-- <quaternion qx="-0" qy="-0" qz="0.1736482" qw="-0.9848078" /> -->
				</offset>
			</connection>
			<!-- <connection name="con_engine_01" group="group_back_mid_mid" tags="engine large ">
				<offset>
					<position x="0" y="0" z="-40"/>
				</offset>
			</connection> -->
			<connection name="con_dockarea_arg_s_ship_01" tags="dockarea ">
				<offset>
					<position x="-40.29798" y="-5" z="-560" />
				</offset>
			</connection>
			<connection name="con_dockarea_arg_s_ship_004" tags="dockarea ">
				<offset>
					<position x="80.29798" y="-5" z="-560" />
				</offset>
			</connection>
			<connection name="con_dockarea_arg_xl_carrier_01" tags="dockarea ">
				<offset>
					<position x="0" y="-5" z="-300" />
					<rotation yaw="90" pitch="0" roll="0" />
				</offset>
			</connection>
			<connection name="con_engine_01" tags="engine extralarge ">
				<offset>
					<position x="-100" y="-110" z="-700" />
				</offset>
			</connection>
			<connection name="con_engine_03" tags="engine extralarge ">
				<offset>
					<position x="100" y="-110" z="-700" />
				</offset>
			</connection>
			<!-- end -->
			<connection name="con_primaryweapon_02" tags="weapon medium standard missile mining platformcollision symmetry symmetry_right">
				<offset>
					<position x="16.693" y="-0.7604403" z="50.34939" />
				</offset>
			</connection>
			<connection name="con_shield_front_R" tags="medium shield unhittable platformcollision">
				<offset>
					<position x="14.55085" y="11.67799" z="41.56217" />
					<quaternion qx="-8.715573E-02" qy="-7.619396E-09" qz="-8.70901E-08" qw="-0.9961947" />
				</offset>
			</connection>
			<connection name="con_shield_front_L" tags="medium shield unhittable platformcollision">
				<offset>
					<position x="-14.4796" y="11.67799" z="41.56217" />
					<quaternion qx="-8.715595E-02" qy="-7.619414E-09" qz="-8.70901E-08" qw="-0.9961947" />
				</offset>
			</connection>
			<connection name="con_shipstorage_s_01" tags="dockingbay ">
				<offset>
					<position x="0" y="22.02071" z="-0.585762" />
				</offset>
			</connection>
			<connection name="con_shipstorage_m_01" tags="dockingbay ">
				<offset>
					<position x="0" y="22.02071" z="-0.585762" />
				</offset>
			</connection>
			<connection name="con_shipstorage_xs_01" tags="dockingbay ">
				<offset>
					<position x="0" y="22.02071" z="-2.939739" />
				</offset>
			</connection>
			<connection name="con_cargotube" tags="cargotube">
				<offset>
					<position x="0" y="-20.27828" z="10.05682" />
				</offset>
			</connection>
			<connection name="con_countermeasures_01" tags="countermeasures ">
				<offset>
					<position x="0" y="16.22444" z="-59.52633" />
					<quaternion qx="-0.9396926" qy="-0" qz="-0" qw="-0.3420202" />
				</offset>
			</connection>
			<connection name="con_npc_stand_001" group="transporter_01 " tags="npc_waypoint stand npctransport npc_location_exit ">
				<offset>
					<position x="5.714849E-03" y="-19.32858" z="28.85121" />
					<quaternion qx="-0" qy="-1" qz="-0" qw="-1.192488E-08" />
				</offset>
			</connection>
			<connection name="con_npc_stand_002" group="transporter_02 " tags="npc_waypoint stand npctransport ">
				<offset>
					<position x="5.714849E-03" y="22.98751" z="-37.4287" />
					<quaternion qx="-0" qy="-1" qz="-0" qw="-1.192488E-08" />
				</offset>
			</connection>
			<connection name="con_tochair" group="pilotcontrol" tags="tochair ">
				<offset>
					<position x="7.368014E-08" y="22.99772" z="-33.35932" />
				</offset>
			</connection>
			<connection name="con_uianchor" group="pilotcontrol" tags="uianchor ">
				<offset>
					<position x="5.997753E-03" y="24.13196" z="-32.52406" />
				</offset>
			</connection>
			<connection name="con_tochair001" group="gunnercontrol" tags="tochair ">
				<offset>
					<position x="-1.737744" y="22.70629" z="-33.17382" />
				</offset>
			</connection>
			<connection name="con_uianchor001" group="gunnercontrol" tags="uianchor ">
				<offset>
					<position x="-1.731746" y="23.84053" z="-32.33855" />
				</offset>
			</connection>
			<connection name="con_tochair002" group="navigationcontrol" tags="tochair ">
				<offset>
					<position x="1.744229" y="22.70629" z="-33.17382" />
				</offset>
			</connection>
			<connection name="con_uianchor002" group="navigationcontrol" tags="uianchor ">
				<offset>
					<position x="1.750226" y="23.84053" z="-32.33855" />
				</offset>
			</connection>
			<connection name="con_shipstorage_m_01" tags="dockingbay ">
				<offset>
					<position x="-2.243557" y="180.5348" z="163.3229" />
				</offset>
			</connection>
			<!-- <connection name="con_dockarea_arg_s_ship_01" tags="dockarea  ">
				<offset>
					<position x="0" y="14.39101" z="3.875652" />
				</offset>
			</connection> -->
		</connections>
	</component>
</components>