<?xml version="1.0" encoding="utf-8" ?>
<macros>
    <macro name="tpwar_terraformer_macro" class="ship_xl">
        <component ref="tpwar_terraformer_comp" />
        <properties>
            <identification name="{734546,62}" description="{734546,63}" icon="ship_xl_fight_01" />
            <software>
                <software ware="software_dockmk2" default="1" />
                <software ware="software_flightassistmk1" default="1" />
                <software ware="software_scannerlongrangemk2" default="1" />
                <software ware="software_scannerobjectmk2" default="1" />
                <software ware="software_targetmk1" default="1" />
                <software ware="software_trademk1" default="1" />
            </software>
            <hull max="735000" />
            <secrecy level="3" />
            <purpose primary="fight" />
            <people capacity="0" />
            <physics mass="1874.085">
                <inertia pitch="1397.262" yaw="1397.262" roll="1117.81" />
                <drag forward="454.817" reverse="1819.268" horizontal="187.409" vertical="187.409" pitch="1074.817" yaw="1074.817" roll="1074.817" />
            </physics>
            <thruster tags="extralarge" />
            <loadouts>
                <loadout id="default">
                    <macros>
                        <engine macro="engine_tfm_xl_allround_01_mk1_macro" path="../con_engine_01" />
                    </macros>
                    <ammunition>
                        <ammunition macro="countermeasure_flares_01_macro" min="0" max="200" optional="1" />
                    </ammunition>
                    <virtualmacros>
                        <thruster macro="thruster_gen_xl_allround_01_mk1_macro" />
                    </virtualmacros>
                </loadout>
            </loadouts>
            <capture allow="0" />
            <ship type="carrier" />
        </properties>
        <connections>
            <connection ref="con_dockarea_tel_xl_carrier_01_a">
                <macro ref="dockarea_tel_xl_carrier_01_macro" connection="Connection01" />
            </connection>
            <connection ref="con_dockarea_tel_xl_carrier_01_b">
                <macro ref="dockarea_tel_xl_carrier_01_macro" connection="Connection01" />
            </connection>
            <connection ref="con_dockarea_tel_xl_carrier_01_c">
                <macro ref="dockarea_tel_xl_carrier_01_macro" connection="Connection01" />
            </connection>
            <connection ref="con_dockarea_tel_xl_carrier_01_e">
                <macro ref="dockarea_tel_xl_carrier_01_macro" connection="Connection01" />
            </connection>
            <connection ref="con_dockarea_tel_xl_carrier_01_f">
                <macro ref="dockarea_tel_xl_carrier_01_macro" connection="Connection01" />
            </connection>
            <connection ref="con_dockarea_tel_xl_carrier_01_g">
                <macro ref="dockarea_tel_xl_carrier_01_macro" connection="Connection01" />
            </connection>
            <connection ref="con_dockarea_tel_xl_carrier_01_g">
                <macro ref="dockarea_tel_xl_carrier_01_macro" connection="Connection01" />
            </connection>
            <connection ref="con_dockarea_tel_xl_carrier_01_i">
                <macro ref="dockarea_tel_xl_carrier_01_macro" connection="Connection01" />
            </connection>
            <connection ref="con_shipstorage_m_01">
                <macro ref="tpwar_terraformer_shipstorage_m" connection="object" />
            </connection>
            <connection ref="con_shipstorage_s_01">
                <macro ref="tpwar_terraformer_shipstorage" connection="object" />
            </connection>
            <connection ref="con_cockpit">
                <macro ref="cockpit_gen_virtual_01_macro" connection="ship" />
            </connection>
            <connection ref="con_launchtube_arg_s_01_a">
                <macro ref="launchtube_xen_s_01_macro" connection="Connection02" />
            </connection>
            <connection ref="con_launchtube_arg_s_01_j">
                <macro ref="launchtube_xen_s_01_macro" connection="Connection02" />
            </connection>
            <connection ref="con_launchtube_arg_s_01_k">
                <macro ref="launchtube_xen_s_01_macro" connection="Connection02" />
            </connection>
            <connection ref="con_launchtube_arg_s_01_l">
                <macro ref="launchtube_xen_s_01_macro" connection="Connection02" />
            </connection>
            <connection ref="con_launchtube_arg_s_01_m">
                <macro ref="launchtube_xen_s_01_macro" connection="Connection02" />
            </connection>
            <connection ref="con_launchtube_arg_s_01_n">
                <macro ref="launchtube_xen_s_01_macro" connection="Connection02" />
            </connection>
            <connection ref="con_launchtube_arg_s_01_o">
                <macro ref="launchtube_xen_s_01_macro" connection="Connection02" />
            </connection>
            <connection ref="con_launchtube_arg_s_01_p">
                <macro ref="launchtube_xen_s_01_macro" connection="Connection02" />
            </connection>
            <connection ref="con_launchtube_arg_s_01_q">
                <macro ref="launchtube_xen_s_01_macro" connection="Connection02" />
            </connection>
            <connection ref="con_launchtube_arg_s_01_r">
                <macro ref="launchtube_xen_s_01_macro" connection="Connection02" />
            </connection>
            <connection ref="launchtube_arg_s_01_b">
                <macro ref="launchtube_xen_s_01_macro" connection="Connection02" />
            </connection>
            <connection ref="launchtube_arg_s_01_c">
                <macro ref="launchtube_xen_s_01_macro" connection="Connection02" />
            </connection>
            <connection ref="launchtube_arg_s_01_d">
                <macro ref="launchtube_xen_s_01_macro" connection="Connection02" />
            </connection>
            <connection ref="launchtube_arg_s_01_e">
                <macro ref="launchtube_xen_s_01_macro" connection="Connection02" />
            </connection>
            <connection ref="launchtube_arg_s_01_f">
                <macro ref="launchtube_xen_s_01_macro" connection="Connection02" />
            </connection>
            <connection ref="launchtube_arg_s_01_g">
                <macro ref="launchtube_xen_s_01_macro" connection="Connection02" />
            </connection>
            <connection ref="launchtube_arg_s_01_h">
                <macro ref="launchtube_xen_s_01_macro" connection="Connection02" />
            </connection>
            <connection ref="launchtube_arg_s_01_i">
                <macro ref="launchtube_xen_s_01_macro" connection="Connection02" />
            </connection>
        </connections>
    </macro>
</macros>