<?xml version="1.0" encoding="utf-8"?>
<!--Exported by: nick (192.168.3.120) at 27.11.2018_14-42-41-->
<macros xmlns:xsi="http://www.w3.org/2001/XMLSchema-instance" xsi:noNamespaceSchemaLocation="C:/Users/alby/Desktop/macroxsd/x4_macro.xsd">
  <macro name="tpwar_findbroker_macro" class="ship_m">
    <component ref="tpwar_findbroker_comp" />
    <properties>
      <identification name="{734546,17}" basename="{734546,17}" description="{734546,19}" variation="" shortvariation="" icon="ship_l_fight_01" />
      <software>
        <software ware="software_dockmk2" compatible="1" />
        <software ware="software_flightassistmk1" default="1" />
        <software ware="software_scannerlongrangemk1" default="1" />
        <software ware="software_scannerlongrangemk2" compatible="1" />
        <software ware="software_scannerobjectmk1" default="1" />
        <software ware="software_scannerobjectmk2" compatible="1" />
        <software ware="software_targetmk1" default="1" />
        <software ware="software_trademk1" compatible="1" />
      </software>
      <explosiondamage value="2000" />
      <storage missile="800" unit="8" />
      <hull max="60000" />
      <secrecy level="2" />
      <purpose primary="fight" />
      <people capacity="83" />
      <sounds>
        <shipdetail ref="shipdetail_ship_m_03" />
      </sounds>
      <physics mass="196.016">
        <inertia pitch="96.271" yaw="96.271" roll="77.016" />
        <drag forward="99.004" reverse="396.016" horizontal="73.005" vertical="73.005" pitch="106.203" yaw="106.203" roll="106.203" />
      </physics>
      <thruster tags="large" />
      <ship type="destroyer" />
      <sound_occlusion inside="0.4" />
    </properties>
    <connections>
      <connection ref="con_cockpit">
        <macro ref="cockpit_gen_virtual_01_macro" connection="ship" />
      </connection>
      <connection ref="con_dockarea_arg_s_ship_004">
        <macro ref="dockarea_arg_s_ship_03_macro" connection="Connection01" />
      </connection>
      <connection ref="con_dockarea_arg_s_ship_01">
        <macro ref="dockarea_arg_s_ship_03_macro" connection="Connection01" />
      </connection>
      <connection ref="con_dock_xs">
        <macro ref="dock_gen_xs_ship_01_macro" connection="Connection_component" />
      </connection>
      <connection ref="con_shipstorage_s_01">
        <macro ref="tpwar_findbroker_shipstorage" connection="object" />
      </connection>
      <connection ref="con_shipstorage_m_01">
        <macro ref="tpwar_findbroker_shipstorage" connection="object" />
      </connection>
      <connection ref="con_shipstorage_xs_01">
        <macro ref="shipstorage_gen_xs_01_macro" connection="object" />
      </connection>
      <connection ref="con_storage01">
        <macro ref="tpwar_findbroker_storage" connection="ShipConnection" />
      </connection>
      <connection ref="connectiontocompmacro">
				<macro ref="tpwar_findbroker_hull_macro" connection="connection_component01" />
			</connection>
      <connection ref="con_shipstorage_m_01">
        <macro ref="tpwar_findbroker_shipstorage_m" connection="object" />
      </connection>
      <connection ref="con_dockarea_arg_xl_carrier_01">
        <macro ref="dockarea_arg_xl_carrier_01_macro" connection="Connection01" />
      </connection>
      
    </connections>
  </macro>
</macros>