<?xml version="1.0" encoding="utf-8"?>
<!--Exported by: nick (192.168.3.120) at 27.11.2018_14-44-12-->
<macros xmlns:xsi="http://www.w3.org/2001/XMLSchema-instance" xsi:noNamespaceSchemaLocation="C:/Users/alby/Desktop/macroxsd/x4_macro.xsd">
  <macro name="tpwar_hypatia_macro" class="ship_l">
    <component ref="tpwar_hypatia_comp" />
    <properties>
      <identification name="{734546,1}" description="{734546,3}" basename="{734546,1}" variation="" shortvariation="" icon="ship_l_fight_01" />
      <software >
        <software ware="software_dockmk2" compatible="1" />
        <software ware="software_flightassistmk1" default="1" />
        <software ware="software_scannerlongrangemk1" default="1" />
        <software ware="software_scannerlongrangemk2" compatible="1" />
        <software ware="software_scannerobjectmk1" default="1" />
        <software ware="software_scannerobjectmk2" compatible="1" />
        <software ware="software_targetmk1" default="1" />
        <software ware="software_trademk1" compatible="1" />
      </software>
      <explosiondamage value="10000" />
      <storage missile="1400" unit="10" />
      <hull max="140000" />
      <secrecy level="2" />
      <purpose primary="fight" />
      <people capacity="54" />
      <sounds>
        <shipdetail ref="shipdetail_ship_l_01" />
      </sounds>
      <physics mass="196.016">
        <inertia pitch="96.271" yaw="96.271" roll="77.016" />
        <drag forward="99.004" reverse="396.016" horizontal="73.005" vertical="73.005" pitch="106.203" yaw="106.203" roll="106.203" />
      </physics>
      <thruster tags="large" />
      <ship type="destroyer" />
    </properties>
    <connections>
      <connection ref="con_cockpit">
        <macro ref="bridge_arg_l_01_macro" connection="con_cockpit" />
      </connection>
      <connection ref="con_dockarea_arg_s_ship_03">
        <macro ref="dockarea_arg_s_ship_03_macro" connection="Connection01" />
      </connection>
      <connection ref="con_dock_xs">
        <macro ref="dock_gen_xs_ship_01_macro" connection="Connection_component" />
      </connection>
      <connection ref="con_shipstorage_s_01">
        <macro ref="tpwar_hypatia_shipstorage" connection="object" />
      </connection>
      <connection ref="con_storage01">
        <macro ref="tpwar_hypatia_storage" connection="ShipConnection" />
      </connection>
    </connections>
  </macro>
</macros>