<?xml version="1.0" encoding="utf-8"?>
<!--Exported by: Michael (192.168.3.81) at 22.10.2018_14-10-05-->
<macros xmlns:xsi="http://www.w3.org/2001/XMLSchema-instance" xsi:noNamespaceSchemaLocation="C:/Users/alby/Desktop/macroxsd/x4_macro.xsd">
  <macro name="tpwar_jatu_hull_macro_one" class="destructible">
    <component ref="tpwar_jatu_hull_comp_one" />
    <properties>
      <identification name="{20104,30701}" shortname="{20104,30703}" makerrace="teladi" size="small" description="{20104,30702}" />
      <hull integrated="1" />
      <!-- <build>
        <sets>
          <set ref="factory" />
          <set ref="headquarters_player" />
          <set ref="tradestation_teladi" />
          <set ref="piratebase" />
        </sets>
      </build> -->
      <!-- <explosiondamage value="100000" /> -->
      <!-- <hull max="148471" /> -->
      <!-- <secrecy level="3" /> -->
      <!-- <workforce race="teladi" capacity="250" /> -->
    </properties>
  </macro>
</macros>