<?xml version="1.0" ?>
<components xmlns:xsi="http://www.w3.org/2001/XMLSchema-instance" xsi:noNamespaceSchemaLocation="C:/Users/alby/Desktop/macroxsd/x4_component.xsd">
	<component name="tpwar_jatu_hull_comp_two" class="destructible">
		<source geometry="assets\props\SurfaceElements\shield_xen_l_standard_01_mk2_data"/>
		<layers>
			<layer>
				<waypoints/>
				<lights/>
			</layer>
		</layers>
		<connections>
			<connection name="container" tags="contents" value="0"/>
			<connection name="position" tags="position" value="1"/>
			<connection name="Connection01" tags="destructible  ">
				<offset>
					<position x="-0.1063074" y="6.250744" z="0"/>
				</offset>
				<parts>
					<part name="part_detail_xl">
						<lods>
							<lod index="0">
								<materials>
									<material id="1" ref="generic.generic_p1_hulltexture"/>
									<material id="2" ref="generic.generic_p1_fx"/>
								</materials>
							</lod>
						</lods>
						<size>
							<max x="11.42917" y="5.814018" z="31.23341"/>
							<center x="3.874302E-07" y="0" z="0"/>
						</size>
					</part>
				</parts>
			</connection>
			<connection name="Connection02" tags="part animation nocollision detail_xl forceoutline  ">
				<offset>
					<position x="-3.701001E-03" y="10.90078" z="20.65217"/>
					<quaternion qx="5.33851E-08" qy="-0.7071066" qz="-0.7071069" qw="-5.338506E-08"/>
				</offset>
				<animations>
					<animation name="loop" start="1" end="200"/>
				</animations>
				<parts>
					<part name="part_anim_02">
						<lods>
							<lod index="0">
								<materials>
									<material id="1" ref="generic.generic_p1_hulltexture"/>
									<material id="2" ref="generic.generic_p1_fx"/>
								</materials>
							</lod>
						</lods>
						<size>
							<max x="3.170761" y="3.177717" z="3.170762"/>
							<center x="3.003515E-08" y="0" z="-3.814697E-06"/>
						</size>
						<size_raw>
							<max x="3.170761" y="3.177715" z="0.8554471"/>
							<center x="3.003515E-08" y="-0.4194956" z="0"/>
						</size_raw>
						<pivot>
							<offset>
								<position x="0.1933123" y="27.06338" z="-3.993885"/>
							</offset>
						</pivot>
					</part>
				</parts>
			</connection>
			<connection name="Connection03" tags="part animation nocollision detail_xl forceoutline  ">
				<offset>
					<position x="-7.296532E-03" y="10.90078" z="-20.63449"/>
					<quaternion qx="5.33851E-08" qy="-0.7071066" qz="-0.7071069" qw="-5.338506E-08"/>
				</offset>
				<animations>
					<animation name="loop" start="1" end="200"/>
				</animations>
				<parts>
					<part name="part_anim_01">
						<lods>
							<lod index="0">
								<materials>
									<material id="1" ref="generic.generic_p1_hulltexture"/>
									<material id="2" ref="generic.generic_p1_fx"/>
								</materials>
							</lod>
						</lods>
						<size>
							<max x="3.170761" y="3.177715" z="3.170762"/>
							<center x="2.086163E-07" y="0" z="-1.907349E-06"/>
						</size>
						<size_raw>
							<max x="3.170761" y="3.177717" z="0.8554471"/>
							<center x="-2.980232E-08" y="-0.4194956" z="-1.907349E-06"/>
						</size_raw>
						<pivot>
							<offset>
								<position x="0.1933123" y="27.06338" z="-3.993885"/>
							</offset>
						</pivot>
					</part>
				</parts>
			</connection>
			<connection name="Connection04" tags="part nocollision forceoutline detail_l  ">
				<offset>
					<position x="0.1875892" y="10.97603" z="6.496501E-02"/>
				</offset>
				<parts>
					<part name="part_decals">
						<lods>
							<lod index="0">
								<materials>
									<material id="1" ref="p1paint.paint_p1_decal_01"/>
								</materials>
							</lod>
						</lods>
						<size>
							<max x="11.51514" y="2.719975" z="20.64459"/>
							<center x="-0.1574789" y="0.4211454" z="-4.529953E-06"/>
						</size>
					</part>
				</parts>
			</connection>
			<connection name="Connection05" tags="part  ">
				<offset>
					<position x="8.940697E-08" y="0.418488" z="3.33786E-06"/>
				</offset>
				<parts>
					<part name="part_main" wreck="part_main_wreck">
						<lods>
							<lod index="0">
								<materials>
									<material id="1" ref="generic.generic_p1_hulltexture"/>
									<material id="2" ref="generic.generic_p1_fx"/>
								</materials>
							</lod>
							<lod index="1">
								<materials>
									<material id="1" ref="generic.generic_p1_hulltexture"/>
									<material id="2" ref="generic.generic_p1_fx"/>
								</materials>
							</lod>
							<lod index="2">
								<materials>
									<material id="1" ref="generic.generic_p1_hulltexture"/>
									<material id="2" ref="generic.generic_p1_fx"/>
								</materials>
							</lod>
							<lod index="3">
								<materials>
									<material id="1" ref="generic.generic_p1_hulltexture"/>
								</materials>
							</lod>
						</lods>
						<size>
							<max x="14.83385" y="6.830918" z="31.00907"/>
							<center x="-8.940697E-08" y="6.826005" z="4.768372E-07"/>
						</size>
						<pivot>
							<offset>
								<position x="0" y="7.151466" z="0"/>
							</offset>
						</pivot>
					</part>
				</parts>
			</connection>
			
			<connection name="connection_component01" tags="component object external">
				<offset>
					<position x="10" y="0" z="0" />
					<rotation yaw="0" pitch="0" roll="0"/>
					<!-- <quaternion qx="0.8509035" qy="-0" qz="-0" qw="0.525322" /> -->
				</offset>
			</connection>
			
			<!-- <connection name="hull_findbroker" tags="part findbroker ">
				<offset>
					<position x="0" y="-200" z="3.40419E-05"/>
					<quaternion qx="-0.7071068" qy="-0" qz="-0" qw="-0.7071067"/>
				</offset>
			</connection> -->
		</connections>
	</component>
</components>