<?xml version="1.0" encoding="utf-8"?>
<!--Exported by: nick (192.168.3.120) at 27.11.2018_14-44-12-->
<macros xmlns:xsi="http://www.w3.org/2001/XMLSchema-instance" xsi:noNamespaceSchemaLocation="C:/Users/alby/Desktop/macroxsd/x4_macro.xsd">
  <macro name="tpwar_lx_macro" class="ship_m">
    <component ref="tpwar_lx_comp" />
    <properties>
      <identification name="{734546,57}" description="{734546,57}" basename="{734546,57}" variation="" shortvariation="" icon="ship_m_fight_01" />
      <software >
        <software ware="software_dockmk2" compatible="1" />
        <software ware="software_flightassistmk1" default="1" />
        <software ware="software_scannerlongrangemk1" default="1" />
        <software ware="software_scannerlongrangemk2" compatible="1" />
        <software ware="software_scannerobjectmk1" default="1" />
        <software ware="software_scannerobjectmk2" compatible="1" />
        <software ware="software_targetmk1" default="1" />
        <software ware="software_trademk1" compatible="1" />
      </software>
      <explosiondamage value="10000" />
      <storage missile="1400" unit="10" />
      <hull max="140000" />
      <secrecy level="2" />
      <purpose primary="fight" />
      <people capacity="54" />
      <sounds>
        <shipdetail ref="shipdetail_ship_l_01" />
      </sounds>
      <physics mass="42.966">
        <inertia pitch="6.177" yaw="6.177" roll="4.942" />
        <drag forward="7.283" reverse="29.131" horizontal="26.605" vertical="26.605" pitch="13.242" yaw="13.242" roll="13.242" />
      </physics>
      <thruster tags="medium" />
      <ship type="corvette" />
    </properties>
    <connections>
      <connection ref="con_cockpit">
        <macro ref="cockpit_gen_virtual_01_macro" connection="ship" />
      </connection>
      <connection ref="connectiontocompmacro">
        <macro ref="tpwar_lx_eng_macro" connection="connection_component01" />
      </connection>
      
    </connections>
  </macro>
</macros>