<?xml version="1.0" ?>
<components>
    <component name="tpwar_terraformer_comp" class="ship_xl">
        <source geometry="assets\units\size_xl\ship_tfm_xl_carrier_01_data" />
        <layers>
            <layer>
                <waypoints />
                <lights>
                    <omni name="XU Omni01" shadow="0" r="255" g="53" b="0" range="865.5" shadowrange="865.5" lighteffect="1" trigger="1" intensity="7" specularintensity="1">
                        <lightanimations />
                        <offset>
                            <position x="8.459252" y="-22.81533" z="711.7244" />
                            <quaternion qx="3.853334E-03" qy="-0.7108943" qz="-0.7032774" qw="-3.895067E-03" />
                        </offset>
                    </omni>
                    <omni name="XU Omni002" shadow="0" r="255" g="84" b="0" range="865.5" shadowrange="865.5" lighteffect="1" trigger="1" intensity="3.3" specularintensity="1">
                        <lightanimations />
                        <offset>
                            <position x="8.459252" y="-22.81533" z="996.9878" />
                            <quaternion qx="3.853334E-03" qy="-0.7108943" qz="-0.7032774" qw="-3.895067E-03" />
                        </offset>
                    </omni>
                    <omni name="XU Omni003" shadow="0" r="255" g="53" b="0" range="200" shadowrange="200" lighteffect="1" trigger="1" intensity="3" specularintensity="0">
                        <lightanimations />
                        <offset>
                            <position x="-794.6239" y="142.9953" z="1475.523" />
                            <quaternion qx="3.853334E-03" qy="-0.7108943" qz="-0.7032774" qw="-3.895067E-03" />
                        </offset>
                    </omni>
                    <omni name="XU Omni004" shadow="0" r="255" g="53" b="0" range="200" shadowrange="200" lighteffect="1" trigger="1" intensity="3" specularintensity="0">
                        <lightanimations />
                        <offset>
                            <position x="-551.6481" y="597.2747" z="1475.523" />
                            <quaternion qx="3.853334E-03" qy="-0.7108943" qz="-0.7032774" qw="-3.895067E-03" />
                        </offset>
                    </omni>
                    <omni name="XU Omni005" shadow="0" r="255" g="53" b="0" range="200" shadowrange="200" lighteffect="1" trigger="1" intensity="3" specularintensity="0">
                        <lightanimations />
                        <offset>
                            <position x="-539.373" y="-636.8297" z="1562.895" />
                            <quaternion qx="3.853334E-03" qy="-0.7108943" qz="-0.7032774" qw="-3.895067E-03" />
                        </offset>
                    </omni>
                    <omni name="XU Omni006" shadow="0" r="255" g="53" b="0" range="200" shadowrange="200" lighteffect="1" trigger="1" intensity="3" specularintensity="0">
                        <lightanimations />
                        <offset>
                            <position x="526.4635" y="-636.8297" z="1562.895" />
                            <quaternion qx="3.853334E-03" qy="-0.7108943" qz="-0.7032774" qw="-3.895067E-03" />
                        </offset>
                    </omni>
                    <omni name="XU Omni007" shadow="0" r="255" g="53" b="0" range="200" shadowrange="200" lighteffect="1" trigger="1" intensity="3" specularintensity="0">
                        <lightanimations />
                        <offset>
                            <position x="819.0949" y="159.49" z="1466.202" />
                            <quaternion qx="3.853334E-03" qy="-0.7108943" qz="-0.7032774" qw="-3.895067E-03" />
                        </offset>
                    </omni>
                    <omni name="XU Omni008" shadow="0" r="255" g="53" b="0" range="200" shadowrange="200" lighteffect="1" trigger="1" intensity="3" specularintensity="0">
                        <lightanimations />
                        <offset>
                            <position x="555.2286" y="597.2747" z="1475.523" />
                            <quaternion qx="3.853334E-03" qy="-0.7108943" qz="-0.7032774" qw="-3.895067E-03" />
                        </offset>
                    </omni>
                    <omni name="XU Omni009" shadow="0" r="255" g="84" b="0" range="100" shadowrange="100" lighteffect="1" trigger="1" intensity="5" specularintensity="1">
                        <lightanimations />
                        <offset>
                            <position x="-293.4901" y="700.2554" z="115.2926" />
                            <quaternion qx="3.853334E-03" qy="-0.7108943" qz="-0.7032774" qw="-3.895067E-03" />
                        </offset>
                    </omni>
                    <omni name="XU Omni010" shadow="0" r="255" g="84" b="0" range="100" shadowrange="100" lighteffect="1" trigger="1" intensity="5" specularintensity="1">
                        <lightanimations />
                        <offset>
                            <position x="295.8297" y="700.2554" z="115.2926" />
                            <quaternion qx="3.853334E-03" qy="-0.7108943" qz="-0.7032774" qw="-3.895067E-03" />
                        </offset>
                    </omni>
                    <omni name="XU Omni011" shadow="0" r="255" g="84" b="0" range="100" shadowrange="100" lighteffect="1" trigger="1" intensity="5" specularintensity="1">
                        <lightanimations />
                        <offset>
                            <position x="771.4256" y="-140.8615" z="111.3314" />
                            <quaternion qx="3.853334E-03" qy="-0.7108943" qz="-0.7032774" qw="-3.895067E-03" />
                        </offset>
                    </omni>
                    <omni name="XU Omni012" shadow="0" r="255" g="84" b="0" range="100" shadowrange="100" lighteffect="1" trigger="1" intensity="5" specularintensity="1">
                        <lightanimations />
                        <offset>
                            <position x="276.238" y="-778.4259" z="111.3314" />
                            <quaternion qx="3.853334E-03" qy="-0.7108943" qz="-0.7032774" qw="-3.895067E-03" />
                        </offset>
                    </omni>
                    <omni name="XU Omni013" shadow="0" r="255" g="84" b="0" range="100" shadowrange="100" lighteffect="1" trigger="1" intensity="5" specularintensity="1">
                        <lightanimations />
                        <offset>
                            <position x="-272.7524" y="-778.4259" z="111.3314" />
                            <quaternion qx="3.853334E-03" qy="-0.7108943" qz="-0.7032774" qw="-3.895067E-03" />
                        </offset>
                    </omni>
                    <omni name="XU Omni014" shadow="0" r="255" g="84" b="0" range="102.5" shadowrange="102.5" lighteffect="1" trigger="1" intensity="4.3" specularintensity="1">
                        <lightanimations />
                        <offset>
                            <position x="-403.496" y="-776.4502" z="-930.5801" />
                            <quaternion qx="3.853334E-03" qy="-0.7108943" qz="-0.7032774" qw="-3.895067E-03" />
                        </offset>
                    </omni>
                    <omni name="XU Omni015" shadow="0" r="255" g="84" b="0" range="102.5" shadowrange="102.5" lighteffect="1" trigger="1" intensity="4.3" specularintensity="1">
                        <lightanimations />
                        <offset>
                            <position x="403.2457" y="-776.4502" z="-930.5801" />
                            <quaternion qx="3.853334E-03" qy="-0.7108943" qz="-0.7032774" qw="-3.895067E-03" />
                        </offset>
                    </omni>
                    <omni name="XU Omni016" shadow="0" r="255" g="84" b="0" range="102.5" shadowrange="102.5" lighteffect="1" trigger="1" intensity="4.3" specularintensity="1">
                        <lightanimations />
                        <offset>
                            <position x="-846.5968" y="-26.04848" z="-930.2151" />
                            <quaternion qx="3.853334E-03" qy="-0.7108943" qz="-0.7032774" qw="-3.895067E-03" />
                        </offset>
                    </omni>
                    <omni name="XU Omni017" shadow="0" r="255" g="84" b="0" range="102.5" shadowrange="102.5" lighteffect="1" trigger="1" intensity="4.3" specularintensity="1">
                        <lightanimations />
                        <offset>
                            <position x="-427.1978" y="732.6754" z="-930.2151" />
                            <quaternion qx="3.853334E-03" qy="-0.7108943" qz="-0.7032774" qw="-3.895067E-03" />
                        </offset>
                    </omni>
                    <omni name="XU Omni018" shadow="0" r="255" g="84" b="0" range="102.5" shadowrange="102.5" lighteffect="1" trigger="1" intensity="4.3" specularintensity="1">
                        <lightanimations />
                        <offset>
                            <position x="427.5404" y="732.6754" z="-930.2151" />
                            <quaternion qx="3.853334E-03" qy="-0.7108943" qz="-0.7032774" qw="-3.895067E-03" />
                        </offset>
                    </omni>
                    <omni name="XU Omni019" shadow="0" r="255" g="84" b="0" range="102.5" shadowrange="102.5" lighteffect="1" trigger="1" intensity="4.3" specularintensity="1">
                        <lightanimations />
                        <offset>
                            <position x="841.113" y="-30.39948" z="-930.2151" />
                            <quaternion qx="3.853334E-03" qy="-0.7108943" qz="-0.7032774" qw="-3.895067E-03" />
                        </offset>
                    </omni>
                    <omni name="XU Omni20" shadow="0" r="255" g="124" b="0" range="108.9" shadowrange="108.9" lighteffect="1" trigger="1" intensity="2.5" specularintensity="1">
                        <lightanimations />
                        <offset>
                            <position x="-629.9019" y="308.2679" z="192.4759" />
                            <quaternion qx="0.4008332" qy="-0.5824702" qz="-0.400696" qw="-0.5826696" />
                        </offset>
                    </omni>
                    <omni name="XU Omni021" shadow="0" r="255" g="124" b="0" range="108.9" shadowrange="108.9" lighteffect="1" trigger="1" intensity="2.5" specularintensity="1">
                        <lightanimations />
                        <offset>
                            <position x="-601.1117" y="382.4143" z="251.2579" />
                            <quaternion qx="0.4008332" qy="-0.5824702" qz="-0.400696" qw="-0.5826696" />
                        </offset>
                    </omni>
                    <omni name="XU Omni022" shadow="0" r="255" g="124" b="0" range="108.9" shadowrange="108.9" lighteffect="1" trigger="1" intensity="2.5" specularintensity="1">
                        <lightanimations />
                        <offset>
                            <position x="-539.1577" y="460.0391" z="251.2579" />
                            <quaternion qx="0.4008332" qy="-0.5824702" qz="-0.400696" qw="-0.5826696" />
                        </offset>
                    </omni>
                    <omni name="XU Omni023" shadow="0" r="255" g="124" b="0" range="108.9" shadowrange="108.9" lighteffect="1" trigger="1" intensity="2.5" specularintensity="1">
                        <lightanimations />
                        <offset>
                            <position x="-601.1117" y="382.4143" z="-123.7809" />
                            <quaternion qx="0.4008332" qy="-0.5824702" qz="-0.400696" qw="-0.5826696" />
                        </offset>
                    </omni>
                    <omni name="XU Omni024" shadow="0" r="255" g="124" b="0" range="108.9" shadowrange="108.9" lighteffect="1" trigger="1" intensity="2.5" specularintensity="1">
                        <lightanimations />
                        <offset>
                            <position x="-614.4366" y="344.126" z="-287.8314" />
                            <quaternion qx="0.4008332" qy="-0.5824702" qz="-0.400696" qw="-0.5826696" />
                        </offset>
                    </omni>
                    <omni name="XU Omni025" shadow="0" r="255" g="124" b="0" range="108.9" shadowrange="108.9" lighteffect="1" trigger="1" intensity="2.5" specularintensity="1">
                        <lightanimations />
                        <offset>
                            <position x="-563.5936" y="450.8392" z="-180.2946" />
                            <quaternion qx="0.4008332" qy="-0.5824702" qz="-0.400696" qw="-0.5826696" />
                        </offset>
                    </omni>
                    <omni name="XU Omni026" shadow="0" r="255" g="124" b="0" range="108.9" shadowrange="108.9" lighteffect="1" trigger="1" intensity="2.5" specularintensity="1">
                        <lightanimations />
                        <offset>
                            <position x="-678.8784" y="152.0617" z="-200.9039" />
                            <quaternion qx="0.4008332" qy="-0.5824702" qz="-0.400696" qw="-0.5826696" />
                        </offset>
                    </omni>
                    <omni name="XU Omni027" shadow="0" r="255" g="124" b="0" range="108.9" shadowrange="108.9" lighteffect="1" trigger="1" intensity="2.5" specularintensity="1">
                        <lightanimations />
                        <offset>
                            <position x="-678.8784" y="152.0617" z="191.5162" />
                            <quaternion qx="0.4008332" qy="-0.5824702" qz="-0.400696" qw="-0.5826696" />
                        </offset>
                    </omni>
                    <omni name="XU Omni028" shadow="0" r="255" g="124" b="0" range="108.9" shadowrange="108.9" lighteffect="1" trigger="1" intensity="2.5" specularintensity="1">
                        <lightanimations />
                        <offset>
                            <position x="-678.8784" y="371.2247" z="-695.5737" />
                            <quaternion qx="0.4008332" qy="-0.5824702" qz="-0.400696" qw="-0.5826696" />
                        </offset>
                    </omni>
                    <omni name="XU Omni029" shadow="0" r="255" g="124" b="0" range="108.9" shadowrange="108.9" lighteffect="1" trigger="1" intensity="2.5" specularintensity="1">
                        <lightanimations />
                        <offset>
                            <position x="-678.8784" y="371.2247" z="-878.6239" />
                            <quaternion qx="0.4008332" qy="-0.5824702" qz="-0.400696" qw="-0.5826696" />
                        </offset>
                    </omni>
                    <omni name="XU Omni030" shadow="0" r="255" g="124" b="0" range="108.9" shadowrange="108.9" lighteffect="1" trigger="1" intensity="2.5" specularintensity="1">
                        <lightanimations />
                        <offset>
                            <position x="-678.8784" y="371.2247" z="-1136.041" />
                            <quaternion qx="0.4008332" qy="-0.5824702" qz="-0.400696" qw="-0.5826696" />
                        </offset>
                    </omni>
                    <omni name="XU Omni031" shadow="0" r="255" g="124" b="0" range="108.9" shadowrange="108.9" lighteffect="1" trigger="1" intensity="2.5" specularintensity="1">
                        <lightanimations />
                        <offset>
                            <position x="-678.8784" y="371.2247" z="-1030.731" />
                            <quaternion qx="0.4008332" qy="-0.5824702" qz="-0.400696" qw="-0.5826696" />
                        </offset>
                    </omni>
                    <omni name="XU Omni032" shadow="0" r="255" g="124" b="0" range="108.9" shadowrange="108.9" lighteffect="1" trigger="1" intensity="2.5" specularintensity="1">
                        <lightanimations />
                        <offset>
                            <position x="55.29974" y="723.8737" z="-628.3646" />
                        </offset>
                    </omni>
                    <omni name="XU Omni033" shadow="0" r="255" g="124" b="0" range="108.9" shadowrange="108.9" lighteffect="1" trigger="1" intensity="2.5" specularintensity="1">
                        <lightanimations />
                        <offset>
                            <position x="-58.37635" y="723.8737" z="-542.1315" />
                        </offset>
                    </omni>
                    <omni name="XU Omni034" shadow="0" r="255" g="124" b="0" range="108.9" shadowrange="108.9" lighteffect="1" trigger="1" intensity="2.5" specularintensity="1">
                        <lightanimations />
                        <offset>
                            <position x="-58.37635" y="723.8737" z="-383.7374" />
                        </offset>
                    </omni>
                    <omni name="XU Omni035" shadow="0" r="255" g="124" b="0" range="108.9" shadowrange="108.9" lighteffect="1" trigger="1" intensity="2.5" specularintensity="1">
                        <lightanimations />
                        <offset>
                            <position x="8.117393" y="723.8737" z="-272.8008" />
                        </offset>
                    </omni>
                    <omni name="XU Omni036" shadow="0" r="255" g="124" b="0" range="108.9" shadowrange="108.9" lighteffect="1" trigger="1" intensity="2.5" specularintensity="1">
                        <lightanimations />
                        <offset>
                            <position x="44.074" y="723.8737" z="-472.4808" />
                        </offset>
                    </omni>
                    <omni name="XU Omni037" shadow="0" r="255" g="124" b="0" range="108.9" shadowrange="108.9" lighteffect="1" trigger="1" intensity="2.5" specularintensity="1">
                        <lightanimations />
                        <offset>
                            <position x="44.074" y="-772.0735" z="-472.4808" />
                        </offset>
                    </omni>
                    <omni name="XU Omni038" shadow="0" r="255" g="124" b="0" range="108.9" shadowrange="108.9" lighteffect="1" trigger="1" intensity="2.5" specularintensity="1">
                        <lightanimations />
                        <offset>
                            <position x="8.117393" y="-772.0735" z="-272.8008" />
                        </offset>
                    </omni>
                    <omni name="XU Omni039" shadow="0" r="255" g="124" b="0" range="108.9" shadowrange="108.9" lighteffect="1" trigger="1" intensity="2.5" specularintensity="1">
                        <lightanimations />
                        <offset>
                            <position x="-58.37635" y="-772.0735" z="-383.7374" />
                        </offset>
                    </omni>
                    <omni name="XU Omni040" shadow="0" r="255" g="124" b="0" range="108.9" shadowrange="108.9" lighteffect="1" trigger="1" intensity="2.5" specularintensity="1">
                        <lightanimations />
                        <offset>
                            <position x="-58.37635" y="-772.0735" z="-542.1315" />
                        </offset>
                    </omni>
                    <omni name="XU Omni041" shadow="0" r="255" g="124" b="0" range="108.9" shadowrange="108.9" lighteffect="1" trigger="1" intensity="2.5" specularintensity="1">
                        <lightanimations />
                        <offset>
                            <position x="55.29974" y="-772.0735" z="-628.3646" />
                        </offset>
                    </omni>
                    <omni name="XU Omni042" shadow="0" r="255" g="124" b="0" range="108.9" shadowrange="108.9" lighteffect="1" trigger="1" intensity="2.5" specularintensity="1">
                        <lightanimations />
                        <offset>
                            <position x="-549.2086" y="-501.6894" z="270.3391" />
                            <quaternion qx="0.4008332" qy="-0.5824702" qz="-0.400696" qw="-0.5826696" />
                        </offset>
                    </omni>
                    <omni name="XU Omni043" shadow="0" r="255" g="124" b="0" range="108.9" shadowrange="108.9" lighteffect="1" trigger="1" intensity="2.5" specularintensity="1">
                        <lightanimations />
                        <offset>
                            <position x="-549.2086" y="-501.6894" z="44.66057" />
                            <quaternion qx="0.4008332" qy="-0.5824702" qz="-0.400696" qw="-0.5826696" />
                        </offset>
                    </omni>
                    <omni name="XU Omni044" shadow="0" r="255" g="124" b="0" range="108.9" shadowrange="108.9" lighteffect="1" trigger="1" intensity="2.5" specularintensity="1">
                        <lightanimations />
                        <offset>
                            <position x="-654.0899" y="-384.7989" z="-747.7561" />
                            <quaternion qx="0.4008332" qy="-0.5824702" qz="-0.400696" qw="-0.5826696" />
                        </offset>
                    </omni>
                    <omni name="XU Omni045" shadow="0" r="255" g="124" b="0" range="108.9" shadowrange="108.9" lighteffect="1" trigger="1" intensity="2.5" specularintensity="1">
                        <lightanimations />
                        <offset>
                            <position x="-654.0899" y="-349.9362" z="-862.4233" />
                            <quaternion qx="0.4008332" qy="-0.5824702" qz="-0.400696" qw="-0.5826696" />
                        </offset>
                    </omni>
                    <omni name="XU Omni046" shadow="0" r="255" g="124" b="0" range="108.9" shadowrange="108.9" lighteffect="1" trigger="1" intensity="2.5" specularintensity="1">
                        <lightanimations />
                        <offset>
                            <position x="-620.9463" y="-390.356" z="-1082.074" />
                            <quaternion qx="0.4008332" qy="-0.5824702" qz="-0.400696" qw="-0.5826696" />
                        </offset>
                    </omni>
                    <omni name="XU Omni047" shadow="0" r="255" g="124" b="0" range="108.9" shadowrange="108.9" lighteffect="1" trigger="1" intensity="2.5" specularintensity="1">
                        <lightanimations />
                        <offset>
                            <position x="-620.9463" y="-360.5387" z="-1300.674" />
                            <quaternion qx="0.4008332" qy="-0.5824702" qz="-0.400696" qw="-0.5826696" />
                        </offset>
                    </omni>
                    <omni name="XU Omni048" shadow="0" r="255" g="84" b="0" range="100" shadowrange="100" lighteffect="1" trigger="1" intensity="5" specularintensity="1">
                        <lightanimations />
                        <offset>
                            <position x="-778.7216" y="-146.6291" z="115.2926" />
                            <quaternion qx="3.853334E-03" qy="-0.7108943" qz="-0.7032774" qw="-3.895067E-03" />
                        </offset>
                    </omni>
                    <omni name="XU Omni049" shadow="0" r="255" g="124" b="0" range="108.9" shadowrange="108.9" lighteffect="1" trigger="1" intensity="2.5" specularintensity="1">
                        <lightanimations />
                        <offset>
                            <position x="537.7377" y="460.0391" z="225.7901" />
                            <quaternion qx="0.4008332" qy="-0.5824702" qz="-0.400696" qw="-0.5826696" />
                        </offset>
                    </omni>
                    <omni name="XU Omni050" shadow="0" r="255" g="124" b="0" range="108.9" shadowrange="108.9" lighteffect="1" trigger="1" intensity="2.5" specularintensity="1">
                        <lightanimations />
                        <offset>
                            <position x="611.8726" y="337.618" z="251.2579" />
                            <quaternion qx="0.4008332" qy="-0.5824702" qz="-0.400696" qw="-0.5826696" />
                        </offset>
                    </omni>
                    <omni name="XU Omni051" shadow="0" r="255" g="124" b="0" range="108.9" shadowrange="108.9" lighteffect="1" trigger="1" intensity="2.5" specularintensity="1">
                        <lightanimations />
                        <offset>
                            <position x="686.7538" y="162.9301" z="191.5162" />
                            <quaternion qx="0.4008332" qy="-0.5824702" qz="-0.400696" qw="-0.5826696" />
                        </offset>
                    </omni>
                    <omni name="XU Omni052" shadow="0" r="255" g="124" b="0" range="108.9" shadowrange="108.9" lighteffect="1" trigger="1" intensity="2.5" specularintensity="1">
                        <lightanimations />
                        <offset>
                            <position x="603.1586" y="382.4143" z="-123.7809" />
                            <quaternion qx="0.4008332" qy="-0.5824702" qz="-0.400696" qw="-0.5826696" />
                        </offset>
                    </omni>
                    <omni name="XU Omni053" shadow="0" r="255" g="124" b="0" range="108.9" shadowrange="108.9" lighteffect="1" trigger="1" intensity="2.5" specularintensity="1">
                        <lightanimations />
                        <offset>
                            <position x="557.5087" y="450.8392" z="-180.2946" />
                            <quaternion qx="0.4008332" qy="-0.5824702" qz="-0.400696" qw="-0.5826696" />
                        </offset>
                    </omni>
                    <omni name="XU Omni054" shadow="0" r="255" g="124" b="0" range="108.9" shadowrange="108.9" lighteffect="1" trigger="1" intensity="2.5" specularintensity="1">
                        <lightanimations />
                        <offset>
                            <position x="612.4935" y="344.126" z="-287.8314" />
                            <quaternion qx="0.4008332" qy="-0.5824702" qz="-0.400696" qw="-0.5826696" />
                        </offset>
                    </omni>
                    <omni name="XU Omni055" shadow="0" r="255" g="124" b="0" range="108.9" shadowrange="108.9" lighteffect="1" trigger="1" intensity="2.5" specularintensity="1">
                        <lightanimations />
                        <offset>
                            <position x="688.1458" y="152.0617" z="-200.9039" />
                            <quaternion qx="0.4008332" qy="-0.5824702" qz="-0.400696" qw="-0.5826696" />
                        </offset>
                    </omni>
                    <omni name="XU Omni056" shadow="0" r="255" g="124" b="0" range="108.9" shadowrange="108.9" lighteffect="1" trigger="1" intensity="2.5" specularintensity="1">
                        <lightanimations />
                        <offset>
                            <position x="684.4402" y="371.2247" z="-689.8702" />
                            <quaternion qx="0.4008332" qy="-0.5824702" qz="-0.400696" qw="-0.5826696" />
                        </offset>
                    </omni>
                    <omni name="XU Omni057" shadow="0" r="255" g="124" b="0" range="108.9" shadowrange="108.9" lighteffect="1" trigger="1" intensity="2.5" specularintensity="1">
                        <lightanimations />
                        <offset>
                            <position x="676.6661" y="371.2247" z="-878.6239" />
                            <quaternion qx="0.4008332" qy="-0.5824702" qz="-0.400696" qw="-0.5826696" />
                        </offset>
                    </omni>
                    <omni name="XU Omni058" shadow="0" r="255" g="124" b="0" range="108.9" shadowrange="108.9" lighteffect="1" trigger="1" intensity="2.5" specularintensity="1">
                        <lightanimations />
                        <offset>
                            <position x="676.6661" y="371.2247" z="-1112.049" />
                            <quaternion qx="0.4008332" qy="-0.5824702" qz="-0.400696" qw="-0.5826696" />
                        </offset>
                    </omni>
                    <omni name="XU Omni059" shadow="0" r="255" g="124" b="0" range="108.9" shadowrange="108.9" lighteffect="1" trigger="1" intensity="2.5" specularintensity="1">
                        <lightanimations />
                        <offset>
                            <position x="635.3174" y="-378.6823" z="-1250.14" />
                            <quaternion qx="0.4008332" qy="-0.5824702" qz="-0.400696" qw="-0.5826696" />
                        </offset>
                    </omni>
                    <omni name="XU Omni060" shadow="0" r="255" g="124" b="0" range="108.9" shadowrange="108.9" lighteffect="1" trigger="1" intensity="2.5" specularintensity="1">
                        <lightanimations />
                        <offset>
                            <position x="622.0813" y="-360.5327" z="-1060.192" />
                            <quaternion qx="0.4008332" qy="-0.5824702" qz="-0.400696" qw="-0.5826696" />
                        </offset>
                    </omni>
                    <omni name="XU Omni061" shadow="0" r="255" g="124" b="0" range="108.9" shadowrange="108.9" lighteffect="1" trigger="1" intensity="2.5" specularintensity="1">
                        <lightanimations />
                        <offset>
                            <position x="622.0813" y="-360.5327" z="-953.1609" />
                            <quaternion qx="0.4008332" qy="-0.5824702" qz="-0.400696" qw="-0.5826696" />
                        </offset>
                    </omni>
                    <omni name="XU Omni062" shadow="0" r="255" g="124" b="0" range="108.9" shadowrange="108.9" lighteffect="1" trigger="1" intensity="2.5" specularintensity="1">
                        <lightanimations />
                        <offset>
                            <position x="622.0813" y="-398.0083" z="-782.1225" />
                            <quaternion qx="0.4008332" qy="-0.5824702" qz="-0.400696" qw="-0.5826696" />
                        </offset>
                    </omni>
                    <omni name="XU Omni063" shadow="0" r="255" g="124" b="0" range="108.9" shadowrange="108.9" lighteffect="1" trigger="1" intensity="2.5" specularintensity="1">
                        <lightanimations />
                        <offset>
                            <position x="539.7949" y="-508.6508" z="44.66057" />
                            <quaternion qx="0.4008332" qy="-0.5824702" qz="-0.400696" qw="-0.5826696" />
                        </offset>
                    </omni>
                    <omni name="XU Omni064" shadow="0" r="255" g="124" b="0" range="108.9" shadowrange="108.9" lighteffect="1" trigger="1" intensity="2.5" specularintensity="1">
                        <lightanimations />
                        <offset>
                            <position x="539.7949" y="-508.6508" z="165.0275" />
                            <quaternion qx="0.4008332" qy="-0.5824702" qz="-0.400696" qw="-0.5826696" />
                        </offset>
                    </omni>
                    <omni name="XU Omni065" shadow="0" r="255" g="124" b="0" range="108.9" shadowrange="108.9" lighteffect="1" trigger="1" intensity="2.5" specularintensity="1">
                        <lightanimations />
                        <offset>
                            <position x="539.7949" y="-508.6508" z="327.1053" />
                            <quaternion qx="0.4008332" qy="-0.5824702" qz="-0.400696" qw="-0.5826696" />
                        </offset>
                    </omni>
                </lights>
            </layer>
        </layers>
        <connections>
            <connection name="container" tags="contents" value="0" />
            <connection name="position" tags="position" value="1" />
            <connection name="space" tags="ship ship_xl">
                <offset />
            </connection>
            <connection name="Connection01" tags="part  ">
                <offset>
                    <position x="0" y="-21.11325" z="-54.10529" />
                </offset>
                <parts>
                    <part name="part_main" wreck="part_main_wreck">
                        <lods>
                            <lod index="0">
                                <materials>
                                    <material id="1" ref="generic.generic_p1_hullpattern_02" />
                                    <material id="2" ref="generic.generic_p1_hulltexture" />
                                    <material id="3" ref="generic.generic_p1_hullpattern" />
                                    <material id="4" ref="p1xenon.xen_engine_trim" />
                                </materials>
                            </lod>
                            <lod index="1">
                                <materials>
                                    <material id="1" ref="generic.generic_p1_hullpattern_02" />
                                    <material id="2" ref="generic.generic_p1_hulltexture" />
                                    <material id="3" ref="generic.generic_p1_hullpattern" />
                                    <material id="4" ref="p1xenon.xen_engine_trim" />
                                </materials>
                            </lod>
                            <lod index="2">
                                <materials>
                                    <material id="1" ref="generic.generic_p1_hullpattern_02" />
                                    <material id="2" ref="generic.generic_p1_hulltexture" />
                                    <material id="3" ref="generic.generic_p1_hullpattern" />
                                    <material id="4" ref="p1xenon.xen_engine_trim" />
                                </materials>
                            </lod>
                            <lod index="3">
                                <materials>
                                    <material id="1" ref="generic.generic_p1_hullpattern" />
                                </materials>
                            </lod>
                        </lods>
                        <size>
                            <max x="800.459" y="799.566" z="1832.039" />
                            <center x="0" y="-3.051758E-05" z="6.103516E-05" />
                        </size>
                    </part>
                </parts>
            </connection>
            <connection name="Connection02" tags="part detail_s forceoutline  ">
                <offset>
                    <position x="-3.051758E-05" y="-18.55826" z="4.754272" />
                </offset>
                <parts>
                    <part name="part_main_trim1_detail_m">
                        <lods>
                            <lod index="0">
                                <materials>
                                    <material id="1" ref="generic.generic_p1_hulltexture" />
                                    <material id="2" ref="xenon.xenon_p1_fx" />
                                </materials>
                            </lod>
                        </lods>
                        <size>
                            <max x="762.7863" y="682.5692" z="1731.903" />
                            <center x="36.52945" y="-110.7069" z="0" />
                        </size>
                    </part>
                </parts>
            </connection>
            <connection name="Connection03" tags="part detail_m forceoutline nocollision ">
                <offset>
                    <position x="2.56192" y="0" z="873.1047" />
                </offset>
                <parts>
                    <part name="part_antennas_detail_m">
                        <lods>
                            <lod index="0">
                                <materials>
                                    <material id="1" ref="generic.generic_p1_hulltexture" />
                                    <material id="2" ref="xenon.xenon_p1_fx" />
                                </materials>
                            </lod>
                        </lods>
                        <size>
                            <max x="734.4185" y="1180.957" z="1089.68" />
                            <center x="3.051758E-05" y="0" z="-6.103516E-05" />
                        </size>
                    </part>
                </parts>
            </connection>
            <connection name="Connection04" tags="part detail_s forceoutline  ">
                <offset>
                    <position x="0" y="-27.28127" z="-461.3827" />
                </offset>
                <parts>
                    <part name="part_main_detail_s">
                        <lods>
                            <lod index="0">
                                <materials>
                                    <material id="1" ref="generic.generic_p1_hulltexture" />
                                    <material id="2" ref="generic.generic_p1_alphatexture" />
                                    <material id="3" ref="xenon.xenon_p1_fx" />
                                </materials>
                            </lod>
                        </lods>
                        <size>
                            <max x="728.8816" y="792.1929" z="969.2278" />
                            <center x="2.130493" y="0.7601471" z="53.12637" />
                        </size>
                    </part>
                </parts>
            </connection>
            <connection name="Connection05" tags="part detail_s forceoutline  ">
                <offset>
                    <position x="-3.051758E-05" y="-18.55826" z="4.754272" />
                </offset>
                <parts>
                    <part name="part_main_trim2_detail_s">
                        <lods>
                            <lod index="0">
                                <materials>
                                    <material id="1" ref="generic.generic_p1_hulltexture" />
                                    <material id="2" ref="xenon.xenon_p1_fx" />
                                </materials>
                            </lod>
                        </lods>
                        <size>
                            <max x="349.1601" y="676.9502" z="1731.903" />
                            <center x="-450.1556" y="-116.3259" z="0" />
                        </size>
                    </part>
                </parts>
            </connection>
            <connection name="Connection06" tags="part detail_s forceoutline  ">
                <offset>
                    <position x="-3.051758E-05" y="-18.55826" z="4.754272" />
                </offset>
                <parts>
                    <part name="part_main_trim3_detail_m">
                        <lods>
                            <lod index="0">
                                <materials>
                                    <material id="1" ref="generic.generic_p1_hulltexture" />
                                    <material id="2" ref="xenon.xenon_p1_fx" />
                                </materials>
                            </lod>
                        </lods>
                        <size>
                            <max x="700.7816" y="257.1904" z="1570.911" />
                            <center x="-32.09848" y="536.0858" z="51.62744" />
                        </size>
                    </part>
                </parts>
            </connection>
            <connection name="Connection07" tags="part detail_s nocollision forceoutline  ">
                <offset>
                    <position x="0" y="-27.28127" z="-461.3827" />
                </offset>
                <parts>
                    <part name="part_main_alpha_detail_s">
                        <lods>
                            <lod index="0">
                                <materials>
                                    <material id="1" ref="generic.generic_p1_hulltexture" />
                                    <material id="2" ref="generic.generic_p1_alphatexture" />
                                    <material id="3" ref="xenon.xenon_p1_fx" />
                                </materials>
                            </lod>
                        </lods>
                        <size>
                            <max x="687.8203" y="739.292" z="945.1608" />
                            <center x="0" y="0.7601166" z="3.051758E-05" />
                        </size>
                    </part>
                </parts>
            </connection>
            <connection name="Connection08" tags="part detail_m forceoutline  ">
                <offset>
                    <position x="-3.051758E-05" y="-21.29041" z="304.6898" />
                </offset>
                <parts>
                    <part name="part_main_detail_m">
                        <lods>
                            <lod index="0">
                                <materials>
                                    <material id="1" ref="generic.generic_p1_hulltexture" />
                                    <material id="2" ref="xenon.xenon_p1_fx" />
                                </materials>
                            </lod>
                        </lods>
                        <size>
                            <max x="926.03" y="821.0682" z="1348" />
                            <center x="3.051758E-05" y="0" z="-3.051758E-05" />
                        </size>
                    </part>
                </parts>
            </connection>
            <!-- LOOK HERE YOU LOOK AT ME
            
            emppy space in back 
            turrets awol
             -->
            <!-- docks -->
            <connection name="con_dockarea_tel_xl_carrier_01_a" tags="dockarea">
                <offset>
                    <position x="0" y="700" z="0" />
                </offset>
            </connection>
            <connection name="con_dockarea_tel_xl_carrier_01_c" tags="dockarea">
                <offset>
                    <position x="0" y="800" z="200" />
                </offset>
            </connection>
            <connection name="con_dockarea_tel_xl_carrier_01_b" tags="dockarea">
                <offset>
                    <position x="0" y="900" z="400" />
                </offset>
            </connection>
            <connection name="con_dockarea_tel_xl_carrier_01_e" tags="dockarea">
                <offset>
                    <position x="0" y="1000" z="600" />
                </offset>
            </connection>
            <connection name="con_dockarea_tel_xl_carrier_01_f" tags="dockarea">
                <offset>
                    <position x="0" y="1100" z="-200" />
                </offset>
            </connection>
            <connection name="con_dockarea_tel_xl_carrier_01_g" tags="dockarea">
                <offset>
                    <position x="0" y="1200" z="-400" />
                </offset>
            </connection>
            <connection name="con_dockarea_tel_xl_carrier_01_h" tags="dockarea">
                <offset>
                    <position x="0" y="1300" z="-600" />
                    <rotation yaw="90" pitch="0" roll="0" />
                </offset>
            </connection>
            <connection name="con_dockarea_tel_xl_carrier_01_i" tags="dockarea">
                <offset>
                    <position x="-600" y="140" z="0" />
                </offset>
            </connection>
            <connection name="con_shipstorage_s_01" tags="dockingbay ">
                <offset></offset>
            </connection>
            <connection name="con_shipstorage_m_01" tags="dockingbay ">
                <offset></offset>
            </connection>
            <connection name="tpwarlturret012" group="group_back_down_mid " tags="turret large standard missile ">
                <offset>
                    <position x="1200" y="15" z="-1200" />
                </offset>
            </connection>
            <connection name="tpwarlturret013" group="group_back_down_mid " tags="turret large standard missile ">
                <offset>
                    <position x="1200" y="1200" z="-255" />
                </offset>
            </connection>
            <connection name="tpwarlturret014" group="group_back_down_mid " tags="turret large standard missile ">
                <offset>
                    <position x="1200" y="1200" z="255" />
                </offset>
            </connection>
            <connection name="tpwarlturret015" group="group_back_down_mid " tags="turret large standard missile ">
                <offset>
                    <position x="-1200" y="15" z="255" />
                </offset>
            </connection>
            <connection name="con_engine_01" tags="engine extralarge">
                <offset>
                    <position x="0" y="-22.79025" z="-1683.764" />
                </offset>
            </connection>
            <connection name="con_countermeasures_019" tags="countermeasures ">
                <offset>
                    <position x="-6.370926" y="-774.778" z="-1182.838" />
                    <quaternion qx="-0.5" qy="0.5" qz="-0.5" qw="-0.5" />
                </offset>
            </connection>
            <connection name="con_countermeasures_020" tags="countermeasures ">
                <offset>
                    <position x="-3.90126" y="722.0718" z="-1231.857" />
                    <quaternion qx="0.7071069" qy="-0" qz="-0" qw="-0.7071066" />
                </offset>
            </connection>
            <connection name="con_countermeasures_025" tags="countermeasures ">
                <offset>
                    <position x="-791.7213" y="70.69841" z="-1717.587" />
                    <quaternion qx="0.4777141" qy="-0.5213335" qz="-0.5213341" qw="0.4777147" />
                </offset>
            </connection>
            <connection name="con_countermeasures_026" tags="countermeasures ">
                <offset>
                    <position x="795.9683" y="82.43238" z="-1717.587" />
                    <quaternion qx="-0.4777141" qy="-0.5213336" qz="-0.5213341" qw="-0.4777147" />
                </offset>
            </connection>
            <connection name="con_countermeasures_027" tags="countermeasures ">
                <offset>
                    <position x="-0.4129324" y="780.241" z="952.6895" />
                    <quaternion qx="0.7071069" qy="-0" qz="-0" qw="-0.7071066" />
                </offset>
            </connection>
            <connection name="con_countermeasures_028" tags="countermeasures ">
                <offset>
                    <position x="-760.8689" y="70.69841" z="693.105" />
                    <quaternion qx="0.4777141" qy="-0.5213335" qz="-0.5213341" qw="0.4777147" />
                </offset>
            </connection>
            <connection name="con_countermeasures_029" tags="countermeasures ">
                <offset>
                    <position x="-6.370926" y="-774.778" z="1021.093" />
                    <quaternion qx="-0.5" qy="0.5" qz="-0.5" qw="-0.5" />
                </offset>
            </connection>
            <connection name="con_countermeasures_030" tags="countermeasures ">
                <offset>
                    <position x="758.3146" y="73.11412" z="689.7203" />
                    <quaternion qx="-0.4777141" qy="-0.5213336" qz="-0.5213341" qw="-0.4777147" />
                </offset>
            </connection>
            <connection name="con_cockpit" tags="cockpit cockpit_visible">
                <offset>
                    <position x="3.344604" y="75.33315" z="629.3849" />
                </offset>
            </connection>
            <connection name="con_launchtube_arg_s_01_a" tags="dockingbay ">
                <offset>
                    <position x="-564.7634" y="249.3157" z="-62.49693" />
                    <quaternion qx="-2.528811E-07" qy="-0.7071068" qz="1.461109E-07" qw="-0.7071067" />
                </offset>
            </connection>
            <connection name="launchtube_arg_s_01_b" tags="dockingbay ">
                <offset>
                    <position x="-564.7634" y="249.3157" z="-129.7562" />
                    <quaternion qx="-4.214685E-07" qy="-0.7071068" qz="-2.247643E-08" qw="-0.7071067" />
                </offset>
            </connection>
            <connection name="launchtube_arg_s_01_c" tags="dockingbay ">
                <offset>
                    <position x="-564.7634" y="249.1054" z="-194.763" />
                    <quaternion qx="-7.586433E-07" qy="-0.7071068" qz="-3.596512E-07" qw="-0.7071067" />
                </offset>
            </connection>
            <connection name="launchtube_arg_s_01_d" tags="dockingbay ">
                <offset>
                    <position x="-564.7634" y="249.3157" z="-255.8006" />
                    <quaternion qx="-1.432993E-06" qy="-0.7071068" qz="-1.034001E-06" qw="-0.7071067" />
                </offset>
            </connection>
            <connection name="launchtube_arg_s_01_e" tags="dockingbay ">
                <offset>
                    <position x="-564.7634" y="249.3157" z="-316.0712" />
                    <quaternion qx="-1.685874E-07" qy="-0.7071068" qz="2.304047E-07" qw="-0.7071067" />
                </offset>
            </connection>
            <connection name="launchtube_arg_s_01_f" tags="dockingbay ">
                <offset>
                    <position x="-628.7834" y="-247.9422" z="-761.8523" />
                    <quaternion qx="-4.214685E-07" qy="-0.7071068" qz="-2.247643E-08" qw="-0.7071067" />
                </offset>
            </connection>
            <connection name="launchtube_arg_s_01_g" tags="dockingbay ">
                <offset>
                    <position x="-628.7834" y="-247.9422" z="-911.8177" />
                    <quaternion qx="-7.586433E-07" qy="-0.7071068" qz="-3.596512E-07" qw="-0.7071067" />
                </offset>
            </connection>
            <connection name="launchtube_arg_s_01_h" tags="dockingbay ">
                <offset>
                    <position x="-628.7834" y="-247.9422" z="-1088.74" />
                    <quaternion qx="-1.432993E-06" qy="-0.7071068" qz="-1.034001E-06" qw="-0.7071067" />
                </offset>
            </connection>
            <connection name="launchtube_arg_s_01_i" tags="dockingbay ">
                <offset>
                    <position x="-628.7834" y="-247.9422" z="-1283.996" />
                    <quaternion qx="-1.685874E-07" qy="-0.7071068" qz="2.304047E-07" qw="-0.7071067" />
                </offset>
            </connection>
            <connection name="con_launchtube_arg_s_01_j" tags="dockingbay ">
                <offset>
                    <position x="564.3619" y="249.2316" z="-62.49693" />
                    <quaternion qx="-0.7071068" qy="3.510227E-07" qz="0.7071068" qw="4.796931E-08" />
                </offset>
            </connection>
            <connection name="con_launchtube_arg_s_01_q" tags="dockingbay ">
                <offset>
                    <position x="628.3929" y="-247.9422" z="-1089.035" />
                    <quaternion qx="3.596512E-07" qy="0.7071068" qz="-7.586432E-07" qw="-0.7071068" />
                </offset>
            </connection>
            <connection name="con_launchtube_arg_s_01_p" tags="dockingbay ">
                <offset>
                    <position x="628.3929" y="-247.9422" z="-911.6332" />
                    <quaternion qx="1.034001E-06" qy="0.7071068" qz="-1.432993E-06" qw="-0.7071068" />
                </offset>
            </connection>
            <connection name="con_launchtube_arg_s_01_o" tags="dockingbay ">
                <offset>
                    <position x="628.3931" y="-247.9422" z="-761.1933" />
                    <quaternion qx="-2.304047E-07" qy="0.7071068" qz="-1.685874E-07" qw="-0.7071068" />
                </offset>
            </connection>
            <connection name="con_launchtube_arg_s_01_r" tags="dockingbay ">
                <offset>
                    <position x="628.3929" y="-247.9422" z="-1284.036" />
                    <quaternion qx="2.247645E-08" qy="0.7071068" qz="-4.214685E-07" qw="-0.7071068" />
                </offset>
            </connection>
            <connection name="con_launchtube_arg_s_01_k" tags="dockingbay ">
                <offset>
                    <position x="564.3619" y="249.2316" z="-129.7562" />
                    <quaternion qx="-0.7071068" qy="3.510227E-07" qz="0.7071068" qw="4.796931E-08" />
                </offset>
            </connection>
            <connection name="con_launchtube_arg_s_01_l" tags="dockingbay ">
                <offset>
                    <position x="564.3619" y="249.4419" z="-194.763" />
                    <quaternion qx="-0.7071068" qy="3.510227E-07" qz="0.7071068" qw="4.796931E-08" />
                </offset>
            </connection>
            <connection name="con_launchtube_arg_s_01_m" tags="dockingbay ">
                <offset>
                    <position x="564.3619" y="249.2316" z="-255.8006" />
                    <quaternion qx="-0.7071068" qy="3.510227E-07" qz="0.7071068" qw="4.796931E-08" />
                </offset>
            </connection>
            <connection name="con_launchtube_arg_s_01_n" tags="dockingbay ">
                <offset>
                    <position x="564.3619" y="249.2316" z="-316.0712" />
                    <quaternion qx="-0.7071068" qy="3.510227E-07" qz="0.7071068" qw="4.796931E-08" />
                </offset>
            </connection>
        </connections>
    </component>
</components>