<?xml version="1.0" ?>
<components>
    <component name="tpwar_lx_comp" class="ship_m">
        <source geometry="extensions\TeleportationShips\ships\tpwar_lx_data" />
        <layers>
            <layer>
                <waypoints />
                <lights>
                    <omni name="XU Omni05" shadow="0" r="255" g="24" b="0" range="15" shadowrange="15" lighteffect="1" trigger="1" intensity="0.4">
                        <lightanimations />
                        <offset>
                            <position x="-8.336227" y="-8.664199" z="1.057205" />
                        </offset>
                    </omni>
                    <omni name="XU Omni06" shadow="0" r="255" g="24" b="0" range="15" shadowrange="15" lighteffect="1" trigger="1" intensity="0.4">
                        <lightanimations />
                        <offset>
                            <position x="-8.336227" y="6.577954" z="-6.97649" />
                        </offset>
                    </omni>
                    <omni name="XU Omni07" shadow="0" r="255" g="24" b="0" range="15" shadowrange="15" lighteffect="1" trigger="1" intensity="0.4">
                        <lightanimations />
                        <offset>
                            <position x="-8.336226" y="6.577955" z="9.302757" />
                        </offset>
                    </omni>
                    <omni name="XU Omni08" shadow="0" r="255" g="24" b="0" range="15" shadowrange="15" lighteffect="1" trigger="1" intensity="0.4">
                        <lightanimations />
                        <offset>
                            <position x="8.364024" y="6.577955" z="9.302757" />
                        </offset>
                    </omni>
                    <omni name="XU Omni09" shadow="0" r="255" g="24" b="0" range="15" shadowrange="15" lighteffect="1" trigger="1" intensity="0.4">
                        <lightanimations />
                        <offset>
                            <position x="8.364023" y="6.577954" z="-6.97649" />
                        </offset>
                    </omni>
                    <omni name="XU Omni10" shadow="0" r="255" g="24" b="0" range="15" shadowrange="15" lighteffect="1" trigger="1" intensity="0.4">
                        <lightanimations />
                        <offset>
                            <position x="8.364023" y="-8.664199" z="1.057205" />
                        </offset>
                    </omni>
                    <omni name="XU Omni11" shadow="0" r="255" g="24" b="0" range="40" shadowrange="40" lighteffect="1" trigger="1" intensity="0.25">
                        <lightanimations />
                        <offset>
                            <position x="0" y="-8.008617" z="43.60356" />
                        </offset>
                    </omni>
                </lights>
            </layer>
        </layers>
        <connections>
            <connection name="container" tags="contents" value="0" optional="0" />
            <connection name="position" tags="position" value="1" optional="1" />
            <connection name="space" tags="ship ship_m">
                <offset />
            </connection>
            <connection name="Connection01" tags="part  ">
                <offset />
                <parts>
                    <part name="part_main" wreck="part_main_wreck">
                        <lods>
                            <lod index="0">
                                <materials>
                                    <material id="1" ref="argon.ar_unique_01" />
                                    <material id="2" ref="argon.ar_unique_02" />
                                    <material id="3" ref="generic.generic_engines_01" />
                                    <material id="4" ref="argon.ar_unique_04" />
                                </materials>
                            </lod>
                            <lod index="1">
                                <materials>
                                    <material id="1" ref="argon.ar_unique_01" />
                                    <material id="2" ref="argon.ar_unique_02" />
                                    <material id="3" ref="generic.generic_engines_01" />
                                    <material id="4" ref="argon.ar_unique_04" />
                                </materials>
                            </lod>
                            <lod index="2">
                                <materials>
                                    <material id="1" ref="argon.ar_unique_01" />
                                </materials>
                            </lod>
                            <lod index="3">
                                <materials>
                                    <material id="1" ref="argon.ar_unique_01" />
                                </materials>
                            </lod>
                        </lods>
                        <size>
                            <max x="28.19981" y="32.69847" z="53.70539" />
                            <center x="9.536743E-06" y="-18.11337" z="34.42249" />
                        </size>
                    </part>
                </parts>
            </connection>
            <connection name="Connection02" tags="part  ">
                <offset>
                    <position x="0" y="0" z="139.3849"/>
                </offset>
                <parts/>
            </connection>
            <connection name="con_weapon_04" tags="weapon large standard arg_destroyer_01 ">
				<offset>
					<position x="-30" y="-5" z="-5" />
				</offset>
			</connection>
			<connection name="con_weapon_03" tags="weapon large standard arg_destroyer_01 ">
				<offset>
					<position x="30" y="-5" z="-5" />
				</offset>
			</connection>
            <connection name="con_weapon_02" tags="weapon large standard arg_destroyer_01 ">
				<offset>
					<position x="0" y="0" z="-5" />
				</offset>
			</connection>
			<connection name="con_weapon_01" tags="weapon large standard arg_destroyer_01 ">
				<offset>
					<position x="0" y="10" z="-5" />
				</offset>
			</connection>
           
            <connection name="con_primaryweapon_01" tags="weapon medium standard platformcollision ">
                <offset>
                    <position x="0" y="5" z="0" />
                </offset>
            </connection>
            <!-- <connection name="con_weapon_022" tags="component weapon large standard primary notupgradeable ">
				<offset>
					<position x="0" y="10" z="0" />
				</offset>
			</connection> -->
            <!-- <connection name="con_primaryweapon_02" tags="weapon medium standard platformcollision ">
                <offset>
                    <position x="0" y="10" z="0" />
                </offset>
            </connection> -->
            <connection name="connectiontocompmacro" group="group06" tags="destructible">
				<offset>
					<position x="0" y="0.44342" z="0" />
					<!-- <quaternion qx="-0" qy="-0" qz="0.1736482" qw="-0.9848078" /> -->
				</offset>
			</connection>
            <!-- <connection name="con_primaryweapon_03" tags="weapon medium standard platformcollision ">
                <offset>
                    <position x="0" y="15" z="0" />
                </offset>
            </connection>
            <connection name="con_primaryweapon_04" tags="weapon medium standard platformcollision ">
                <offset>
                    <position x="0" y="20" z="0" />
                </offset>
            </connection>
            <connection name="con_primaryweapon_05" tags="weapon medium standard platformcollision ">
                <offset>
                    <position x="0" y="-5" z="0" />
                </offset>
            </connection>
            <connection name="con_primaryweapon_06" tags="weapon medium standard platformcollision ">
                <offset>
                    <position x="0" y="-10" z="0" />
                </offset>
            </connection>
            <connection name="con_primaryweapon_07" tags="weapon medium standard platformcollision ">
                <offset>
                    <position x="0" y="-15" z="0" />
                </offset>
            </connection>
            <connection name="con_primaryweapon_08" tags="weapon medium standard platformcollision ">
                <offset>
                    <position x="0" y="-20" z="0" />
                </offset>
            </connection> -->
            
            <connection name="con_shield_01" tags="medium shield unhittable platformcollision ">
                <offset>
                   <!-- <position x="10" y="0" z="0" /> -->
                </offset>
            </connection>
            <connection name="con_shield_02" tags="medium shield unhittable platformcollision ">
                <offset>
                    <!-- <position x="20" y="0" z="0" /> -->
                </offset>
            </connection>
             <connection name="con_shield_03" tags="medium shield unhittable platformcollision ">
                <offset>
                   <!-- <position x="30" y="0" z="0" /> -->
                </offset>
            </connection>
            <connection name="con_shield_04" tags="medium shield unhittable platformcollision ">
                <offset>
                    <!-- <position x="40" y="0" z="0" /> -->
                </offset>
            </connection>
            <connection name="con_control01" value="-1" tags="npc  pilot control sit ">
                <offset>
                    <position x="0.03255" y="26.98256" z="5.90697" />
                </offset>
            </connection>
            <connection name="con_countermeasures_01" tags="countermeasures ">
                <offset>
                    <position x="0" y="0.8637945" z="-59.28061" />
                    <quaternion qx="-0.9238796" qy="-0" qz="-0" qw="-0.3826834" />
                </offset>
            </connection>
            <connection name="con_storage01" tags="storage ">
                <offset>
                    <position x="0" y="26.94825" z="-2.672149" />
                </offset>
            </connection>
           <connection name="con_engine_01" tags="engine medium ">
                <offset>
                    <position x="8" y="9.751929E-02" z="-7.92876" />
                    <rotation yaw="0" pitch="0" roll="90" />
                </offset>
            </connection>
            <connection name="con_engine_02" tags="engine medium ">
                <offset>
                    <position x="-8" y="9.751929E-02" z="-7.92876" />
                    <rotation yaw="0" pitch="0" roll="90" />
                </offset>
            </connection>
            <connection name="con_dockpos" tags="dockpos ">
                <offset>
                    <position x="0" y="-25.78609" z="109.5067" />
                </offset>
            </connection>
            <connection name="con_playercontrol" tags="playercontrol">
                <offset>
                    <position x="0" y="27.04314" z="0.3386583" />
                </offset>
            </connection>
            <connection name="con_cockpit" tags="cockpit cockpit_visible">
                <offset>
                    <position x="6.000042E-03" y="27.05147" z="2.826822" />
                </offset>
            </connection>
        </connections>
    </component>
</components>