<?xml version="1.0" ?>
<components xmlns:xsi="http://www.w3.org/2001/XMLSchema-instance" xsi:noNamespaceSchemaLocation="E:\Mod Stuff\X4 Extracted\UNIxsdfiles\x4_component.xsd">
	<component name="tpwar_kasper_comp" class="ship_s">
		<source geometry="assets\units\size_s\ship_arg_s_trans_container_02_data"/>
		<layers>
			<layer>
				<waypoints/>
				<lights/>
			</layer>
		</layers>
		<connections>
			<connection name="container" tags="contents" value="0"/>
			<connection name="position" tags="position" value="1"/>
			<connection name="space" tags="ship ship_s">
				<offset/>
			</connection>
			<connection name="Connection01" tags="part animation  ">
				<offset>
					<position x="-1.525879E-04" y="0.6606718" z="6.094466"/>
				</offset>
				<animations>
					<animation name="landinggears_inactive" start="1" end="1"/>
					<animation name="landinggears_activating" start="1" end="60"/>
					<animation name="landinggears_active" start="60" end="60"/>
					<animation name="landinggears_deactivating" start="60" end="120"/>
				</animations>
				<parts>
					<part name="part_main" wreck="part_main_wreck">
						<lods>
							<lod index="0">
								<materials>
									<material id="1" ref="generic.generic_p1_hulltexture"/>
									<material id="2" ref="p1.multimat"/>
									<material id="3" ref="generic.generic_p1_fx"/>
									<material id="4" ref="generic.generic_p1_int_lights_01"/>
								</materials>
							</lod>
							<lod index="1">
								<materials>
									<material id="1" ref="generic.generic_p1_hulltexture"/>
									<material id="2" ref="p1.multimat"/>
									<material id="3" ref="generic.generic_p1_fx"/>
									<material id="4" ref="generic.generic_p1_int_lights_01"/>
								</materials>
							</lod>
							<lod index="2">
								<materials>
									<material id="1" ref="generic.generic_p1_hulltexture"/>
									<material id="2" ref="p1.multimat"/>
									<material id="3" ref="generic.generic_p1_fx"/>
									<material id="4" ref="generic.generic_p1_int_lights_01"/>
								</materials>
							</lod>
							<lod index="3">
								<materials>
									<material id="1" ref="generic.generic_p1_hulltexture"/>
									<material id="2" ref="p1.multimat"/>
									<material id="3" ref="generic.generic_p1_fx"/>
									<material id="4" ref="generic.generic_p1_int_lights_01"/>
								</materials>
							</lod>
						</lods>
						<size>
							<max x="5.794888" y="2.726899" z="9.022898"/>
							<center x="0" y="0.4440373" z="-6.079789"/>
						</size>
						<size_raw>
							<max x="5.794888" y="2.726899" z="9.022898"/>
							<center x="0" y="0.4440373" z="-6.079789"/>
						</size_raw>
					</part>
				</parts>
				<waypoints/>
			</connection>
			<connection name="Connection02" tags="part animation platformcollision forceoutline detail_l  " parent="part_main">
				<offset>
					<position x="-2.434566" y="-0.8381648" z="-5.04376"/>
				</offset>
				<parts>
					<part name="gear_hr013">
						<lods>
							<lod index="0">
								<materials>
									<material id="1" ref="generic.generic_p1_hulltexture"/>
								</materials>
							</lod>
						</lods>
						<size>
							<max x="2.860248" y="2.912031" z="1.866181"/>
							<center x="2.434719" y="-0.4429711" z="0"/>
						</size>
						<size_raw>
							<max x="0.425529" y="0.8318099" z="1.866181"/>
							<center x="2.434719" y="0.8186252" z="0"/>
						</size_raw>
					</part>
				</parts>
				<animations>
					<animation name="landinggears_inactive" start="1" end="1"/>
					<animation name="landinggears_activating" start="1" end="60"/>
					<animation name="landinggears_active" start="60" end="60"/>
					<animation name="landinggears_deactivating" start="60" end="120"/>
				</animations>
			</connection>
			<connection name="Connection03" tags="part animation detail_xl platformcollision anim_cockpit  ">
				<offset>
					<position x="-0.3159049" y="-7.155931E-02" z="3.534277"/>
				</offset>
				<animations>
					<animation name="cockpit_closed" start="1" end="1"/>
					<animation name="cockpit_opening" start="1" end="30"/>
					<animation name="cockpit_open" start="30" end="30"/>
					<animation name="cockpit_closing" start="30" end="60"/>
				</animations>
				<parts>
					<part name="detail_xl_door_l013">
						<lods>
							<lod index="0">
								<materials>
									<material id="1" ref="generic.generic_p1_hulltexture"/>
								</materials>
							</lod>
						</lods>
						<size>
							<max x="0.6035709" y="1.311562" z="5.795908E-02"/>
							<center x="-0.281922" y="0" z="0"/>
						</size>
						<size_raw>
							<max x="0.3364475" y="1.311562" z="5.795901E-02"/>
							<center x="-1.479861E-02" y="0" z="0"/>
						</size_raw>
					</part>
				</parts>
			</connection>
			<connection name="Connection04" tags="part animation detail_xl platformcollision anim_cockpit  ">
				<offset>
					<position x="0.2873765" y="-7.155931E-02" z="3.534277"/>
				</offset>
				<animations>
					<animation name="cockpit_closed" start="1" end="1"/>
					<animation name="cockpit_opening" start="1" end="30"/>
					<animation name="cockpit_open" start="30" end="30"/>
					<animation name="cockpit_closing" start="30" end="60"/>
				</animations>
				<parts>
					<part name="detail_xl_door_r013">
						<lods>
							<lod index="0">
								<materials>
									<material id="1" ref="generic.generic_p1_hulltexture"/>
								</materials>
							</lod>
						</lods>
						<size>
							<max x="0.6076838" y="1.311562" z="5.795908E-02"/>
							<center x="0.3060341" y="0" z="0"/>
						</size>
						<size_raw>
							<max x="0.3264479" y="1.311562" z="5.795901E-02"/>
							<center x="2.479824E-02" y="0" z="0"/>
						</size_raw>
					</part>
				</parts>
			</connection>
			<connection name="Connection05" tags="part animation detail_xl platformcollision anim_cockpit  ">
				<offset>
					<position x="-0.3737371" y="-1.080287" z="2.067344"/>
				</offset>
				<animations>
					<animation name="cockpit_closed" start="1" end="1"/>
					<animation name="cockpit_opening" start="1" end="30"/>
					<animation name="cockpit_open" start="30" end="30"/>
					<animation name="cockpit_closing" start="30" end="60"/>
				</animations>
				<parts>
					<part name="detail_xl_airlock_l013">
						<lods>
							<lod index="0">
								<materials>
									<material id="1" ref="generic.generic_p1_hulltexture"/>
								</materials>
							</lod>
						</lods>
						<size>
							<max x="0.7537314" y="0.5986854" z="1.171708"/>
							<center x="-0.3801459" y="-7.643402E-02" z="0"/>
						</size>
						<size_raw>
							<max x="0.3735855" y="0.5222514" z="1.171708"/>
							<center x="0" y="0" z="0"/>
						</size_raw>
					</part>
				</parts>
			</connection>
			<connection name="Connection06" tags="part animation detail_xl platformcollision anim_cockpit  ">
				<offset>
					<position x="0.3734384" y="-1.080287" z="2.067344"/>
				</offset>
				<animations>
					<animation name="cockpit_closed" start="1" end="1"/>
					<animation name="cockpit_opening" start="1" end="30"/>
					<animation name="cockpit_open" start="30" end="30"/>
					<animation name="cockpit_closing" start="30" end="60"/>
				</animations>
				<parts>
					<part name="detail_xl_airlock_r013">
						<lods>
							<lod index="0">
								<materials>
									<material id="1" ref="generic.generic_p1_hulltexture"/>
								</materials>
							</lod>
						</lods>
						<size>
							<max x="0.7537305" y="0.5986855" z="1.171708"/>
							<center x="0.380145" y="-0.0764339" z="0"/>
						</size>
						<size_raw>
							<max x="0.3735855" y="0.5222515" z="1.171708"/>
							<center x="0" y="0" z="0"/>
						</size_raw>
					</part>
				</parts>
			</connection>
			<connection name="Connection07" tags="part animation detail_xl platformcollision walk_stairway anim_cockpit  ">
				<offset>
					<position x="8.500125E-04" y="-0.5246825" z="3.266468"/>
					<quaternion qx="-0" qy="0.7071068" qz="-0" qw="-0.7071067"/>
				</offset>
				<animations>
					<animation name="cockpit_closed" start="1" end="1"/>
					<animation name="cockpit_opening" start="1" end="30"/>
					<animation name="cockpit_open" start="30" end="30"/>
					<animation name="cockpit_closing" start="30" end="60"/>
				</animations>
				<parts>
					<part name="anim_ladder">
						<lods>
							<lod index="0">
								<materials>
									<material id="1" ref="p1.multimat"/>
								</materials>
							</lod>
						</lods>
						<size>
							<max x="0.1800474" y="0.1391528" z="0.7020216"/>
							<center x="9.313226E-09" y="1.335025E-03" z="-4.720688E-05"/>
						</size>
						<size_raw>
							<max x="0.1800472" y="0.1391528" z="0.7020216"/>
							<center x="9.313226E-09" y="1.335025E-03" z="-4.720688E-05"/>
						</size_raw>
					</part>
				</parts>
			</connection>
			<connection name="Connection08" tags="part detail_s noshadowcaster forceoutline nocollision  ">
				<offset>
					<position x="-1.525879E-04" y="0.6381605" z="7.327933"/>
				</offset>
				<parts>
					<part name="fx_glass_dirt013">
						<lods>
							<lod index="0">
								<materials>
									<material id="1" ref="p1effects.p1_window_trim_01"/>
								</materials>
							</lod>
						</lods>
						<size>
							<max x="1.558511" y="1.499872" z="1.697512"/>
							<center x="0" y="-5.960464E-08" z="0"/>
						</size>
					</part>
				</parts>
			</connection>
			<connection name="Connection09" tags="part noshadowcaster nocollision detail_xs  ">
				<offset>
					<position x="-1.525879E-04" y="0.6382082" z="7.336266"/>
				</offset>
				<parts>
					<part name="detail_xs_glass_inside013">
						<lods>
							<lod index="0">
								<materials>
									<material id="1" ref="p1.cockpit_glass_inside_01"/>
								</materials>
							</lod>
						</lods>
						<size>
							<max x="1.558511" y="1.499988" z="1.700836"/>
							<center x="0" y="6.747246E-05" z="-5.246639E-03"/>
						</size>
					</part>
				</parts>
			</connection>
			<connection name="Connection10" tags="part nocollision  ">
				<offset>
					<position x="2.193029E-02" y="2.468848E-02" z="6.112398"/>
				</offset>
				<parts>
					<part name="part_cockpit013">
						<lods>
							<lod index="0">
								<materials>
									<material id="1" ref="p1.multimat"/>
									<material id="2" ref="generic.generic_p1_hulltexture"/>
									<material id="3" ref="generic.generic_p1_hullpattern"/>
									<material id="4" ref="generic.generic_p1_int_lights_01"/>
								</materials>
							</lod>
						</lods>
						<size>
							<max x="1.269414" y="1.639353" z="2.383216"/>
							<center x="0.2255391" y="0.4314944" z="-7.684183E-02"/>
						</size>
					</part>
				</parts>
			</connection>
			<connection name="Connection11" tags="part nocollision forceoutline detail_m  ">
				<offset>
					<position x="-6.703148E-03" y="-1.906228E-02" z="2.506603"/>
				</offset>
				<parts>
					<part name="part_decals013">
						<lods>
							<lod index="0">
								<materials>
									<material id="1" ref="p1paint.paint_p1_decal_01"/>
								</materials>
							</lod>
						</lods>
						<size>
							<max x="1.755409" y="1.361181" z="5.446527"/>
							<center x="9.313226E-09" y="0" z="0"/>
						</size>
					</part>
				</parts>
			</connection>
			<connection name="Connection12" tags="part animation platformcollision forceoutline detail_xl anim_dockdoor ">
				<offset>
					<position x="-1.524806E-04" y="0.1809026" z="-1.969303"/>
				</offset>
				<animations>
					<animation name="dockingbay_closed" start="0" end="0"/>
					<animation name="dockingbay_opening" start="0" end="60"/>
					<animation name="dockingbay_open" start="60" end="60"/>
					<animation name="dockingbay_closing" start="60" end="120"/>
				</animations>
				<parts>
					<part name="detail_xl_dronehatch_027">
						<lods>
							<lod index="0">
								<materials>
									<material id="1" ref="generic.generic_p1_hulltexture"/>
									<material id="2" ref="generic.generic_p1_fx"/>
									<material id="3" ref="generic.generic_p1_int_lights_01"/>
									<material id="4" ref="p1.multimat"/>
									<material id="5" ref="p1paint.paint_p1_decal_01"/>
								</materials>
							</lod>
						</lods>
						<size>
							<max x="1.502011" y="0.1278878" z="2.302736"/>
							<center x="1.193257E-08" y="2.980232E-08" z="-0.877768"/>
						</size>
						<size_raw>
							<max x="1.502011" y="0.1278878" z="1.315609"/>
							<center x="1.193257E-08" y="2.980232E-08" z="0.1093583"/>
						</size_raw>
					</part>
				</parts>
			</connection>
			<connection name="Connection13" tags="part animation platformcollision forceoutline detail_xl anim_dockdoor ">
				<offset>
					<position x="-1.516342E-04" y="-0.4783013" z="0.4608121"/>
				</offset>
				<animations>
					<animation name="dockingbay_closed" start="0" end="0"/>
					<animation name="dockingbay_opening" start="0" end="60"/>
					<animation name="dockingbay_open" start="60" end="60"/>
					<animation name="dockingbay_closing" start="60" end="120"/>
				</animations>
				<parts>
					<part name="detail_xl_dronehatch_028">
						<lods>
							<lod index="0">
								<materials>
									<material id="1" ref="generic.generic_p1_hulltexture"/>
								</materials>
							</lod>
						</lods>
						<size>
							<max x="1.499741" y="0.8585352" z="0.7492601"/>
							<center x="0" y="-0.3275523" z="-0.5459135"/>
						</size>
						<size_raw>
							<max x="1.499741" y="0.274046" z="0.694717"/>
							<center x="0" y="0.2569367" z="-0.4913705"/>
						</size_raw>
					</part>
				</parts>
			</connection>
			<connection name="Connection14" group="cabin_01" tags="part animation detail_l platformcollision forceoutline  ">
				<offset>
					<position x="-0.9718791" y="-0.0736593" z="4.624719"/>
				</offset>
				<animations>
					<animation name="doors_open" start="0" end="0"/>
					<animation name="doors_closing" start="0" end="30"/>
					<animation name="doors_closed" start="30" end="30"/>
					<animation name="doors_opening" start="30" end="60"/>
				</animations>
				<parts>
					<part name="detail_xl_door014">
						<lods>
							<lod index="0">
								<materials>
									<material id="1" ref="generic.generic_p1_hulltexture"/>
									<material id="2" ref="p1.multimat"/>
									<material id="3" ref="p1paint.paint_p1_decal_01"/>
								</materials>
							</lod>
						</lods>
						<size>
							<max x="0.544168" y="1.069761" z="0.5055676"/>
							<center x="7.879913E-03" y="-0.14906" z="-4.617882E-02"/>
						</size>
						<size_raw>
							<max x="0.4319029" y="1.069761" z="0.2155878"/>
							<center x="-0.1043853" y="-0.14906" z="-0.3358016"/>
						</size_raw>
					</part>
				</parts>
			</connection>
			<connection name="Connection15" tags="part ui transporter trigger_interact detail_xl location_cockpit platformcollision forceoutline  ">
				<offset>
					<position x="-0.9688374" y="9.605277E-02" z="4.154709"/>
				</offset>
				<parts>
					<part name="detail_xl_switch013">
						<lods>
							<lod index="0">
								<materials>
									<material id="1" ref="generic.generic_p1_int_lights_01"/>
									<material id="2" ref="generic.generic_p1_hulltexture"/>
									<material id="3" ref="p1effects.p1_terminal_displays_01"/>
								</materials>
							</lod>
						</lods>
						<size>
							<max x="9.236521E-02" y="0.2185443" z="3.482723E-02"/>
							<center x="0" y="-2.980232E-08" z="0"/>
						</size>
					</part>
				</parts>
			</connection>
			<connection name="Connection16" tags="part noshadowcaster platformcollision detail_xl  ">
				<offset>
					<position x="-1.525879E-04" y="0.6382082" z="7.336266"/>
				</offset>
				<parts>
					<part name="fx_glass013">
						<lods>
							<lod index="0">
								<materials>
									<material id="1" ref="p1.cockpit_glass_outside_02"/>
								</materials>
							</lod>
						</lods>
						<size>
							<max x="1.573427" y="1.514633" z="1.707997"/>
							<center x="0" y="-3.367662E-05" z="2.591133E-03"/>
						</size>
					</part>
				</parts>
			</connection>
			<connection name="Connection17" tags="part detail_s noshadowcaster forceoutline nocollision  ">
				<offset>
					<position x="-1.525879E-04" y="0.6381943" z="7.325346"/>
				</offset>
				<parts>
					<part name="fx_glass_mode013">
						<lods>
							<lod index="0">
								<materials>
									<material id="1" ref="arcp1.cp1_modes"/>
								</materials>
							</lod>
						</lods>
						<size>
							<max x="1.55354" y="1.494991" z="1.695267"/>
							<center x="0" y="0" z="0"/>
						</size>
					</part>
				</parts>
			</connection>
			<connection name="Connection18" tags="part nocollision forceoutline detail_l  fx ">
				<offset>
					<position x="1.150513E-02" y="1.300499" z="-6.666421"/>
				</offset>
				<parts>
					<part name="licence">
						<lods>
							<lod index="0">
								<materials>
									<material id="1" ref="p1paint.paint_idcode"/>
									<material id="2" ref="p1paint.paint_logo"/>
								</materials>
							</lod>
						</lods>
						<size>
							<max x="4.976268" y="1.713918" z="4.695409"/>
							<center x="0" y="0.7479339" z="4.890306"/>
						</size>
					</part>
				</parts>
			</connection>
			<connection name="Connection19" tags="part animation walk_stairway platformcollision anim_cockpit collisiononly   ">
				<offset>
					<position x="5.249107E-02" y="-0.5294806" z="3.2839"/>
					<quaternion qx="-0" qy="0.7071068" qz="-0" qw="-0.7071067"/>
				</offset>
				<animations>
					<animation name="cockpit_closed" start="1" end="1"/>
					<animation name="cockpit_opening" start="1" end="30"/>
					<animation name="cockpit_open" start="30" end="30"/>
					<animation name="cockpit_closing" start="30" end="60"/>
				</animations>
				<parts>
					<part name="anim_ladder2">
						<lods>
							<lod index="0">
								<materials>
									<material id="1" ref="generic.generic_p1_hullpattern"/>
								</materials>
							</lod>
						</lods>
						<size>
							<max x="0.0200001" y="7.999992E-02" z="2.000001E-02"/>
							<center x="0.5199999" y="0" z="-0.1599998"/>
						</size>
						<size_raw>
							<max x="2.000001E-02" y="7.999992E-02" z="0.02"/>
							<center x="0.5199999" y="0" z="-0.1599998"/>
						</size_raw>
					</part>
				</parts>
				<waypoints/>
			</connection>
			<connection name="Connection20" tags="part animation iklink nocollision detail_l anim_cockpit   " parent="anim_ladder2">
				<offset>
					<position x="0.1516936" y="-0.9000001" z="-2.346933E-07"/>
				</offset>
				<animations/>
				<parts>
					<part name="anim_ladder_board">
						<lods>
							<lod index="0">
								<materials>
									<material id="1" ref="p1.multimat"/>
								</materials>
							</lod>
						</lods>
						<size>
							<max x="0.4372375" y="3.965654E-02" z="0.2881705"/>
							<center x="5.587935E-07" y="6.113291E-03" z="-0.1493583"/>
						</size>
						<size_raw>
							<max x="0.2148924" y="3.354327E-02" z="0.2881711"/>
							<center x="5.215406E-07" y="6.113291E-03" z="3.649354E-02"/>
						</size_raw>
					</part>
				</parts>
			</connection>
			<connection name="Connection21" tags="part animation iklink nocollision detail_l anim_cockpit   " parent="anim_ladder_board">
				<offset>
					<position x="0.1296377" y="-1.219034E-02" z="0"/>
				</offset>
				<animations/>
				<parts>
					<part name="anim_ladder_steps">
						<lods>
							<lod index="0">
								<materials>
									<material id="1" ref="p1.multimat"/>
								</materials>
							</lod>
						</lods>
						<size>
							<max x="0.6330786" y="1.067081" z="0.2881713"/>
							<center x="1.080334E-07" y="-1.032704" z="-0.6314335"/>
						</size>
						<size_raw>
							<max x="0.2182286" y="3.098508E-02" z="0.2881713"/>
							<center x="2.607703E-08" y="1.69611E-03" z="-0.1082916"/>
						</size_raw>
					</part>
				</parts>
			</connection>
			<connection name="Connection22" tags="part animation  ">
				<offset>
					<position x="-5.367303" y="2.07065" z="-7.93469"/>
					<quaternion qx="-0.4999999" qy="0.5000001" qz="-0.5" qw="-0.4999999"/>
				</offset>
				<animations/>
				<parts>
					<part ref="thruster_ship_s_01.anim_thruster_001" name="anim_thruster_025"/>
				</parts>
			</connection>
			<connection name="Connection23" tags="part animation  ">
				<offset>
					<position x="-5.826551" y="1.51083" z="-8.003911"/>
					<quaternion qx="-9.229593E-02" qy="-0.7010574" qz="9.229594E-02" qw="-0.7010573"/>
				</offset>
				<animations/>
				<parts>
					<part ref="thruster_ship_s_01.anim_thruster_001" name="anim_thruster_033"/>
				</parts>
			</connection>
			<connection name="Connection24" tags="part animation  ">
				<offset>
					<position x="-5.367303" y="-4.883061E-02" z="-8.003912"/>
					<quaternion qx="0.4999998" qy="-0.4999999" qz="-0.5000001" qw="-0.5"/>
				</offset>
				<animations/>
				<parts>
					<part ref="thruster_ship_s_01.anim_thruster_001" name="anim_thruster_034"/>
				</parts>
			</connection>
			<connection name="Connection25" tags="part animation  ">
				<offset>
					<position x="-5.826551" y="0.4158982" z="-7.93469"/>
					<quaternion qx="-0.7010574" qy="-9.229586E-02" qz="-0.7010574" qw="9.229597E-02"/>
				</offset>
				<animations/>
				<parts>
					<part ref="thruster_ship_s_01.anim_thruster_001" name="anim_thruster_035"/>
				</parts>
			</connection>
			<connection name="Connection26" tags="part animation  ">
				<offset>
					<position x="5.365514" y="2.07065" z="-8.003912"/>
					<quaternion qx="0.4999999" qy="0.4999999" qz="-0.5000001" qw="0.5"/>
				</offset>
				<animations/>
				<parts>
					<part ref="thruster_ship_s_01.anim_thruster_001" name="anim_thruster_036"/>
				</parts>
			</connection>
			<connection name="Connection27" tags="part animation  ">
				<offset>
					<position x="5.824763" y="1.51083" z="-7.934691"/>
					<quaternion qx="-9.229595E-02" qy="0.7010573" qz="-9.229591E-02" qw="-0.7010575"/>
				</offset>
				<animations/>
				<parts>
					<part ref="thruster_ship_s_01.anim_thruster_001" name="anim_thruster_037"/>
				</parts>
			</connection>
			<connection name="Connection28" tags="part animation  ">
				<offset>
					<position x="5.824763" y="0.4158982" z="-8.003912"/>
					<quaternion qx="0.7010574" qy="-9.229598E-02" qz="-0.7010574" qw="-9.229584E-02"/>
				</offset>
				<animations/>
				<parts>
					<part ref="thruster_ship_s_01.anim_thruster_001" name="anim_thruster_038"/>
				</parts>
			</connection>
			<connection name="Connection29" tags="part animation  ">
				<offset>
					<position x="5.365514" y="-4.883061E-02" z="-7.93469"/>
					<quaternion qx="-0.4999999" qy="-0.5000001" qz="-0.5" qw="0.5"/>
				</offset>
				<animations/>
				<parts>
					<part ref="thruster_ship_s_01.anim_thruster_001" name="anim_thruster_039"/>
				</parts>
			</connection>
			<connection name="Connection30" tags="part animation  ">
				<offset>
					<position x="-2.667557" y="3.293133" z="4.063051"/>
					<quaternion qx="-0.5" qy="0.5000001" qz="-0.5000001" qw="-0.4999999"/>
				</offset>
				<animations/>
				<parts>
					<part ref="thruster_ship_s_01.anim_thruster_001" name="anim_thruster_040"/>
				</parts>
			</connection>
			<connection name="Connection31" tags="part animation  ">
				<offset>
					<position x="-4.723352" y="2.299177" z="3.196271"/>
					<quaternion qx="-9.229593E-02" qy="-0.7010574" qz="9.229594E-02" qw="-0.7010573"/>
				</offset>
				<animations/>
				<parts>
					<part ref="thruster_ship_s_01.anim_thruster_001" name="anim_thruster_041"/>
				</parts>
			</connection>
			<connection name="Connection32" tags="part animation  ">
				<offset>
					<position x="2.658981" y="3.293133" z="4.063051"/>
					<quaternion qx="-0.5" qy="0.5000001" qz="-0.5000001" qw="-0.4999999"/>
				</offset>
				<animations/>
				<parts>
					<part ref="thruster_ship_s_01.anim_thruster_001" name="anim_thruster_042"/>
				</parts>
			</connection>
			<connection name="Connection33" tags="part animation  ">
				<offset>
					<position x="4.726893" y="2.299177" z="3.196271"/>
					<quaternion qx="-9.229595E-02" qy="0.7010573" qz="-9.229591E-02" qw="-0.7010575"/>
				</offset>
				<animations/>
				<parts>
					<part ref="thruster_ship_s_01.anim_thruster_001" name="anim_thruster_043"/>
				</parts>
			</connection>
			<connection name="Connection34" tags="part animation  ">
				<offset>
					<position x="-2.667902" y="-0.7168059" z="4.063051"/>
					<quaternion qx="-0.4999999" qy="-0.5" qz="-0.5000002" qw="0.4999999"/>
				</offset>
				<animations/>
				<parts>
					<part ref="thruster_ship_s_01.anim_thruster_001" name="anim_thruster_044"/>
				</parts>
			</connection>
			<connection name="Connection35" tags="part animation  ">
				<offset>
					<position x="2.658636" y="-0.7168069" z="4.063051"/>
					<quaternion qx="-0.4999999" qy="-0.5" qz="-0.5000001" qw="0.5"/>
				</offset>
				<animations/>
				<parts>
					<part ref="thruster_ship_s_01.anim_thruster_001" name="anim_thruster_045"/>
				</parts>
			</connection>
			<connection name="Connection36" tags="part animation  ">
				<offset>
					<position x="-4.723352" y="0.3116376" z="3.196271"/>
					<quaternion qx="-0.7010574" qy="-9.229591E-02" qz="-0.7010574" qw="9.229591E-02"/>
				</offset>
				<animations/>
				<parts>
					<part ref="thruster_ship_s_01.anim_thruster_001" name="anim_thruster_046"/>
				</parts>
			</connection>
			<connection name="Connection37" tags="part animation  ">
				<offset>
					<position x="4.726893" y="0.3116376" z="3.196271"/>
					<quaternion qx="0.7010574" qy="-9.229598E-02" qz="-0.7010574" qw="-9.229584E-02"/>
				</offset>
				<animations/>
				<parts>
					<part ref="thruster_ship_s_01.anim_thruster_001" name="anim_thruster_047"/>
				</parts>
			</connection>
			<connection name="Connection38" tags="part animation  ">
				<offset>
					<position x="-3.097119" y="0.2942271" z="3.261611"/>
					<quaternion qx="-0.7071068" qy="0.7071068" qz="-6.883938E-08" qw="2.065182E-07"/>
				</offset>
				<animations/>
				<parts>
					<part ref="thruster_ship_s_01.anim_thruster_001" name="anim_thruster_048"/>
				</parts>
			</connection>
			<connection name="Connection39" tags="part animation  ">
				<offset>
					<position x="3.104216" y="0.2942271" z="3.261611"/>
					<quaternion qx="-0.7071068" qy="0.7071068" qz="-6.883938E-08" qw="2.065182E-07"/>
				</offset>
				<animations/>
				<parts>
					<part ref="thruster_ship_s_01.anim_thruster_001" name="anim_thruster_049"/>
				</parts>
			</connection>
			<connection name="Connection40" group="pilotcontrol" tags="part  ">
				<offset>
					<position x="1.239259E-06" y="-0.7677605" z="6.615266"/>
				</offset>
				<parts>
					<part ref="interiors_chair_02_body.part_chair_01" name="part_chair_01"/>
				</parts>
				<waypoints/>
			</connection>
			<connection name="con_control01" tags="npc  pilot control sit " value="-1" group="pilotcontrol" parent="part_chair_01">
				<offset>
					<position x="2.240068E-02" y="1.907015E-02" z="9.822845E-04"/>
				</offset>
			</connection>
			<connection name="Connection41" tags="part iklink  " group="pilotcontrol" parent="part_chair_01">
				<offset>
					<position x="2.760349E-03" y="0.2860189" z="-0.2292099"/>
				</offset>
				<parts>
					<part ref="interiors_chair_02_body.part_chair_02" name="part_chair_02"/>
				</parts>
			</connection>
			<connection name="Connection42" tags="part iklink  " group="pilotcontrol" parent="part_chair_02">
				<offset>
					<position x="-2.760656E-03" y="2.135694E-02" z="-0.2675581"/>
				</offset>
				<parts>
					<part ref="interiors_chair_02_body.part_chair_03" name="part_chair_03"/>
				</parts>
			</connection>
			<connection name="Connection43" tags="part iklink  " group="pilotcontrol" parent="part_chair_03">
				<offset>
					<position x="2.423831E-07" y="-7.305861E-03" z="0.3341103"/>
				</offset>
				<parts>
					<part ref="interiors_chair_02_body.part_chair_04" name="part_chair_04"/>
				</parts>
			</connection>
			<connection name="Connection44" tags="part iklink  " group="pilotcontrol" parent="part_chair_04">
				<offset>
					<position x="-1.464471E-07" y="0.1074176" z="-0.2239389"/>
				</offset>
				<parts>
					<part ref="interiors_chair_02_body.part_chair_05" name="part_chair_05"/>
				</parts>
			</connection>
			<connection name="Connection45" tags="part iklink  " group="pilotcontrol" parent="part_chair_05">
				<offset>
					<position x="-7.33603E-08" y="0.2139989" z="-6.664085E-02"/>
				</offset>
				<parts>
					<part ref="interiors_chair_02_body.part_chair_06" name="part_chair_06"/>
				</parts>
			</connection>
			<connection name="Connection46" tags="part iklink  " group="pilotcontrol" parent="part_chair_04">
				<offset>
					<position x="-6.320886E-07" y="9.568346E-02" z="-6.022739E-02"/>
				</offset>
				<parts>
					<part ref="interiors_chair_02_body.part_chair_07" name="part_chair_07"/>
				</parts>
			</connection>
			<!-- tpwar -->
			<connection name="con_weapon_005" tags="weapon small standard missile platformcollision  ">
				<offset>
					<position x="2.485125" y="2.050091" z="4.118674"/>
				</offset>
			</connection>
			<connection name="con_weapon_006" tags="weapon small standard missile platformcollision   ">
				<offset>
					<position x="-2.485" y="2.084923" z="4.118674"/>
				</offset>
			</connection>
			
			<connection name="tpwarwep01" tags="weapon small standard missile platformcollision  ">
				<offset>
					<position x="2.485125" y="0.050091" z="4.118674"/>
				</offset>
			</connection>
			<connection name="tpwarwep02" tags="weapon small standard missile platformcollision   ">
				<offset>
					<position x="-2.485" y="0.084923" z="4.118674"/>
				</offset>
			</connection>
			<!-- tpwar -->
			<connection name="con_dock_xs" tags="dock_xs ">
				<offset>
					<position x="2.472106E-07" y="1.570996" z="-0.7922471"/>
					<quaternion qx="-0.7937061" qy="-0" qz="-0" qw="-0.6083015"/>
				</offset>
			</connection>
			<connection name="con_dockpos" tags="dockpos ">
				<offset>
					<position x="-1.609557E-08" y="-3.532495" z="15.13529"/>
				</offset>
			</connection>
			<connection name="con_shield_01" tags="small shield unhittable ">
				<offset>
					<position x="-6.345463E-11" y="3.066749" z="1.423359"/>
					<quaternion qx="-8.715573E-02" qy="-7.619396E-09" qz="-8.70901E-08" qw="-0.9961947"/>
				</offset>
			</connection>
			<connection name="con_cockpit" tags="cockpit cockpit_visible">
				<offset>
					<position x="2.440834E-02" y="0.4357323" z="6.658821"/>
				</offset>
			</connection>
			<connection name="con_storage01" tags="storage ">
				<offset>
					<position x="-1.286677E-02" y="5.1455" z="3.045717"/>
				</offset>
			</connection>
			<connection name="con_shipstorage_xs_01" tags="dockingbay ">
				<offset>
					<position x="-6.345463E-11" y="5.072742" z="-3.201149"/>
				</offset>
			</connection>
			<connection name="con_cargotube" tags="cargotube">
				<offset>
					<position x="-6.345463E-11" y="-1.701959" z="4.241575"/>
				</offset>
			</connection>
			<connection name="con_countermeasures_01" tags="countermeasures ">
				<offset>
					<position x="-6.345463E-11" y="-1.641082" z="5.90558"/>
					<quaternion qx="-0.7071068" qy="-0" qz="-0" qw="-0.7071068"/>
				</offset>
			</connection>
			<connection name="con_npc_teleport01" group="cabin_01" tags="npc_waypoint npctransport stand ">
				<offset>
					<position x="-0.9761944" y="-1.29878" z="4.631627"/>
				</offset>
			</connection>
			<connection name="con_damage_indi_b" tags="impactindicator">
				<offset>
					<position x="0.1705686" y="-1.544803" z="9.3522"/>
				</offset>
			</connection>
			<connection name="con_damage_indi_tr" tags="impactindicator">
				<offset>
					<position x="2.53387" y="1.71955" z="9.347769"/>
					<quaternion qx="-0" qy="-0" qz="-0.8870114" qw="-0.4617476"/>
				</offset>
			</connection>
			<connection name="con_damage_indi_tl" tags="impactindicator">
				<offset>
					<position x="-2.397774" y="2.089585" z="9.3522"/>
					<quaternion qx="-0" qy="-0" qz="-0.9063078" qw="0.4226182"/>
				</offset>
			</connection>
			<connection name="con_damage_indi_bl" tags="impactindicator">
				<offset>
					<position x="-2.557777" y="-1.120586" z="9.3522"/>
					<quaternion qx="-0" qy="-0" qz="0.5372996" qw="-0.8433914"/>
				</offset>
			</connection>
			<connection name="con_damage_indi_br" tags="impactindicator">
				<offset>
					<position x="2.177579" y="-1.369108" z="9.3522"/>
					<quaternion qx="-0" qy="-0" qz="-0.3826834" qw="-0.9238796"/>
				</offset>
			</connection>
			<connection name="con_damage_indi_l" tags="impactindicator">
				<offset>
					<position x="-3.175381" y="0.1674066" z="9.3522"/>
					<quaternion qx="-0" qy="-0" qz="0.7071066" qw="-0.7071069"/>
				</offset>
			</connection>
			<connection name="con_damage_indi_t" tags="impactindicator">
				<offset>
					<position x="0.1705676" y="2.307225" z="9.3522"/>
					<quaternion qx="-0" qy="-0" qz="-1" qw="4.371139E-08"/>
				</offset>
			</connection>
			<connection name="con_damage_indi_r" tags="impactindicator">
				<offset>
					<position x="2.945189" y="0.1674066" z="9.3522"/>
					<quaternion qx="-0" qy="-0" qz="-0.7071068" qw="-0.7071067"/>
				</offset>
			</connection>
			<connection name="con_player01" value="-1" tags="player">
				<offset>
					<position x="-4.516352E-07" y="0.4464745" z="6.667323"/>
					<quaternion qx="0.5" qy="-0.5" qz="-0.5" qw="-0.5"/>
				</offset>
			</connection>
			<connection name="con_betty01" value="-1" tags="computer ">
				<offset>
					<position x="-1.286677E-02" y="5.097136" z="1.072029"/>
					<quaternion qx="3.449883E-09" qy="7.746712E-08" qz="1" qw="1.629815E-08"/>
				</offset>
			</connection>
			<connection name="con_uianchor" group="pilotcontrol" tags="uianchor ">
				<offset>
					<position x="5.99779E-03" y="0.3974804" z="6.509508"/>
				</offset>
			</connection>
			<connection name="con_playercontrol" tags="playercontrol">
				<offset>
					<position x="-9.601593E-03" y="5.119713" z="-1.304156"/>
				</offset>
			</connection>
			<connection name="con_npc_ladder_bottom01" tags="npc_waypoint  ladder_bottom">
				<offset>
					<position x="5.249059E-02" y="-3.52948" z="2.263583"/>
				</offset>
			</connection>
			<connection name="con_npc_ladder_top01" tags="npc_waypoint  ladder_top">
				<offset>
					<position x="5.249059E-02" y="-1.409814" z="2.96992"/>
				</offset>
			</connection>
			<connection name="con_engine_02" tags="engine small ">
				<offset>
					<position x="2.244446" y="1.061697" z="-3.66666"/>
				</offset>
			</connection>
			<connection name="con_engine_01" tags="engine small ">
				<offset>
					<position x="-2.229385" y="1.061697" z="-3.66666"/>
				</offset>
			</connection>
			<connection name="con_tochair" group="pilotcontrol" tags="tochair ">
				<offset>
					<position x="-4.309627E-03" y="-0.7644444" z="5.646749"/>
				</offset>
			</connection>
		</connections>
	</component>

</components>