<?xml version="1.0" encoding="utf-8" ?>
<!--Exported by: Michael (192.168.3.150) at 09.11.2017_11-30-00-->
<macros xmlns:xsi="http://www.w3.org/2001/XMLSchema-instance" xsi:noNamespaceSchemaLocation="C:/Users/alby/Desktop/macroxsd/x4_macro.xsd">
    <macro name="tpwar_terraformer_shipstorage_m" class="dockingbay">
        <component ref="generic_dockingbay" />
        <properties>
            <identification unique="0" />
            <dock capacity="6" external="0" storage="1" />
            <room walkable="0" />
            <docksize tags="dock_m" />
        </properties>
    </macro>
</macros>