<?xml version="1.0" encoding="utf-8"?>
<macros xmlns:xsi="http://www.w3.org/2001/XMLSchema-instance" xsi:noNamespaceSchemaLocation="E:\Mod Stuff\X4 Extracted\UNIxsdfiles\x4_macro.xsd">
  <macro name="tpwar_pugnax_macro" class="ship_s">
    <component ref="tpwar_pugnax_comp" />
    <properties>
      <identification name="{734546, 34}" basename="{734546, 33}" description="{734546, 35}" variation="" shortvariation="" icon="ship_s_fight_01" />
      <software>
        <software ware="software_dockmk2" compatible="1" />
        <software ware="software_flightassistmk1" default="1" />
        <software ware="software_scannerlongrangemk1" default="1" />
        <software ware="software_scannerlongrangemk2" compatible="1" />
        <software ware="software_scannerobjectmk1" default="1" />
        <software ware="software_scannerobjectmk2" compatible="1" />
        <software ware="software_targetmk1" compatible="1" />
        <software ware="software_trademk1" default="1" />
      </software>
      <storage missile="10" unit="40"/>
      <hull max="2400" />
      <secrecy level="2" />
      <purpose primary="fight" />
      <people capacity="7" />
      <physics mass="18.466">
        <inertia pitch="4.771" yaw="4.771" roll="3.817" />
        <drag forward="5.538" reverse="24.241" horizontal="5.323" vertical="5.323" pitch="6.708" yaw="6.708" roll="6.708" />
      </physics>
      <thruster tags="small" />
      <ship type="fighter" />
      <sound_occlusion inside="0.5" />
    </properties>
    <connections>
      <connection ref="con_cockpit">
        <macro ref="cockpit_gen_virtual_01_macro" connection="ship" />
      </connection>
      <connection ref="con_dock_xs">
        <macro ref="dock_gen_xs_ship_01_macro" connection="Connection_component" />
      </connection>
      <connection ref="con_shipstorage_xs_01">
        <macro ref="shipstorage_gen_xs_01_macro" connection="object" />
      </connection>
      <connection ref="con_storage01">
        <macro ref="tpwar_pugnax_storage" connection="ShipConnection" />
      </connection>
    </connections>
  </macro>

</macros>