<?xml version="1.0" encoding="utf-8" ?>
<macros xmlns:xsi="http://www.w3.org/2001/XMLSchema-instance" xsi:noNamespaceSchemaLocation="E:\Mod Stuff\X4 Extracted\UNIxsdfiles\x4_macro.xsd">
    <macro name="tpwar_surendra_storage" class="storage">
        <component ref="generic_storage" />
        <properties>
            <identification makerrace="teladi" />
            <cargo max="17000" tags="container" />
            <hull integrated="1" />
        </properties>
    </macro>
</macros>