<?xml version="1.0" encoding="utf-8"?>
<!--Exported by: nick (192.168.3.120) at 27.11.2018_14-44-13-->
<macros xmlns:xsi="http://www.w3.org/2001/XMLSchema-instance" xsi:noNamespaceSchemaLocation="C:/Users/alby/Desktop/macroxsd/x4_macro.xsd">
  <macro name="tpwar_grebe_macro" class="ship_l">
    <component ref="tpwar_grebe_comp" />
    <properties>
      <identification name="{734546,5}" basename="{734546,5}" description="{734546,7}" variation="" shortvariation="" icon="ship_l_fight_01" />
      <software>
        <software ware="software_dockmk2" compatible="1" />
        <software ware="software_flightassistmk1" default="1" />
        <software ware="software_scannerlongrangemk1" default="1" />
        <software ware="software_scannerlongrangemk2" compatible="1" />
        <software ware="software_scannerobjectmk1" default="1" />
        <software ware="software_scannerobjectmk2" compatible="1" />
        <software ware="software_targetmk1" compatible="1" />
        <software ware="software_trademk1" default="1" />
      </software>
      <explosiondamage value="8000" />
      <storage missile="30" unit="10" />
      <hull max="78000" />
      <secrecy level="1" />
      <purpose primary="fight" />
      <people capacity="207" />
      <physics mass="598.799">
        <inertia pitch="287.313" yaw="287.313" roll="229.85" />
        <drag forward="159.76" reverse="639.04" horizontal="140.687" vertical="140.687" pitch="186.76" yaw="186.76" roll="186.76" />
      </physics>
      <thruster tags="large" />
      <ship type="destroyer" />
    </properties>
    <connections>
      <connection ref="con_cockpit">
        <macro ref="bridge_arg_l_01_macro" connection="con_cockpit" />
      </connection>
      <connection ref="con_dockarea_arg_s_ship_004">
        <macro ref="dockarea_arg_s_ship_03_macro" connection="Connection01" />
      </connection>
      <connection ref="con_dockarea_arg_s_ship_01">
        <macro ref="dockarea_arg_s_ship_03_macro" connection="Connection01" />
      </connection>
      <!-- <connection ref="tpdock01">
        <macro ref="dockarea_arg_s_ship_01_macro" connection="Connection01" />
      </connection>
      <connection ref="tpdock02">
        <macro ref="dockarea_arg_s_ship_01_macro" connection="Connection01" />
      </connection>
      <connection ref="tpdock03">
        <macro ref="dockarea_arg_s_ship_01_macro" connection="Connection01" />
      </connection> -->
      <connection ref="con_dock_xs">
        <macro ref="dock_gen_xs_ship_01_macro" connection="Connection_component" />
      </connection>
      <connection ref="con_shipstorage_s_01">
        <macro ref="tpwar_grebe_shipstorage" connection="object" />
      </connection>
      <connection ref="con_storage01">
        <macro ref="tpwar_grebe_storage" connection="ShipConnection" />
      </connection>
    </connections>
  </macro>
</macros>