<?xml version="1.0" ?>
<components xmlns:xsi="http://www.w3.org/2001/XMLSchema-instance" xsi:noNamespaceSchemaLocation="C:/Users/alby/Desktop/macroxsd/x4_component.xsd">
	<component name="tpwar_findbroker_hull_comp" class="destructible">
		<source geometry="assets\structures\connectionmodules\struct_tel_vertical_02_data"/>
		<layers>
			<layer>
				<waypoints/>
				<lights>
					<omni name="XU Omni159" shadow="0" r="255" g="209" b="186" range="200" shadowrange="200" lighteffect="1" trigger="1" intensity="0.4999999" specularintensity="1">
						<lightanimations/>
						<offset>
							<position x="-0.6449957" y="-253.9901" z="125.9729"/>
							<quaternion qx="1.067702E-07" qy="-0.7071066" qz="2.009718E-14" qw="-0.7071069"/>
						</offset>
					</omni>
					<omni name="XU Omni160" shadow="0" r="255" g="230" b="230" range="3" shadowrange="3" lighteffect="1" trigger="1" intensity="15" specularintensity="1">
						<lightanimations/>
						<offset>
							<position x="-2.112389E-03" y="-346.7408" z="99.05057"/>
							<quaternion qx="4.214686E-08" qy="-0.7071069" qz="4.214683E-08" qw="-0.7071066"/>
						</offset>
					</omni>
					<arealight name="XU AreaLight177" areax="0" areay="0" radius="0" r="255" g="216" b="182" lighteffect="1" range="200" spotattenuation="0.7222222" specularintensity="1" trigger="1" intensity="300">
						<lightanimations/>
						<offset>
							<position x="-8.52108E-03" y="-345.7998" z="98.77673"/>
							<quaternion qx="-0.696364" qy="-0.1227877" qz="-0.6963644" qw="-0.1227878"/>
						</offset>
					</arealight>
					<omni name="XU Omni168" shadow="0" r="255" g="0" b="0" range="17.2" shadowrange="17.2" lighteffect="1" trigger="1" intensity="1.1" specularintensity="1">
						<lightanimations/>
						<offset>
							<position x="85.62818" y="-66.70969" z="72.41434"/>
							<quaternion qx="1.067702E-07" qy="-0.7071068" qz="-0" qw="-0.7071068"/>
						</offset>
					</omni>
					<omni name="XU Omni169" shadow="0" r="255" g="230" b="230" range="3" shadowrange="3" lighteffect="1" trigger="1" intensity="15" specularintensity="1">
						<lightanimations/>
						<offset>
							<position x="-0.4349405" y="-346.7408" z="-99.1947"/>
							<quaternion qx="-4.214682E-08" qy="0.7071064" qz="4.214687E-08" qw="-0.7071072"/>
						</offset>
					</omni>
					<arealight name="XU AreaLight178" areax="0" areay="0" radius="0" r="255" g="216" b="182" lighteffect="1" range="200" spotattenuation="0.7222222" specularintensity="1" trigger="1" intensity="300">
						<lightanimations/>
						<offset>
							<position x="-0.4285317" y="-345.7998" z="-98.92087"/>
							<quaternion qx="-0.6963642" qy="-0.1227877" qz="0.6963642" qw="0.1227877"/>
						</offset>
					</arealight>
					<omni name="XU Omni170" shadow="0" r="255" g="209" b="186" range="200" shadowrange="200" lighteffect="1" trigger="1" intensity="0.4999999" specularintensity="1">
						<lightanimations/>
						<offset>
							<position x="0.2079388" y="-253.9901" z="-126.117"/>
							<quaternion qx="-3.517008E-14" qy="0.707107" qz="1.067702E-07" qw="-0.7071065"/>
						</offset>
					</omni>
					<omni name="XU Omni171" shadow="0" r="255" g="230" b="230" range="3" shadowrange="3" lighteffect="1" trigger="1" intensity="15" specularintensity="1">
						<lightanimations/>
						<offset>
							<position x="-0.4349368" y="346.7625" z="99.05057"/>
							<quaternion qx="0.7071065" qy="-9.553193E-08" qz="-0.707107" qw="-1.12382E-08"/>
						</offset>
					</omni>
					<arealight name="XU AreaLight179" areax="0" areay="0" radius="0" r="255" g="216" b="182" lighteffect="1" range="200" spotattenuation="0.7222222" specularintensity="1" trigger="1" intensity="300">
						<lightanimations/>
						<offset>
							<position x="-0.4285282" y="345.8215" z="98.77673"/>
							<quaternion qx="-0.1227877" qy="0.6963645" qz="0.1227877" qw="-0.696364"/>
						</offset>
					</arealight>
					<omni name="XU Omni172" shadow="0" r="255" g="230" b="230" range="3" shadowrange="3" lighteffect="1" trigger="1" intensity="15" specularintensity="1">
						<lightanimations/>
						<offset>
							<position x="-2.108693E-03" y="346.7625" z="-99.1947"/>
							<quaternion qx="-0.7071072" qy="9.553192E-08" qz="-0.7071064" qw="-1.123829E-08"/>
						</offset>
					</omni>
					<arealight name="XU AreaLight180" areax="0" areay="0" radius="0" r="255" g="216" b="182" lighteffect="1" range="200" spotattenuation="0.7222222" specularintensity="1" trigger="1" intensity="300">
						<lightanimations/>
						<offset>
							<position x="-8.517563E-03" y="345.8215" z="-98.92087"/>
							<quaternion qx="0.1227877" qy="-0.6963642" qz="0.1227876" qw="-0.6963642"/>
						</offset>
					</arealight>
					<omni name="XU Omni173" shadow="0" r="255" g="209" b="186" range="200" shadowrange="200" lighteffect="1" trigger="1" intensity="0.4999999" specularintensity="1">
						<lightanimations/>
						<offset>
							<position x="-0.6450019" y="254.0119" z="-126.117"/>
							<quaternion qx="-0.7071065" qy="1.601552E-07" qz="-0.707107" qw="-5.338502E-08"/>
						</offset>
					</omni>
					<omni name="XU Omni174" shadow="0" r="255" g="209" b="186" range="200" shadowrange="200" lighteffect="1" trigger="1" intensity="0.4999999" specularintensity="1">
						<lightanimations/>
						<offset>
							<position x="0.2079326" y="254.0119" z="125.9729"/>
							<quaternion qx="-0.7071069" qy="5.338509E-08" qz="0.7071066" qw="-5.338507E-08"/>
						</offset>
					</omni>
					<omni name="XU Omni175" shadow="0" r="255" g="0" b="0" range="17.2" shadowrange="17.2" lighteffect="1" trigger="1" intensity="1.1" specularintensity="1">
						<lightanimations/>
						<offset>
							<position x="-83.39493" y="66.88536" z="73.86526"/>
							<quaternion qx="1.067702E-07" qy="-0.7071068" qz="-0" qw="-0.7071068"/>
						</offset>
					</omni>
					<omni name="XU Omni176" shadow="0" r="255" g="0" b="0" range="17.2" shadowrange="17.2" lighteffect="1" trigger="1" intensity="1.1" specularintensity="1">
						<lightanimations/>
						<offset>
							<position x="-146.6186" y="347.1529" z="-56.97358"/>
							<quaternion qx="1.067702E-07" qy="-0.7071068" qz="-0" qw="-0.7071068"/>
						</offset>
					</omni>
					<omni name="XU Omni177" shadow="0" r="255" g="0" b="0" range="17.2" shadowrange="17.2" lighteffect="1" trigger="1" intensity="1.1" specularintensity="1">
						<lightanimations/>
						<offset>
							<position x="94.03529" y="214.2927" z="-66.21798"/>
							<quaternion qx="1.067702E-07" qy="-0.7071068" qz="-0" qw="-0.7071068"/>
						</offset>
					</omni>
					<omni name="XU Omni178" shadow="0" r="255" g="0" b="0" range="17.2" shadowrange="17.2" lighteffect="1" trigger="1" intensity="1.1" specularintensity="1">
						<lightanimations/>
						<offset>
							<position x="-92.41718" y="-213.0714" z="-66.21798"/>
							<quaternion qx="1.067702E-07" qy="-0.7071068" qz="-0" qw="-0.7071068"/>
						</offset>
					</omni>
					<omni name="XU Omni240" shadow="0" r="180" g="255" b="0" range="60" shadowrange="60" lighteffect="1" trigger="1" intensity="1.2" specularintensity="1">
						<lightanimations/>
						<offset>
							<position x="7.648254" y="53.12821" z="-104.4061"/>
						</offset>
					</omni>
					<omni name="XU Omni241" shadow="0" r="0" g="120" b="255" range="60" shadowrange="60" lighteffect="1" trigger="1" intensity="1.2" specularintensity="1">
						<lightanimations/>
						<offset>
							<position x="7.648254" y="-1.313745" z="-104.4061"/>
						</offset>
					</omni>
					<omni name="XU Omni242" shadow="0" r="180" g="255" b="0" range="60" shadowrange="60" lighteffect="1" trigger="1" intensity="1.2" specularintensity="1">
						<lightanimations/>
						<offset>
							<position x="7.648254" y="-50.66595" z="-104.4061"/>
						</offset>
					</omni>
					<omni name="XU Omni243" shadow="0" r="255" g="167" b="72" range="60" shadowrange="60" lighteffect="1" trigger="1" intensity="1.2" specularintensity="1">
						<lightanimations/>
						<offset>
							<position x="4.705322" y="-51.72593" z="102.3414"/>
						</offset>
					</omni>
					<omni name="XU Omni244" shadow="0" r="0" g="255" b="234" range="60" shadowrange="60" lighteffect="1" trigger="1" intensity="1.2" specularintensity="1">
						<lightanimations/>
						<offset>
							<position x="4.705322" y="-2.37373" z="102.3414"/>
						</offset>
					</omni>
					<omni name="XU Omni245" shadow="0" r="255" g="167" b="72" range="60" shadowrange="60" lighteffect="1" trigger="1" intensity="1.2" specularintensity="1">
						<lightanimations/>
						<offset>
							<position x="4.705322" y="52.06823" z="102.3414"/>
						</offset>
					</omni>
				</lights>
			</layer>
		</layers>
		<connections>
			<connection name="container" tags="contents" value="0"/>
			<connection name="position" tags="position" value="1"/>
			<connection name="space" tags="destructible">
				<offset/>
			</connection>
			<connection name="Connection01" tags="part detail_m nocollision animation textureanimation forceoutline  ">
				<offset/>
				<animations>
					<animation name="loop" start="1" end="100"/>
				</animations>
				<parts>
					<part name="anim_poslight">
						<lods>
							<lod index="0">
								<materials>
									<material id="1" ref="p1effects.p1_gradient_colour"/>
								</materials>
							</lod>
						</lods>
						<size>
							<max x="179.0916" y="390.6151" z="100.3138"/>
							<center x="0" y="0" z="6.103516E-05"/>
						</size>
						<size_raw>
							<max x="179.0916" y="390.6151" z="100.3138"/>
							<center x="7.629395E-06" y="0" z="6.103516E-05"/>
						</size_raw>
						<uv_animations>
							<uv_animation mapchannel="1">
								<uv_property name="u_offset" controller="bezier_float">
									<key frame="0" value="0" in_tangent_type="auto" out_tangent_type="auto"/>
									<key frame="100" value="-1" in_tangent_type="auto" out_tangent_type="auto"/>
								</uv_property>
							</uv_animation>
						</uv_animations>
					</part>
				</parts>
			</connection>
			<connection name="Connection02" tags="part detail_m nocollision forceoutline ">
				<offset>
					<position x="0" y="0" z="-7.629395E-06"/>
				</offset>
				<parts>
					<part name="detail_m_main">
						<lods>
							<lod index="0">
								<materials>
									<material id="1" ref="generic.generic_p1_hulltexture"/>
									<material id="2" ref="p1teladi.tel_p1_fx"/>
									<material id="3" ref="generic.generic_p1_alphatexture"/>
									<material id="4" ref="p1effects.p1_lightcone_soft"/>
								</materials>
							</lod>
						</lods>
						<size>
							<max x="170.8573" y="469.2737" z="356.6544"/>
							<center x="-1.525879E-05" y="-70.9776" z="22.83527"/>
						</size>
					</part>
				</parts>
			</connection>
			<connection name="Connection03" tags="part  ">
				<offset/>
				<parts>
					<part name="part_main" wreck="part_main_wreck">
						<lods>
							<lod index="0">
								<materials>
									<material id="1" ref="generic.generic_p1_hulltexture"/>
								</materials>
							</lod>
							<lod index="1">
								<materials>
									<material id="1" ref="generic.generic_p1_hulltexture"/>
								</materials>
							</lod>
							<lod index="2">
								<materials>
									<material id="1" ref="generic.generic_p1_hulltexture"/>
								</materials>
							</lod>
							<lod index="3">
								<materials>
									<material id="1" ref="generic.generic_p1_hulltexture"/>
								</materials>
							</lod>
						</lods>
						<size>
							<max x="178.8841" y="400.0001" z="99.98612"/>
							<center x="0" y="0" z="0"/>
						</size>
					</part>
				</parts>
			</connection>
			<connection name="Connection04" tags="part detail_m nocollision forceoutline  ">
				<offset/>
				<parts>
					<part name="fx_decals">
						<lods>
							<lod index="0">
								<materials>
									<material id="1" ref="p1paint.paint_p1_decal_01"/>
								</materials>
							</lod>
						</lods>
						<size>
							<max x="174.6595" y="392.9294" z="100.086"/>
							<center x="0" y="0" z="3.814697E-06"/>
						</size>
					</part>
				</parts>
			</connection>
			<!-- <connection name="Connection05" tags="part detail_l animation textureanimation nocollision  ">
				<offset>
					<position x="6.678207" y="-0.3187218" z="-0.3982544"/>
				</offset>
				<animations>
					<animation name="loop" start="1" end="200"/>
				</animations>
				<parts>
					<part name="anim_arrows">
						<lods>
							<lod index="0">
								<materials>
									<material id="1" ref="p1ads.ads_p1_billboardtrims_03"/>
								</materials>
							</lod>
						</lods>
						<size>
							<max x="1.37188" y="72.12088" z="123.9414"/>
							<center x="0" y="-3.814697E-06" z="2.980232E-08"/>
						</size>
						<size_raw>
							<max x="1.37188" y="72.12088" z="123.9414"/>
							<center x="0" y="-3.814697E-06" z="2.980232E-08"/>
						</size_raw>
						<uv_animations>
							<uv_animation mapchannel="3">
								<uv_property name="u_offset" controller="linear_float">
									<key frame="0" value="0"/>
									<key frame="100" value="0"/>
									<key frame="195" value="0"/>
								</uv_property>
								<uv_property name="v_offset" controller="linear_float">
									<key frame="0" value="4"/>
									<key frame="200" value="-4"/>
								</uv_property>
							</uv_animation>
							<uv_animation mapchannel="1">
								<uv_property name="u_offset" controller="linear_float">
									<key frame="0" value="0"/>
									<key frame="95" value="0"/>
									<key frame="100" value="0.25"/>
									<key frame="195" value="0.25"/>
									<key frame="200" value="0"/>
								</uv_property>
							</uv_animation>
						</uv_animations>
					</part>
				</parts>
			</connection>
			<connection name="Connection06" tags="part detail_m animation textureanimation nocollision  ">
				<offset>
					<position x="6.50119" y="-4.458359" z="-0.4219437"/>
				</offset>
				<animations>
					<animation name="loop" start="1" end="100"/>
				</animations>
				<parts>
					<part name="anim_cross">
						<lods>
							<lod index="0">
								<materials>
									<material id="1" ref="p1ads.ads_p1_billboardtrims_03"/>
								</materials>
							</lod>
						</lods>
						<size>
							<max x="1.127388" y="76.89156" z="125.1014"/>
							<center x="0" y="0" z="0"/>
						</size>
						<size_raw>
							<max x="1.127388" y="76.89156" z="125.1014"/>
							<center x="0" y="0" z="0"/>
						</size_raw>
						<uv_animations>
							<uv_animation mapchannel="3">
								<uv_property name="u_offset" controller="linear_float">
									<key frame="0" value="0"/>
									<key frame="100" value="0"/>
								</uv_property>
								<uv_property name="v_offset" controller="linear_float">
									<key frame="0" value="-0"/>
									<key frame="100" value="-4"/>
								</uv_property>
							</uv_animation>
						</uv_animations>
					</part>
				</parts>
			</connection>
			<connection name="connection_info01" tags="info ">
				<offset>
					<position x="177.3766" y="0" z="0"/>
				</offset>
			</connection>
			<connection name="connection_missionoffer01" tags="mission ">
				<offset>
					<position x="-177.9501" y="-3.875061" z="0"/>
				</offset>
			</connection>
			<connection name="ConnectionSnap001" tags="snap snap_aligned ">
				<offset>
					<position x="0" y="400" z="0"/>
					<quaternion qx="0.7071068" qy="-0" qz="-0" qw="-0.7071068"/>
				</offset>
			</connection>
			<connection name="ConnectionSnap002" tags="snap snap_aligned ">
				<offset>
					<position x="0" y="-400" z="0"/>
					<quaternion qx="-5.338509E-08" qy="0.7071067" qz="-0.7071068" qw="-5.338508E-08"/>
				</offset>
			</connection> -->
			<connection name="connection_component01" tags="component object external">
				<offset>
					<position x="0" y="300" z="-140" />
					<rotation yaw="0" pitch="90" roll="0"/>
					<!-- <quaternion qx="0.8509035" qy="-0" qz="-0" qw="0.525322" /> -->
				</offset>
			</connection>
			
			<connection name="hull_findbroker" tags="part findbroker ">
				<offset>
					<!-- <position x="0" y="-200" z="3.40419E-05"/>
					<quaternion qx="-0.7071068" qy="-0" qz="-0" qw="-0.7071067"/> -->
				</offset>
			</connection>
		</connections>
	</component>
</components>