<?xml version="1.0" encoding="utf-8"?>
<macros xmlns:xsi="http://www.w3.org/2001/XMLSchema-instance" xsi:noNamespaceSchemaLocation="E:\Mod Stuff\X4 Extracted\UNIxsdfiles\x4_macro.xsd">
  <macro name="tpwar_surendra_macro" class="ship_xl">
    <component ref="tpwar_surendra_comp" />
    <properties>
      <identification name="{734546,50}" basename="{734546,49}" description="{734546,51}" variation="" shortvariation="" icon="ship_xl_fight_01" />
      <software>
        <software ware="software_dockmk2" compatible="1" />
        <software ware="software_flightassistmk1" default="1" />
        <software ware="software_scannerlongrangemk2" default="1" />
        <software ware="software_scannerobjectmk1" default="1" />
        <software ware="software_scannerobjectmk2" compatible="1" />
        <software ware="software_targetmk1" compatible="1" />
        <software ware="software_trademk1" compatible="1" />
      </software>
      <storage missile="4000" unit="60" />
      <hull max="277000" />
      <secrecy level="2" />
      <purpose primary="fight" />
      <people capacity="195" />
      <physics mass="708.398">
        <inertia pitch="693.545" yaw="693.545" roll="554.836" />
        <drag forward="277.309" reverse="1109.238" horizontal="252.882" vertical="252.882" pitch="821.68" yaw="821.68" roll="821.68" />
      </physics>
      <thruster tags="extralarge" />
      <ship type="carrier" />
    </properties>
    <connections>
      <connection ref="con_buildmodule">
        <macro ref="buildmodule_gen_carrier_macro" connection="object" />
      </connection>
      <connection ref="con_cockpit">
        <macro ref="bridge_tel_xl_01_macro" connection="con_cockpit" />
      </connection>
      <connection ref="con_dockarea_tel_xl_carrier_01_a">
        <macro ref="dockarea_tel_xl_carrier_01_macro" connection="Connection01" />
      </connection>
      <connection ref="con_dockarea_tel_xl_carrier_01_b">
        <macro ref="dockarea_tel_xl_carrier_01_macro" connection="Connection01" />
      </connection>
      <connection ref="con_dockarea_tel_xl_carrier_01_c">
        <macro ref="dockarea_tel_xl_carrier_01_macro" connection="Connection01" />
      </connection>
      <connection ref="con_dockarea_tel_xl_carrier_01_e">
        <macro ref="dockarea_tel_xl_carrier_01_macro" connection="Connection01" />
      </connection>
      <connection ref="con_dock_xs">
        <macro ref="dock_gen_xs_ship_01_macro" connection="Connection_component" />
      </connection>
      <connection ref="con_launchtube_arg_s_01_a">
        <macro ref="launchtube_arg_s_01_macro" connection="Connection02" />
      </connection>
      <connection ref="con_launchtube_arg_s_01_b">
        <macro ref="launchtube_arg_s_01_macro" connection="Connection02" />
      </connection>
      <connection ref="con_launchtube_arg_s_01_c">
        <macro ref="launchtube_arg_s_01_macro" connection="Connection02" />
      </connection>
      <connection ref="con_launchtube_arg_s_01_d">
        <macro ref="launchtube_arg_s_01_macro" connection="Connection02" />
      </connection>
      <connection ref="con_launchtube_arg_s_01_e">
        <macro ref="launchtube_arg_s_01_macro" connection="Connection02" />
      </connection>
      <connection ref="con_launchtube_arg_s_01_f">
        <macro ref="launchtube_arg_s_01_macro" connection="Connection02" />
      </connection>
      <connection ref="con_shipstorage01">
        <macro ref="tpwar_surendra_shipstorage" connection="object" />
      </connection>
      <connection ref="con_shipstorage02">
        <macro ref="tpwar_surendra_shipstorage" connection="object" />
      </connection>
      <connection ref="con_storage01">
        <macro ref="tpwar_surendra_storage" connection="ShipConnection" />
      </connection>
    </connections>
  </macro>

</macros>