<waypoints><waypoint name="XU_Waypoint1" tags="sizeLevel0 typenormal" x="103.194" y="-104.0565" z="307.3501" normalx="0.6211861" normaly="-0.7386057" normalz="0.261896"><links><link ref="XU_Waypoint38"/><link ref="XU_Waypoint16"/><link ref="XU_Waypoint15"/><link ref="XU_Waypoint30"/><link ref="XU_Waypoint24"/></links></waypoint><waypoint name="XU_Waypoint2" tags="sizeLevel0 typenormal" x="46.42858" y="107.7033" z="-369.2205" normalx="0.0566139" normaly="0.9061147" normalz="-0.4192267"><links><link ref="XU_Waypoint20"/><link ref="XU_Waypoint45"/><link ref="XU_Waypoint10"/><link ref="XU_Waypoint23"/><link ref="XU_Waypoint31"/><link ref="XU_Waypoint48"/></links></waypoint><waypoint name="XU_Waypoint3" tags="sizeLevel0 typenormal" x="-192.0198" y="-42.58663" z="-343.5629" normalx="-0.7582162" normaly="-0.6140239" normalz="-0.2192779"><links><link ref="XU_Waypoint39"/><link ref="XU_Waypoint47"/><link ref="XU_Waypoint19"/><link ref="XU_Waypoint37"/><link ref="XU_Waypoint13"/><link ref="XU_Waypoint29"/><link ref="XU_Waypoint21"/></links></waypoint><waypoint name="XU_Waypoint4" tags="sizeLevel0 typenormal" x="-124.9226" y="104.0565" z="305.213" normalx="-0.5789889" normaly="0.7351882" normalz="0.3525198"><links><link ref="XU_Waypoint25"/><link ref="XU_Waypoint9"/><link ref="XU_Waypoint30"/><link ref="XU_Waypoint33"/><link ref="XU_Waypoint46"/></links></waypoint><waypoint name="XU_Waypoint5" tags="sizeLevel0 typenormal" x="200.5042" y="-46.49223" z="-322.7684" normalx="0.7494361" normaly="-0.5548066" normalz="-0.3612965"><links><link ref="XU_Waypoint14"/><link ref="XU_Waypoint18"/><link ref="XU_Waypoint27"/><link ref="XU_Waypoint42"/></links></waypoint><waypoint name="XU_Waypoint6" tags="sizeLevel0 typenormal" x="-145.4068" y="-43.48952" z="-95.09525" normalx="-0.8663311" normaly="-0.4957993" normalz="6.044343E-02"><links><link ref="XU_Waypoint35"/><link ref="XU_Waypoint29"/><link ref="XU_Waypoint41"/><link ref="XU_Waypoint11"/><link ref="XU_Waypoint34"/><link ref="XU_Waypoint16"/></links></waypoint><waypoint name="XU_Waypoint7" tags="sizeLevel0 typenormal" x="-143.2084" y="104.5388" z="-337.782" normalx="-0.407344" normaly="0.8913567" normalz="-0.1988821"><links><link ref="XU_Waypoint21"/><link ref="XU_Waypoint35"/><link ref="XU_Waypoint48"/><link ref="XU_Waypoint49"/></links></waypoint><waypoint name="XU_Waypoint8" tags="sizeLevel0 typenormal" x="141.6324" y="-40.65085" z="-95.09525" normalx="0.8832746" normaly="-0.452635" normalz="0.1222606"><links><link ref="XU_Waypoint27"/><link ref="XU_Waypoint42"/><link ref="XU_Waypoint36"/><link ref="XU_Waypoint15"/><link ref="XU_Waypoint17"/><link ref="XU_Waypoint43"/></links></waypoint><waypoint name="XU_Waypoint9" tags="sizeLevel0 typenormal" x="-162.6024" y="-66.54111" z="297.8165" normalx="-0.8969572" normaly="-0.2679229" normalz="0.351689"><links><link ref="XU_Waypoint4"/><link ref="XU_Waypoint25"/><link ref="XU_Waypoint41"/><link ref="XU_Waypoint33"/><link ref="XU_Waypoint38"/><link ref="XU_Waypoint16"/></links></waypoint><waypoint name="XU_Waypoint10" tags="sizeLevel0 typenormal" x="137.9237" y="104.9498" z="-243.6266" normalx="0.5321938" normaly="0.8403292" normalz="0.1030364"><links><link ref="XU_Waypoint27"/><link ref="XU_Waypoint17"/><link ref="XU_Waypoint18"/><link ref="XU_Waypoint23"/><link ref="XU_Waypoint2"/><link ref="XU_Waypoint45"/></links></waypoint><waypoint name="XU_Waypoint11" tags="sizeLevel0 typenormal" x="-141.6325" y="42.76606" z="-99.26567" normalx="-0.8509649" normaly="0.5052254" normalz="0.1435479"><links><link ref="XU_Waypoint41"/><link ref="XU_Waypoint6"/><link ref="XU_Waypoint50"/><link ref="XU_Waypoint25"/><link ref="XU_Waypoint35"/><link ref="XU_Waypoint28"/></links></waypoint><waypoint name="XU_Waypoint12" tags="sizeLevel0 typenormal" x="127.84" y="1.642609" z="-451.6758" normalx="0.4158502" normaly="-0.1063558" normalz="-0.9031927"><links><link ref="XU_Waypoint39"/><link ref="XU_Waypoint14"/><link ref="XU_Waypoint18"/><link ref="XU_Waypoint20"/><link ref="XU_Waypoint31"/></links></waypoint><waypoint name="XU_Waypoint13" tags="sizeLevel0 typenormal" x="-137.7" y="-34.37073" z="-448.548" normalx="-0.2829522" normaly="-0.491031" normalz="-0.8239094"><links><link ref="XU_Waypoint3"/><link ref="XU_Waypoint37"/><link ref="XU_Waypoint31"/><link ref="XU_Waypoint39"/></links></waypoint><waypoint name="XU_Waypoint14" tags="sizeLevel0 typenormal" x="113.4582" y="-91.17836" z="-316.242" normalx="0.3506016" normaly="-0.8876434" normalz="-0.2986097"><links><link ref="XU_Waypoint39"/><link ref="XU_Waypoint12"/><link ref="XU_Waypoint18"/><link ref="XU_Waypoint5"/><link ref="XU_Waypoint47"/><link ref="XU_Waypoint26"/><link ref="XU_Waypoint42"/></links></waypoint><waypoint name="XU_Waypoint15" tags="sizeLevel0 typenormal" x="126.7344" y="-94.74426" z="23.1203" normalx="0.6603302" normaly="-0.7508237" normalz="-1.509392E-02"><links><link ref="XU_Waypoint34"/><link ref="XU_Waypoint43"/><link ref="XU_Waypoint36"/><link ref="XU_Waypoint30"/><link ref="XU_Waypoint1"/><link ref="XU_Waypoint16"/><link ref="XU_Waypoint8"/></links></waypoint><waypoint name="XU_Waypoint16" tags="sizeLevel0 typenormal" x="-118.5842" y="-112.8858" z="66.84103" normalx="-0.3330074" normaly="-0.9403927" normalz="-6.904893E-02"><links><link ref="XU_Waypoint38"/><link ref="XU_Waypoint1"/><link ref="XU_Waypoint15"/><link ref="XU_Waypoint34"/><link ref="XU_Waypoint6"/><link ref="XU_Waypoint9"/><link ref="XU_Waypoint41"/></links></waypoint><waypoint name="XU_Waypoint17" tags="sizeLevel0 typenormal" x="141.0319" y="44.68962" z="-102.185" normalx="0.8821932" normaly="0.4639289" normalz="8.065448E-02"><links><link ref="XU_Waypoint27"/><link ref="XU_Waypoint10"/><link ref="XU_Waypoint8"/><link ref="XU_Waypoint23"/><link ref="XU_Waypoint36"/></links></waypoint><waypoint name="XU_Waypoint18" tags="sizeLevel0 typenormal" x="197.2701" y="35.03472" z="-376.8854" normalx="0.8494596" normaly="0.213372" normalz="-0.4825875"><links><link ref="XU_Waypoint20"/><link ref="XU_Waypoint45"/><link ref="XU_Waypoint12"/><link ref="XU_Waypoint14"/><link ref="XU_Waypoint10"/><link ref="XU_Waypoint27"/><link ref="XU_Waypoint5"/></links></waypoint><waypoint name="XU_Waypoint19" tags="sizeLevel0 typenormal" x="-99.74467" y="-78.37387" z="-286.5338" normalx="-0.3763118" normaly="-0.9031363" normalz="-0.2067225"><links><link ref="XU_Waypoint47"/><link ref="XU_Waypoint3"/><link ref="XU_Waypoint29"/><link ref="XU_Waypoint40"/></links></waypoint><waypoint name="XU_Waypoint20" tags="sizeLevel0 typenormal" x="57.08405" y="46.39606" z="-428.2557" normalx="0.0905709" normaly="0.6135963" normalz="-0.7844084"><links><link ref="XU_Waypoint45"/><link ref="XU_Waypoint18"/><link ref="XU_Waypoint12"/><link ref="XU_Waypoint2"/><link ref="XU_Waypoint31"/></links></waypoint><waypoint name="XU_Waypoint21" tags="sizeLevel0 typenormal" x="-203.4793" y="40.22515" z="-374.9354" normalx="-0.8816385" normaly="0.2508433" normalz="-0.3997389"><links><link ref="XU_Waypoint7"/><link ref="XU_Waypoint29"/><link ref="XU_Waypoint3"/><link ref="XU_Waypoint49"/><link ref="XU_Waypoint37"/></links></waypoint><waypoint name="XU_Waypoint22" tags="sizeLevel0 typenormal" x="48.05507" y="71.31451" z="400.157" normalx="0.2050654" normaly="0.5757717" normalz="0.7914765"><links><link ref="XU_Waypoint32"/><link ref="XU_Waypoint24"/><link ref="XU_Waypoint33"/><link ref="XU_Waypoint30"/></links></waypoint><waypoint name="XU_Waypoint23" tags="sizeLevel0 typenormal" x="54.58683" y="110.4426" z="-115.0537" normalx="0.2482702" normaly="0.9686548" normalz="-8.350288E-03"><links><link ref="XU_Waypoint48"/><link ref="XU_Waypoint50"/><link ref="XU_Waypoint17"/><link ref="XU_Waypoint10"/><link ref="XU_Waypoint2"/><link ref="XU_Waypoint36"/><link ref="XU_Waypoint44"/></links></waypoint><waypoint name="XU_Waypoint24" tags="sizeLevel0 typenormal" x="-31.94285" y="-72.8576" z="400.157" normalx="-0.1659914" normaly="-0.4804329" normalz="0.8611801"><links><link ref="XU_Waypoint32"/><link ref="XU_Waypoint22"/><link ref="XU_Waypoint33"/><link ref="XU_Waypoint38"/><link ref="XU_Waypoint1"/></links></waypoint><waypoint name="XU_Waypoint25" tags="sizeLevel0 typenormal" x="-153.055" y="74.2381" z="26.16792" normalx="-0.8659734" normaly="0.4871027" normalz="-0.1132295"><links><link ref="XU_Waypoint4"/><link ref="XU_Waypoint9"/><link ref="XU_Waypoint41"/><link ref="XU_Waypoint51"/><link ref="XU_Waypoint11"/><link ref="XU_Waypoint46"/></links></waypoint><waypoint name="XU_Waypoint26" tags="sizeLevel0 typenormal" x="41.21561" y="-114.0966" z="-199.6767" normalx="0.127232" normaly="-0.9908082" normalz="4.594566E-02"><links><link ref="XU_Waypoint34"/><link ref="XU_Waypoint40"/><link ref="XU_Waypoint43"/><link ref="XU_Waypoint47"/><link ref="XU_Waypoint14"/><link ref="XU_Waypoint42"/></links></waypoint><waypoint name="XU_Waypoint27" tags="sizeLevel0 typenormal" x="203.037" y="-30.5722" z="-201.7619" normalx="0.9396107" normaly="-0.2514195" normalz="0.2322067"><links><link ref="XU_Waypoint10"/><link ref="XU_Waypoint17"/><link ref="XU_Waypoint8"/><link ref="XU_Waypoint42"/><link ref="XU_Waypoint18"/><link ref="XU_Waypoint5"/></links></waypoint><waypoint name="XU_Waypoint28" tags="sizeLevel0 typenormal" x="-132.3002" y="108.7437" z="-232.1579" normalx="-0.3830567" normaly="0.9162573" normalz="0.1172183"><links><link ref="XU_Waypoint35"/><link ref="XU_Waypoint48"/><link ref="XU_Waypoint11"/><link ref="XU_Waypoint50"/></links></waypoint><waypoint name="XU_Waypoint29" tags="sizeLevel0 typenormal" x="-199.0347" y="-42.94965" z="-205.9323" normalx="-0.8359407" normaly="-0.5265263" normalz="0.1548333"><links><link ref="XU_Waypoint35"/><link ref="XU_Waypoint21"/><link ref="XU_Waypoint6"/><link ref="XU_Waypoint34"/><link ref="XU_Waypoint40"/><link ref="XU_Waypoint3"/><link ref="XU_Waypoint19"/></links></waypoint><waypoint name="XU_Waypoint30" tags="sizeLevel0 typenormal" x="133.7405" y="89.33128" z="310.7638" normalx="0.7328368" normaly="0.5853692" normalz="0.3468331"><links><link ref="XU_Waypoint44"/><link ref="XU_Waypoint46"/><link ref="XU_Waypoint36"/><link ref="XU_Waypoint15"/><link ref="XU_Waypoint1"/><link ref="XU_Waypoint33"/><link ref="XU_Waypoint22"/><link ref="XU_Waypoint32"/><link ref="XU_Waypoint4"/></links></waypoint><waypoint name="XU_Waypoint31" tags="sizeLevel0 typenormal" x="-38.22676" y="38.35937" z="-431.9701" normalx="3.946523E-02" normaly="0.2584289" normalz="-0.9652238"><links><link ref="XU_Waypoint12"/><link ref="XU_Waypoint39"/><link ref="XU_Waypoint48"/><link ref="XU_Waypoint37"/><link ref="XU_Waypoint13"/><link ref="XU_Waypoint20"/><link ref="XU_Waypoint2"/></links></waypoint><waypoint name="XU_Waypoint32" tags="sizeLevel0 typenormal" x="83.49654" y="-57.55556" z="375.3441" normalx="0.5729794" normaly="-0.3671472" normalz="0.732733"><links><link ref="XU_Waypoint22"/><link ref="XU_Waypoint24"/><link ref="XU_Waypoint30"/></links></waypoint><waypoint name="XU_Waypoint33" tags="sizeLevel0 typenormal" x="-82.14112" y="66.47637" z="368.7155" normalx="-0.4039929" normaly="0.4839092" normalz="0.776287"><links><link ref="XU_Waypoint22"/><link ref="XU_Waypoint24"/><link ref="XU_Waypoint30"/><link ref="XU_Waypoint38"/><link ref="XU_Waypoint4"/><link ref="XU_Waypoint9"/></links></waypoint><waypoint name="XU_Waypoint34" tags="sizeLevel0 typenormal" x="-67.91736" y="-90.188" z="-134.5768" normalx="-0.2735096" normaly="-0.9596234" normalz="6.569201E-02"><links><link ref="XU_Waypoint43"/><link ref="XU_Waypoint15"/><link ref="XU_Waypoint26"/><link ref="XU_Waypoint40"/><link ref="XU_Waypoint16"/><link ref="XU_Waypoint29"/><link ref="XU_Waypoint6"/></links></waypoint><waypoint name="XU_Waypoint35" tags="sizeLevel0 typenormal" x="-200.5135" y="42.58813" z="-193.4211" normalx="-0.8867615" normaly="0.3784293" normalz="0.2654153"><links><link ref="XU_Waypoint7"/><link ref="XU_Waypoint29"/><link ref="XU_Waypoint6"/><link ref="XU_Waypoint28"/><link ref="XU_Waypoint11"/></links></waypoint><waypoint name="XU_Waypoint36" tags="sizeLevel0 typenormal" x="162.0402" y="78.20938" z="50.7551" normalx="0.9245405" normaly="0.3800932" normalz="-2.745787E-02"><links><link ref="XU_Waypoint44"/><link ref="XU_Waypoint30"/><link ref="XU_Waypoint15"/><link ref="XU_Waypoint8"/><link ref="XU_Waypoint23"/><link ref="XU_Waypoint17"/></links></waypoint><waypoint name="XU_Waypoint37" tags="sizeLevel0 typenormal" x="-137.4998" y="40.69607" z="-446.8618" normalx="-0.3593366" normaly="0.3758684" normalz="-0.8541664"><links><link ref="XU_Waypoint48"/><link ref="XU_Waypoint49"/><link ref="XU_Waypoint31"/><link ref="XU_Waypoint3"/><link ref="XU_Waypoint13"/><link ref="XU_Waypoint21"/></links></waypoint><waypoint name="XU_Waypoint38" tags="sizeLevel0 typenormal" x="-119.1836" y="-104.0565" z="326.7058" normalx="-0.4741247" normaly="-0.7334974" normalz="0.4870189"><links><link ref="XU_Waypoint16"/><link ref="XU_Waypoint1"/><link ref="XU_Waypoint24"/><link ref="XU_Waypoint33"/><link ref="XU_Waypoint9"/></links></waypoint><waypoint name="XU_Waypoint39" tags="sizeLevel0 typenormal" x="-106.0381" y="-66.89713" z="-388.4763" normalx="-0.1117806" normaly="-0.8920994" normalz="-0.4377941"><links><link ref="XU_Waypoint12"/><link ref="XU_Waypoint14"/><link ref="XU_Waypoint31"/><link ref="XU_Waypoint3"/><link ref="XU_Waypoint47"/><link ref="XU_Waypoint13"/></links></waypoint><waypoint name="XU_Waypoint40" tags="sizeLevel0 typenormal" x="-83.81105" y="-106.9765" z="-239.0391" normalx="-0.3315985" normaly="-0.9405935" normalz="-0.0729821"><links><link ref="XU_Waypoint26"/><link ref="XU_Waypoint34"/><link ref="XU_Waypoint29"/><link ref="XU_Waypoint47"/><link ref="XU_Waypoint19"/></links></waypoint><waypoint name="XU_Waypoint41" tags="sizeLevel0 typenormal" x="-166.246" y="-71.39219" z="44.67819" normalx="-0.9043393" normaly="-0.4134963" normalz="-0.1057883"><links><link ref="XU_Waypoint9"/><link ref="XU_Waypoint25"/><link ref="XU_Waypoint11"/><link ref="XU_Waypoint6"/><link ref="XU_Waypoint16"/></links></waypoint><waypoint name="XU_Waypoint42" tags="sizeLevel0 typenormal" x="135.8765" y="-72.80203" z="-195.5063" normalx="0.4921878" normaly="-0.8622903" normalz="0.119192"><links><link ref="XU_Waypoint27"/><link ref="XU_Waypoint8"/><link ref="XU_Waypoint5"/><link ref="XU_Waypoint14"/><link ref="XU_Waypoint26"/><link ref="XU_Waypoint43"/></links></waypoint><waypoint name="XU_Waypoint43" tags="sizeLevel0 typenormal" x="58.11621" y="-107.02" z="-97.18045" normalx="0.1619083" normaly="-0.9832363" normalz="0.0838576"><links><link ref="XU_Waypoint34"/><link ref="XU_Waypoint15"/><link ref="XU_Waypoint26"/><link ref="XU_Waypoint42"/><link ref="XU_Waypoint8"/></links></waypoint><waypoint name="XU_Waypoint44" tags="sizeLevel0 typenormal" x="106.507" y="116.773" z="40.92481" normalx="0.3192031" normaly="0.9461822" normalz="-5.337278E-02"><links><link ref="XU_Waypoint51"/><link ref="XU_Waypoint46"/><link ref="XU_Waypoint30"/><link ref="XU_Waypoint36"/><link ref="XU_Waypoint50"/><link ref="XU_Waypoint23"/></links></waypoint><waypoint name="XU_Waypoint45" tags="sizeLevel0 typenormal" x="131.7173" y="107.4925" z="-344.0376" normalx="0.3743711" normaly="0.8793111" normalz="-0.2943778"><links><link ref="XU_Waypoint20"/><link ref="XU_Waypoint18"/><link ref="XU_Waypoint2"/><link ref="XU_Waypoint10"/></links></waypoint><waypoint name="XU_Waypoint46" tags="sizeLevel0 typenormal" x="-108.8104" y="116.6886" z="69.70075" normalx="-0.3503991" normaly="0.9356929" normalz="-4.122199E-02"><links><link ref="XU_Waypoint44"/><link ref="XU_Waypoint51"/><link ref="XU_Waypoint30"/><link ref="XU_Waypoint25"/><link ref="XU_Waypoint4"/></links></waypoint><waypoint name="XU_Waypoint47" tags="sizeLevel0 typenormal" x="24.66514" y="-111.801" z="-327.058" normalx="8.419495E-02" normaly="-0.8836392" normalz="-0.4605355"><links><link ref="XU_Waypoint3"/><link ref="XU_Waypoint39"/><link ref="XU_Waypoint19"/><link ref="XU_Waypoint14"/><link ref="XU_Waypoint26"/><link ref="XU_Waypoint40"/></links></waypoint><waypoint name="XU_Waypoint48" tags="sizeLevel0 typenormal" x="-52.24451" y="107.8847" z="-366.5367" normalx="-3.050719E-02" normaly="0.92185" normalz="-0.3863443"><links><link ref="XU_Waypoint37"/><link ref="XU_Waypoint49"/><link ref="XU_Waypoint23"/><link ref="XU_Waypoint50"/><link ref="XU_Waypoint31"/><link ref="XU_Waypoint7"/><link ref="XU_Waypoint28"/><link ref="XU_Waypoint2"/></links></waypoint><waypoint name="XU_Waypoint49" tags="sizeLevel0 typenormal" x="-138.1926" y="75.21475" z="-387.8328" normalx="-0.3429157" normaly="0.8025462" normalz="-0.4881889"><links><link ref="XU_Waypoint48"/><link ref="XU_Waypoint37"/><link ref="XU_Waypoint21"/><link ref="XU_Waypoint7"/></links></waypoint><waypoint name="XU_Waypoint50" tags="sizeLevel0 typenormal" x="-44.46337" y="112.1124" z="-143.2155" normalx="-0.1837166" normaly="0.9819599" normalz="4.475505E-02"><links><link ref="XU_Waypoint51"/><link ref="XU_Waypoint44"/><link ref="XU_Waypoint23"/><link ref="XU_Waypoint48"/><link ref="XU_Waypoint11"/><link ref="XU_Waypoint28"/></links></waypoint><waypoint name="XU_Waypoint51" tags="sizeLevel0 typenormal" x="-81.92368" y="105.6312" z="-39.67669" normalx="-0.3477621" normaly="0.9280906" normalz="-0.1330761"><links><link ref="XU_Waypoint44"/><link ref="XU_Waypoint46"/><link ref="XU_Waypoint50"/><link ref="XU_Waypoint25"/></links></waypoint></waypoints>
