<?xml version="1.0"?>
<components>
	<component name="tpwar_lx_eng_comp" class="destructible">
		<source geometry="extensions\TeleportationShips\ships\tpwar_lx_eng_data"/>
		<layers>
			<layer>
				<waypoints/>
				<lights>
					<omni name="XU Omni12" shadow="0" r="255" g="96" b="0" range="30" shadowrange="30" lighteffect="1" lenseffect="xenon_01" trigger="1" intensity="2">
						<lightanimations/>
						<offset>
							<position x="-30.37208" y="11.0512" z="-41.7794"/>
						</offset>
					</omni>
					<omni name="XU Omni13" shadow="0" r="255" g="96" b="0" range="30" shadowrange="30" lighteffect="1" lenseffect="xenon_01" trigger="1" intensity="2">
						<lightanimations/>
						<offset>
							<position x="30.35472" y="11.0512" z="-41.7794"/>
						</offset>
					</omni>
					<omni name="XU Omni014" shadow="0" r="255" g="96" b="0" range="30" shadowrange="30" lighteffect="1" lenseffect="xenon_01" trigger="1" intensity="2">
						<lightanimations/>
						<offset>
							<position x="0.2815762" y="-0.1144981" z="-34.24725"/>
						</offset>
					</omni>
				</lights>
			</layer>
		</layers>
		<connections>
			<connection name="container" tags="contents" value="0" optional="0"/>
			<connection name="position" tags="position" value="1" optional="1"/>
			<connection name="space" tags="destructible">
				<offset/>
			</connection>
			<connection name="Connection01" tags="part detail_m  ">
				<offset/>
				<parts>
					<part name="detail_m_main">
						<lods>
							<lod index="0">
								<materials>
									<material id="1" ref="argon.ar_unique_01"/>
									<material id="2" ref="argon.ar_unique_02"/>
									<material id="3" ref="generic.generic_engines_01"/>
								</materials>
							</lod>
						</lods>
						<size>
							<max x="40.63404" y="13.50293" z="71.81065"/>
							<center x="3.814697E-06" y="2.974001" z="29.67635"/>
						</size>
						<trailemitters>
							<emitter name="trail_xenon_01" type="trail_xenon_01">
								<offset>
									<position x="-27.82929" y="10.92937" z="-29.70916"/>
								</offset>
							</emitter>
							<emitter name="trail_xenon_01" type="trail_xenon_01">
								<offset>
									<position x="27.81946" y="10.92937" z="-29.70915"/>
								</offset>
							</emitter>
						</trailemitters>
					</part>
				</parts>
				<waypoints/>
			</connection>
			<connection name="speedscaleConnection01" tags="part detail_s animation nocollision  part detail_s animation nocollision  speeddependant ">
				<offset>
					<position x="9.990812E-02" y="0.907406" z="-14.2133"/>
				</offset>
				<animations>
					<animation name="scaling_range" start="0" end="100"/>
				</animations>
				<parts>
					<part name="anim_engine_flame01">
						<lods>
							<lod index="0">
								<materials>
									<material id="1" ref="effects.lightcone_soft_ship_s_fire"/>
								</materials>
							</lod>
						</lods>
						<size>
							<max x="3.137741" y="12.15883" z="26.655"/>
							<center x="-7.152557E-06" y="3.730714E-03" z="-26.655"/>
						</size>
						<size_raw>
							<max x="3.137735" y="12.1551" z="3.917732"/>
							<center x="-8.34465E-07" y="3.730237E-03" z="-1.958867"/>
						</size_raw>
						<offset>
							<position x="-9.990812E-02" y="-0.9074059" z="3.900826"/>
						</offset>
					</part>
					<part name="anim_engine_flame02">
						<lods>
							<lod index="0">
								<materials>
									<material id="1" ref="effects.lightcone_soft_ship_s_fire"/>
								</materials>
							</lod>
						</lods>
						<size>
							<max x="34.02529" y="4.167108" z="26.65502"/>
							<center x="-7.629395E-06" y="10.88087" z="-26.65502"/>
						</size>
						<size_raw>
							<max x="34.02528" y="6.713761" z="3.917734"/>
							<center x="0" y="10.88087" z="-1.958866"/>
						</size_raw>
						<offset>
							<position x="-9.990812E-02" y="-0.907407" z="-9.190535"/>
						</offset>
					</part>
				</parts>
			</connection>
			<connection name="connection_component01" tags="component object external">
				<offset>
					<position x="0" y="0" z="0" />
					<rotation yaw="0" pitch="0" roll="0"/>
					<!-- <quaternion qx="0.8509035" qy="-0" qz="-0" qw="0.525322" /> -->
				</offset>
			</connection>
			
					<!-- <position x="0" y="300" z="-140" />
					<rotation yaw="0" pitch="90" roll="0"/> -->
					<!-- <quaternion qx="0.8509035" qy="-0" qz="-0" qw="0.525322" /> -->
			
			<!-- <connection name="connection_engine01" tags="engine  component">
				<offset/>
			</connection>
			<connection name="conn_booster01" tags="booster ">
				<offset>
					<position x="0" y="0" z="-61.96319"/>
				</offset>
			</connection> -->
		</connections>
	</component>
</components>
