<?xml version="1.0" encoding="utf-8"?>
<macros xmlns:xsi="http://www.w3.org/2001/XMLSchema-instance" xsi:noNamespaceSchemaLocation="E:\Mod Stuff\X4 Extracted\UNIxsdfiles\x4_macro.xsd">
  <macro name="tpwar_exia_macro" class="ship_s">
    <component ref="tpwar_exia_comp" />
    <properties>
      <identification name="{734546,26}" basename="{734546,25}" description="{734546,27}" variation="" shortvariation="" icon="ship_s_fight_01" />
      <software>
        <software ware="software_dockmk2" compatible="1" />
        <software ware="software_flightassistmk1" default="1" />
        <software ware="software_scannerlongrangemk2" default="1" />
        <software ware="software_scannerobjectmk1" default="1" />
        <software ware="software_scannerobjectmk2" compatible="1" />
        <software ware="software_targetmk1" compatible="1" />
        <software ware="software_trademk1" compatible="1" />
      </software>
      <storage missile="20" />
      <hull max="3300" />
      <secrecy level="1" />
      <purpose primary="fight" />
      <people capacity="3" />
      <physics mass="6.899">
        <inertia pitch="2.059" yaw="2.059" roll="1.647" />
        <drag forward="6.543" reverse="31.548" horizontal="3.187" vertical="3.187" pitch="4.5" yaw="4.5" roll="4.5" />
      </physics>
      <thruster tags="small" />
      <ship type="fighter" />
      <sound_occlusion inside="0.5" />
    </properties>
    <connections>
      <connection ref="con_cockpit">
        <macro ref="cockpit_gen_virtual_01_macro" connection="ship" />
      </connection>
      <connection ref="con_dock_xs">
        <macro ref="dock_gen_xs_ship_01_macro" connection="Connection_component" />
      </connection>
      <connection ref="con_shipstorage_xs_01">
        <macro ref="shipstorage_gen_xs_01_macro" connection="object" />
      </connection>
      <connection ref="con_storage01">
        <macro ref="tpwar_exia_storage" connection="ShipConnection" />
      </connection>
    </connections>
  </macro>

</macros>