<?xml version="1.0" ?>
<components xmlns:xsi="http://www.w3.org/2001/XMLSchema-instance" xsi:noNamespaceSchemaLocation="C:/Users/alby/Desktop/macroxsd/x4_component.xsd">
	<component name="tpwar_surendra_comp" class="ship_xl">
		<!-- <source geometry="assets\units\size_xl\ship_tel_xl_carrier_01_data"/> -->
		<source geometry="assets\structures\defence\\defence_tel_claim_01_data" />
		<layers>
			<layer>
				<waypoints>
					<waypoint name="XU_Waypoint_01_046" tags="typenormal sizeLevel1 speed_slow blocklink start" x="-153.056" y="254.7825" z="-0.1333237" qx="-0" qy="0.7071068" qz="-0" qw="-0.7071067">
						<links>
							<link ref="XU_Waypoint_01_045" />
						</links>
					</waypoint>
					<waypoint name="XU_Waypoint_01_045" tags="sizeLevel1 end typedock speed_slow " x="-103.7989" y="254.7825" z="-0.1333237" qx="-0" qy="0.7071068" qz="-0" qw="-0.7071067">
						<links />
					</waypoint>
					<waypoint name="XU_Waypoint_01_044" tags="sizeLevel1 start typedock speed_slow " x="113.1239" y="254.7825" z="-0.5426254" qx="-0" qy="-0.7071066" qz="-0" qw="-0.7071069">
						<links>
							<link ref="XU_Waypoint_01_043" />
						</links>
					</waypoint>
					<waypoint name="XU_Waypoint_01_043" tags="typenormal sizeLevel1 speed_slow blocklink end" x="163.781" y="254.7825" z="-0.5426254" qx="-0" qy="-0.7071066" qz="-0" qw="-0.7071069">
						<links />
					</waypoint>
				</waypoints>
				<lights>
					<arealight name="XU AreaLight214" areax="0" areay="0" radius="1" r="182" g="216" b="255" lighteffect="1" range="201.2" spotattenuation="0.7116667" specularintensity="1" trigger="1" intensity="5000">
						<lightanimations />
						<offset>
							<position x="-166.0483" y="351.3089" z="167.8345" />
							<quaternion qx="0.3535527" qy="-0.8535537" qz="-0.1464464" qw="0.3535536" />
						</offset>
					</arealight>
					<omni name="XU Omni182" shadow="0" r="98" g="179" b="255" range="350" shadowrange="350" lighteffect="1" trigger="1" intensity="0.5999999" specularintensity="1">
						<lightanimations />
						<offset>
							<position x="-275.644" y="243.0089" z="243.0794" />
							<quaternion qx="9.470628E-08" qy="-0.3007059" qz="4.930095E-08" qw="-0.9537169" />
						</offset>
					</omni>
					<arealight name="XU AreaLight215" areax="0" areay="0" radius="1" r="182" g="216" b="255" lighteffect="1" range="201.2" spotattenuation="0.7116667" specularintensity="1" trigger="1" intensity="5000">
						<lightanimations />
						<offset>
							<position x="-236.0907" y="351.3089" z="1.263062" />
							<quaternion qx="0.3826825" qy="-0.9238799" qz="-9.816753E-08" qw="1.562296E-07" />
						</offset>
					</arealight>
					<omni name="XU Omni183" shadow="0" r="98" g="179" b="255" range="350" shadowrange="350" lighteffect="1" trigger="1" intensity="0.5999999" specularintensity="1">
						<lightanimations />
						<offset>
							<position x="-366.7928" y="243.0089" z="-23.02662" />
							<quaternion qx="6.863056E-08" qy="8.715542E-02" qz="8.179067E-08" qw="-0.9961947" />
						</offset>
					</omni>
					<arealight name="XU AreaLight216" areax="0" areay="0" radius="1" r="182" g="216" b="255" lighteffect="1" range="201.2" spotattenuation="0.7116667" specularintensity="1" trigger="1" intensity="5000">
						<lightanimations />
						<offset>
							<position x="-161.7914" y="354.2638" z="-160.0052" />
							<quaternion qx="0.2391168" qy="-0.8923993" qz="9.904536E-02" qw="-0.3696438" />
						</offset>
					</arealight>
					<omni name="XU Omni184" shadow="0" r="98" g="179" b="255" range="350" shadowrange="350" lighteffect="1" trigger="1" intensity="0.5999999" specularintensity="1">
						<lightanimations />
						<offset>
							<position x="-243.0794" y="243.0089" z="-275.6439" />
							<quaternion qx="3.210645E-08" qy="0.4617482" qz="1.018285E-07" qw="-0.887011" />
						</offset>
					</omni>
					<arealight name="XU AreaLight217" areax="0" areay="0" radius="1" r="182" g="216" b="255" lighteffect="1" range="201.2" spotattenuation="0.7116667" specularintensity="1" trigger="1" intensity="5000">
						<lightanimations />
						<offset>
							<position x="-1.263094" y="351.3089" z="-236.0907" />
							<quaternion qx="0.2705976" qy="-0.653282" qz="0.2705972" qw="-0.6532815" />
						</offset>
					</arealight>
					<omni name="XU Omni185" shadow="0" r="98" g="179" b="255" range="350" shadowrange="350" lighteffect="1" trigger="1" intensity="0.5999999" specularintensity="1">
						<lightanimations />
						<offset>
							<position x="23.02654" y="243.0089" z="-366.7928" />
							<quaternion qx="-9.305581E-09" qy="0.7660441" qz="1.063639E-07" qw="-0.642788" />
						</offset>
					</omni>
					<arealight name="XU AreaLight218" areax="0" areay="0" radius="1" r="182" g="216" b="255" lighteffect="1" range="201.2" spotattenuation="0.7116667" specularintensity="1" trigger="1" intensity="5000">
						<lightanimations />
						<offset>
							<position x="166.0482" y="351.3089" z="-167.8345" />
							<quaternion qx="0.1464463" qy="-0.3535537" qz="0.3535525" qw="-0.8535537" />
						</offset>
					</arealight>
					<omni name="XU Omni186" shadow="0" r="98" g="179" b="255" range="350" shadowrange="350" lighteffect="1" trigger="1" intensity="0.5999999" specularintensity="1">
						<lightanimations />
						<offset>
							<position x="275.6439" y="243.0089" z="-243.0795" />
							<quaternion qx="4.930094E-08" qy="-0.9537168" qz="-9.47063E-08" qw="0.3007061" />
						</offset>
					</omni>
					<arealight name="XU AreaLight219" areax="0" areay="0" radius="1" r="182" g="216" b="255" lighteffect="1" range="201.2" spotattenuation="0.7116667" specularintensity="1" trigger="1" intensity="5000">
						<lightanimations />
						<offset>
							<position x="236.0907" y="351.3089" z="-1.263122" />
							<quaternion qx="3.582063E-08" qy="-5.710429E-09" qz="0.3826825" qw="-0.9238799" />
						</offset>
					</arealight>
					<omni name="XU Omni187" shadow="0" r="98" g="179" b="255" range="350" shadowrange="350" lighteffect="1" trigger="1" intensity="0.5999999" specularintensity="1">
						<lightanimations />
						<offset>
							<position x="366.7928" y="243.0089" z="23.0265" />
							<quaternion qx="8.179062E-08" qy="-0.9961947" qz="-6.863058E-08" qw="-8.715509E-02" />
						</offset>
					</omni>
					<arealight name="XU AreaLight220" areax="0" areay="0" radius="1" r="182" g="216" b="255" lighteffect="1" range="201.2" spotattenuation="0.7116667" specularintensity="1" trigger="1" intensity="5000">
						<lightanimations />
						<offset>
							<position x="167.8345" y="351.3089" z="166.0482" />
							<quaternion qx="-0.1464463" qy="0.3535536" qz="0.3535526" qw="-0.8535537" />
						</offset>
					</arealight>
					<omni name="XU Omni188" shadow="0" r="98" g="179" b="255" range="350" shadowrange="350" lighteffect="1" trigger="1" intensity="0.5999999" specularintensity="1">
						<lightanimations />
						<offset>
							<position x="243.0795" y="243.0089" z="275.6438" />
							<quaternion qx="1.018285E-07" qy="-0.8870111" qz="-3.210646E-08" qw="-0.4617482" />
						</offset>
					</omni>
					<arealight name="XU AreaLight221" areax="0" areay="0" radius="1" r="182" g="216" b="255" lighteffect="1" range="201.2" spotattenuation="0.7116667" specularintensity="1" trigger="1" intensity="5000">
						<lightanimations />
						<offset>
							<position x="1.263135" y="351.3089" z="236.0907" />
							<quaternion qx="-0.2705974" qy="0.6532819" qz="0.2705975" qw="-0.6532816" />
						</offset>
					</arealight>
					<omni name="XU Omni189" shadow="0" r="98" g="179" b="255" range="350" shadowrange="350" lighteffect="1" trigger="1" intensity="0.5999999" specularintensity="1">
						<lightanimations />
						<offset>
							<position x="-23.02639" y="243.0089" z="366.7928" />
							<quaternion qx="1.063639E-07" qy="-0.6427882" qz="9.30555E-09" qw="-0.7660439" />
						</offset>
					</omni>
					<arealight name="XU AreaLight222" areax="0" areay="0" radius="1" r="182" g="216" b="255" lighteffect="1" range="201.2" spotattenuation="0.7116667" specularintensity="1" trigger="1" intensity="5000">
						<lightanimations />
						<offset>
							<position x="-173.4615" y="-76.97256" z="175.5455" />
							<quaternion qx="0.3904475" qy="-0.8373197" qz="-0.1617288" qw="0.3468291" />
						</offset>
					</arealight>
					<omni name="XU Omni190" shadow="0" r="98" g="179" b="255" range="350" shadowrange="350" lighteffect="1" trigger="1" intensity="0.5999999" specularintensity="1">
						<lightanimations />
						<offset>
							<position x="-245.4822" y="-160.4294" z="221.9598" />
							<quaternion qx="3.276217E-07" qy="-0.3007061" qz="1.008573E-07" qw="-0.9537168" />
						</offset>
					</omni>
					<arealight name="XU AreaLight223" areax="0" areay="0" radius="1" r="182" g="216" b="255" lighteffect="1" range="201.2" spotattenuation="0.7116667" specularintensity="1" trigger="1" intensity="5000">
						<lightanimations />
						<offset>
							<position x="244.7364" y="-76.2089" z="-1.263121" />
							<quaternion qx="3.582061E-08" qy="-5.710456E-09" qz="0.3826831" qw="-0.9238797" />
						</offset>
					</arealight>
					<omni name="XU Omni191" shadow="0" r="98" g="179" b="255" range="350" shadowrange="350" lighteffect="1" trigger="1" intensity="0.5999999" specularintensity="1">
						<lightanimations />
						<offset>
							<position x="-330.5314" y="-160.4293" z="-16.63275" />
							<quaternion qx="7.624993E-08" qy="8.715554E-02" qz="-5.299444E-09" qw="-0.9961947" />
						</offset>
					</omni>
					<omni name="XU Omni192" shadow="0" r="98" g="179" b="255" range="350" shadowrange="350" lighteffect="1" trigger="1" intensity="0.5999999" specularintensity="1">
						<lightanimations />
						<offset>
							<position x="245.482" y="-160.4296" z="-221.9598" />
							<quaternion qx="-3.810239E-08" qy="-0.9537167" qz="2.451726E-08" qw="0.3007066" />
						</offset>
					</omni>
					<omni name="XU Omni193" shadow="0" r="98" g="179" b="255" range="350" shadowrange="350" lighteffect="1" trigger="1" intensity="0.5999999" specularintensity="1">
						<lightanimations />
						<offset>
							<position x="-221.9598" y="-160.4294" z="-245.482" />
							<quaternion qx="-1.004832E-07" qy="0.4617482" qz="1.672011E-07" qw="-0.887011" />
						</offset>
					</omni>
					<arealight name="XU AreaLight224" areax="0" areay="0" radius="1" r="182" g="216" b="255" lighteffect="1" range="201.2" spotattenuation="0.7116667" specularintensity="1" trigger="1" intensity="5000">
						<lightanimations />
						<offset>
							<position x="160.4199" y="-76.20885" z="-189.1874" />
							<quaternion qx="0.1464464" qy="-0.3535536" qz="0.3535528" qw="-0.8535536" />
						</offset>
					</arealight>
					<omni name="XU Omni194" shadow="0" r="98" g="179" b="255" range="350" shadowrange="350" lighteffect="1" trigger="1" intensity="0.5999999" specularintensity="1">
						<lightanimations />
						<offset>
							<position x="16.63264" y="-160.4295" z="-330.5313" />
							<quaternion qx="2.581968E-08" qy="0.7660441" qz="-3.723214E-08" qw="-0.642788" />
						</offset>
					</omni>
					<arealight name="XU AreaLight225" areax="0" areay="0" radius="1" r="182" g="216" b="255" lighteffect="1" range="201.2" spotattenuation="0.7116667" specularintensity="1" trigger="1" intensity="5000">
						<lightanimations />
						<offset>
							<position x="-177.4008" y="-76.20876" z="-174.1959" />
							<quaternion qx="0.3535526" qy="-0.8535537" qz="0.1464462" qw="-0.3535535" />
						</offset>
					</arealight>
					<arealight name="XU AreaLight226" areax="0" areay="0" radius="1" r="182" g="216" b="255" lighteffect="1" range="201.2" spotattenuation="0.7116667" specularintensity="1" trigger="1" intensity="5000">
						<lightanimations />
						<offset>
							<position x="-240.6425" y="-76.97255" z="1.263068" />
							<quaternion qx="0.4226175" qy="-0.9063082" qz="-1.034294E-07" qw="1.553219E-07" />
						</offset>
					</arealight>
					<omni name="XU Omni195" shadow="0" r="98" g="179" b="255" range="350" shadowrange="350" lighteffect="1" trigger="1" intensity="0.5999999" specularintensity="1">
						<lightanimations />
						<offset>
							<position x="330.5312" y="-160.4296" z="16.63267" />
							<quaternion qx="5.012507E-08" qy="-0.9961947" qz="-7.140093E-08" qw="-8.715509E-02" />
						</offset>
					</omni>
					<arealight name="XU AreaLight227" areax="0" areay="0" radius="1" r="182" g="216" b="255" lighteffect="1" range="201.2" spotattenuation="0.7116667" specularintensity="1" trigger="1" intensity="5000">
						<lightanimations />
						<offset>
							<position x="175.237" y="-76.20883" z="173.5426" />
							<quaternion qx="-0.1464464" qy="0.353554" qz="0.3535525" qw="-0.8535535" />
						</offset>
					</arealight>
					<omni name="XU Omni196" shadow="0" r="98" g="179" b="255" range="350" shadowrange="350" lighteffect="1" trigger="1" intensity="0.5999999" specularintensity="1">
						<lightanimations />
						<offset>
							<position x="221.9599" y="-160.4296" z="245.4819" />
							<quaternion qx="-1.858883E-08" qy="-0.8870111" qz="-5.895614E-08" qw="-0.4617482" />
						</offset>
					</omni>
					<arealight name="XU AreaLight228" areax="0" areay="0" radius="1" r="182" g="216" b="255" lighteffect="1" range="201.2" spotattenuation="0.7116667" specularintensity="1" trigger="1" intensity="5000">
						<lightanimations />
						<offset>
							<position x="1.263101" y="-76.97264" z="242.8009" />
							<quaternion qx="-0.2988356" qy="0.6408569" qz="0.2988356" qw="-0.6408565" />
						</offset>
					</arealight>
					<omni name="XU Omni197" shadow="0" r="98" g="179" b="255" range="350" shadowrange="350" lighteffect="1" trigger="1" intensity="0.5999999" specularintensity="1">
						<lightanimations />
						<offset>
							<position x="-16.63263" y="-160.4294" z="330.5313" />
							<quaternion qx="9.670724E-08" qy="-0.6427882" qz="-1.382083E-07" qw="-0.7660439" />
						</offset>
					</omni>
					<arealight name="XU AreaLight229" areax="0" areay="0" radius="1" r="182" g="216" b="255" lighteffect="1" range="201.2" spotattenuation="0.7116667" specularintensity="1" trigger="1" intensity="5000">
						<lightanimations />
						<offset>
							<position x="-1.263149" y="-76.20882" z="-245.5273" />
							<quaternion qx="0.2705977" qy="-0.6532823" qz="0.2705972" qw="-0.6532812" />
						</offset>
					</arealight>
					<omni name="XU Omni198" shadow="0" r="98" g="179" b="255" range="350" shadowrange="350" lighteffect="1" trigger="1" intensity="0.5999999" specularintensity="1">
						<lightanimations />
						<offset>
							<position x="0" y="578.3899" z="-623.853" />
						</offset>
					</omni>
					<omni name="XU Omni199" shadow="0" r="98" g="179" b="255" range="350" shadowrange="350" lighteffect="1" trigger="1" intensity="0.5999999" specularintensity="1">
						<lightanimations />
						<offset>
							<position x="0" y="578.3899" z="590.1818" />
						</offset>
					</omni>
					<arealight name="XU AreaLight230" areax="0" areay="0" radius="1" r="182" g="216" b="255" lighteffect="1" range="201.2" spotattenuation="0.7116667" specularintensity="1" trigger="1" intensity="5000">
						<lightanimations />
						<offset>
							<position x="-67.47095" y="591.4152" z="-497.4587" />
							<quaternion qx="9.229538E-02" qy="-0.7010577" qz="9.229526E-02" qw="-0.7010573" />
						</offset>
					</arealight>
					<arealight name="XU AreaLight231" areax="0" areay="0" radius="1" r="182" g="216" b="255" lighteffect="1" range="201.2" spotattenuation="0.7116667" specularintensity="1" trigger="1" intensity="5000">
						<lightanimations />
						<offset>
							<position x="66.65704" y="591.4152" z="-497.4587" />
							<quaternion qx="9.229538E-02" qy="-0.7010577" qz="9.229526E-02" qw="-0.7010573" />
						</offset>
					</arealight>
					<arealight name="XU AreaLight232" areax="0" areay="0" radius="1" r="182" g="216" b="255" lighteffect="1" range="201.2" spotattenuation="0.7116667" specularintensity="1" trigger="1" intensity="5000">
						<lightanimations />
						<offset>
							<position x="-67.47094" y="591.4152" z="493.7604" />
							<quaternion qx="-9.229523E-02" qy="0.701057" qz="9.229541E-02" qw="-0.7010579" />
						</offset>
					</arealight>
					<arealight name="XU AreaLight233" areax="0" areay="0" radius="1" r="182" g="216" b="255" lighteffect="1" range="201.2" spotattenuation="0.7116667" specularintensity="1" trigger="1" intensity="5000">
						<lightanimations />
						<offset>
							<position x="66.65705" y="591.4152" z="493.7604" />
							<quaternion qx="-9.229523E-02" qy="0.701057" qz="9.229541E-02" qw="-0.7010579" />
						</offset>
					</arealight>
					<omni name="XU Omni200" shadow="0" r="255" g="98" b="98" range="82.2" shadowrange="82.2" lighteffect="1" trigger="1" intensity="1" specularintensity="1">
						<lightanimations />
						<offset>
							<position x="491.0034" y="436.3704" z="44.55642" />
							<quaternion qx="8.179062E-08" qy="-0.9961947" qz="-6.863058E-08" qw="-8.715509E-02" />
						</offset>
					</omni>
					<omni name="XU Omni201" shadow="0" r="255" g="98" b="98" range="82.2" shadowrange="82.2" lighteffect="1" trigger="1" intensity="1" specularintensity="1">
						<lightanimations />
						<offset>
							<position x="-421.3383" y="436.3704" z="241.9292" />
							<quaternion qx="8.179062E-08" qy="-0.9961947" qz="-6.863058E-08" qw="-8.715509E-02" />
						</offset>
					</omni>
					<omni name="XU Omni202" shadow="0" r="255" g="98" b="98" range="82.2" shadowrange="82.2" lighteffect="1" trigger="1" intensity="1" specularintensity="1">
						<lightanimations />
						<offset>
							<position x="0.2184448" y="752.0912" z="-23.54952" />
							<quaternion qx="8.179062E-08" qy="-0.9961947" qz="-6.863058E-08" qw="-8.715509E-02" />
						</offset>
					</omni>
				</lights>
			</layer>
		</layers>
		<connections>
			<connection name="container" tags="contents" value="0" />
			<connection name="position" tags="position" value="1" />
			<connection name="space" tags="ship ship_xl">
				<offset />
			</connection>
			<connection name="Connection01" tags="part  ">
				<offset>
					<position x="0" y="0" z="4.842584E-05" />
				</offset>
				<parts>
					<part name="part_main" wreck="part_main_wreck">
						<lods>
							<lod index="0">
								<materials>
									<material id="1" ref="generic.generic_p1_hulltexture" />
									<material id="2" ref="p1teladi.tel_p1_fx" />
								</materials>
							</lod>
							<lod index="1">
								<materials>
									<material id="1" ref="generic.generic_p1_hulltexture" />
									<material id="2" ref="p1teladi.tel_p1_fx" />
								</materials>
							</lod>
							<lod index="2">
								<materials>
									<material id="1" ref="generic.generic_p1_hulltexture" />
								</materials>
							</lod>
							<lod index="3">
								<materials>
									<material id="1" ref="generic.generic_p1_hulltexture" />
								</materials>
							</lod>
						</lods>
						<size>
							<max x="613.6578" y="894.5578" z="613.6577" />
							<center x="0" y="-15.60681" z="4.312689E-05" />
						</size>
					</part>
				</parts>
			</connection>
			<connection name="Connection02" tags="part detail_s nocollision forceoutline ">
				<offset>
					<position x="0" y="698.9986" z="0" />
				</offset>
				<parts>
					<part name="detail_s_main">
						<lods>
							<lod index="0">
								<materials>
									<material id="1" ref="generic.generic_p1_hulltexture" />
									<material id="2" ref="p1teladi.tel_p1_fx" />
									<material id="3" ref="generic.generic_p1_alphatexture" />
									<material id="4" ref="p1effects.p1_lightcone_soft" />
								</materials>
							</lod>
						</lods>
						<size>
							<max x="574.0076" y="910.47" z="522.2896" />
							<center x="0" y="-714.6055" z="9.155273E-05" />
						</size>
					</part>
				</parts>
			</connection>
			<connection name="Connection03" tags="part detail_xs nocollision animation textureanimation forceoutline  ">
				<offset>
					<position x="0" y="451.0091" z="0" />
					<quaternion qx="-0" qy="-0.7933527" qz="-0" qw="-0.6087623" />
				</offset>
				<animations>
					<animation name="loop" start="1" end="100" />
				</animations>
				<parts>
					<part name="anim_poslight">
						<lods>
							<lod index="0">
								<materials>
									<material id="1" ref="p1effects.p1_gradient_colour" />
								</materials>
							</lod>
						</lods>
						<size>
							<max x="600.7922" y="885.1962" z="600.7922" />
							<center x="0" y="-465.7239" z="0" />
						</size>
						<size_raw>
							<max x="600.7922" y="885.1962" z="600.7922" />
							<center x="0" y="-465.724" z="0" />
						</size_raw>
						<pivot>
							<offset>
								<position x="5.19678E-06" y="-400.283" z="5.184673E-06" />
							</offset>
						</pivot>
						<uv_animations>
							<uv_animation mapchannel="1">
								<uv_property name="u_offset" controller="bezier_float">
									<key frame="0" value="0" in_tangent_type="auto" out_tangent_type="auto" />
									<key frame="100" value="-1" in_tangent_type="auto" out_tangent_type="auto" />
								</uv_property>
							</uv_animation>
						</uv_animations>
					</part>
				</parts>
			</connection>
			<connection name="Connection04" tags="part detail_m nocollision forceoutline  ">
				<offset>
					<position x="0" y="40.27492" z="0" />
				</offset>
				<parts>
					<part name="fx_decals">
						<lods>
							<lod index="0">
								<materials>
									<material id="1" ref="p1paint.paint_p1_decal_01" />
								</materials>
							</lod>
						</lods>
						<size>
							<max x="591.8163" y="752.0795" z="592.8823" />
							<center x="0" y="-62.72383" z="0" />
						</size>
					</part>
				</parts>
			</connection>
			<!-- eh... -->
			<connection name="con_playercontrol" tags="playercontrol">
				<offset>
					<position x="0" y="780.4039" z="0" />
				</offset>
			</connection>
			<connection name="con_storage01" tags="storage "></connection>
			<connection name="con_cockpit" tags="cockpit cockpit_visible">
				<offset>
					<position x="0" y="780" z="0" />
				</offset>
			</connection>
			<connection name="con_shipstorage01" tags="dockingbay ">
				<offset></offset>
			</connection>
			<connection name="con_shipstorage02" tags="dockingbay ">
				<offset></offset>
			</connection>
			<connection name="con_shipstorage03" tags="dockingbay "></connection>
			<connection name="con_engine_01" group="group_back_bottom " tags="engine extralarge">
				<offset>
					<position x="0" y="-150" z="-110" />
				</offset>
			</connection>
			<connection name="con_engine_02" group="group_back_bottom " tags="engine extralarge">
				<offset>
					<position x="0" y="-300" z="-70" />
				</offset>
			</connection>
			<!-- shields -->
			<connection name="con_shieldgen_xl_01" tags="extralarge shield">
				<offset></offset>
			</connection>
			<connection name="con_shieldgen_xl_003" tags="extralarge shield">
				<offset></offset>
			</connection>
			<connection name="con_shieldgen_xl_008" tags="extralarge shield">
				<offset></offset>
			</connection>
			<connection name="con_shieldgen_xl_009" tags="extralarge shield">
				<offset></offset>
			</connection>
			<!-- turrets -->
			<connection name="con_turret_019" group="group_back_bottom_left " tags="turret medium standard missile hittable ">
				<offset>
					<position x="400" y="0" z="15" />
					<rotation yaw="0" pitch="0" roll="0" />
				</offset>
			</connection>
			<connection name="con_turret_020" group="group_back_bottom_right " tags="turret medium standard missile hittable ">
				<offset>
					<position x="400" y="10" z="0" />
					<rotation yaw="0" pitch="0" roll="0" />
				</offset>
			</connection>
			<connection name="con_turret_021" group="group_center_bottom_right " tags="turret medium standard missile hittable ">
				<offset>
					<position x="400" y="20" z="-15" />
					<rotation yaw="0" pitch="0" roll="0" />
				</offset>
			</connection>
			<connection name="con_turret_022" group="group_center_bottom_right " tags="turret medium standard missile hittable ">
				<offset>
					<position x="-400" y="30" z="15" />
					<rotation yaw="0" pitch="0" roll="0" />
				</offset>
			</connection>
			<connection name="con_turret_023" group="group_center_bottom_left " tags="turret medium standard missile hittable ">
				<offset>
					<position x="-400" y="40" z="0" />
					<rotation yaw="0" pitch="0" roll="0" />
				</offset>
			</connection>
			<connection name="con_turret_024" group="group_center_bottom_left " tags="turret medium standard missile hittable ">
				<offset>
					<position x="-400" y="0" z="-15" />
					<rotation yaw="0" pitch="0" roll="0" />
				</offset>
			</connection>
			<connection name="con_turret_025" group="group_front_top_left " tags="turret medium standard missile hittable ">
				<offset>
					<position x="0" y="0" z="300" />
					<rotation yaw="0" pitch="0" roll="0" />
				</offset>
			</connection>
			<connection name="con_turret_026" group="group_front_top_right " tags="turret medium standard missile hittable ">
				<offset>
					<position x="0" y="0" z="-300" />
					<rotation yaw="0" pitch="0" roll="0" />
				</offset>
			</connection>
			<connection name="tptop1" group="tptop " tags="turret medium standard missile hittable ">
				<offset>
					<position x="40" y="730" z="-250" />
					<rotation yaw="0" pitch="20" roll="0" />
				</offset>
			</connection>
			<connection name="tptop2" group="tptop " tags="turret medium standard missile hittable ">
				<offset>
					<position x="40" y="730" z="250" />
					<rotation yaw="0" pitch="-20" roll="0" />
				</offset>
			</connection>
			<connection name="tptop3" group="tptop " tags="turret medium standard missile hittable ">
				<offset>
					<position x="250" y="730" z="40" />
					<rotation yaw="0" pitch="0" roll="20" />
				</offset>
			</connection>
			<connection name="tptop4" group="tptop " tags="turret medium standard missile hittable ">
				<offset>
					<position x="-250" y="730" z="40" />
					<rotation yaw="0" pitch="0" roll="-20" />
				</offset>
			</connection>
			<connection name="tpwarlturret01" group="group_back_down_mid " tags="turret large standard missile ">
				<offset>
					<position x="0" y="725" z="-250" />
					<rotation yaw="0" pitch="20" roll="0" />
				</offset>
			</connection>
			<connection name="tpwarlturret02" group="group_back_down_mid " tags="turret large standard missile ">
				<offset>
					<position x="0" y="725" z="250" />
					<rotation yaw="0" pitch="-20" roll="0" />
				</offset>
			</connection>
			<connection name="tpwarlturret03" group="group_back_down_mid " tags="turret large standard missile ">
				<offset>
					<position x="250" y="725" z="0" />
					<rotation yaw="0" pitch="0" roll="20" />
				</offset>
			</connection>
			<connection name="tpwarlturret04" group="group_back_down_mid " tags="turret large standard missile ">
				<offset>
					<position x="-250" y="725" z="0" />
					<rotation yaw="0" pitch="0" roll="-20" />
				</offset>
			</connection>
			<!-- docks -->
			<connection name="con_dockarea_tel_xl_carrier_01_a" tags="dockarea">
				<offset>
					<position x="0" y="60" z="-450.9589" />
				</offset>
			</connection>
			<connection name="con_dockarea_tel_xl_carrier_01_c" tags="dockarea">
				<offset>
					<position x="0" y="60" z="450.9589" />
				</offset>
			</connection>
			<connection name="con_dockarea_tel_xl_carrier_01_b" tags="dockarea">
				<offset>
					<position x="450" y="65" z="0" />
					<rotation yaw="90" pitch="0" roll="0" />
				</offset>
			</connection>
			<connection name="con_dockarea_tel_xl_carrier_01_e" tags="dockarea">
				<offset>
					<position x="-450" y="60" z="0" />
					<rotation yaw="90" pitch="0" roll="0" />
				</offset>
			</connection>
			<connection name="con_shipstorage_m_01" tags="dockingbay ">
				<offset></offset>
			</connection>
			<connection name="tpwarlturret012" group="group_back_down_mid " tags="turret large standard missile ">
				<offset>
					<position x="255" y="15" z="-255" />
					
				</offset>
			</connection>
			<connection name="tpwarlturret013" group="group_back_down_mid " tags="turret large standard missile ">
				<offset>
					<position x="-255" y="15" z="-255" />
					
				</offset>
			</connection>
			<connection name="tpwarlturret014" group="group_back_down_mid " tags="turret large standard missile ">
				<offset>
					<position x="255" y="15" z="255" />
					
				</offset>
			</connection>
			<connection name="tpwarlturret015" group="group_back_down_mid " tags="turret large standard missile ">
				<offset>
					<position x="-255" y="15" z="255" />
					
				</offset>
			</connection>
			<connection name="con_shipstorage_s_01" tags="dockingbay ">
				<offset></offset>
			</connection>
			<connection name="ConnectionFor_launchtube_arg_s_01_macro" tags="dockingbay">
				<offset>
					<position x="-82.50633" y="-210.038" z="40" />
					<quaternion qx="-0" qy="-0.7071068" qz="-0" qw="-0.7071067" />
				</offset>
			</connection>
			<connection name="ConnectionFor_launchtube_arg_m_01_macro" tags="dockingbay">
				<offset>
					<position x="56.56364" y="541.0627" z="367.8279" />
					<quaternion qx="-0" qy="-1" qz="-0" qw="7.54979E-08" />
				</offset>
			</connection>
			<connection name="ConnectionFor_launchtube_arg_s_01_macro1" tags="dockingbay">
				<offset>
					<position x="-82.50633" y="-210.038" z="0" />
					<quaternion qx="-0" qy="-0.7071068" qz="-0" qw="-0.7071067" />
				</offset>
			</connection>
			<connection name="ConnectionFor_launchtube_arg_s_01_macro2" tags="dockingbay">
				<offset>
					<position x="-82.50633" y="-210.038" z="-40" />
					<quaternion qx="-0" qy="-0.7071068" qz="-0" qw="-0.7071067" />
				</offset>
			</connection>
			<connection name="ConnectionFor_launchtube_arg_s_01_macro3" tags="dockingbay">
				<offset>
					<position x="83.25115" y="-210.1724" z="40" />
					<quaternion qx="-0" qy="0.7071068" qz="-0" qw="-0.7071067" />
				</offset>
			</connection>
			<connection name="ConnectionFor_launchtube_arg_s_01_macro4" tags="dockingbay">
				<offset>
					<position x="83.25115" y="-210.1724" z="0" />
					<quaternion qx="-0" qy="0.7071068" qz="-0" qw="-0.7071067" />
				</offset>
			</connection>
			<connection name="ConnectionFor_launchtube_arg_s_01_macro5" tags="dockingbay">
				<offset>
					<position x="83.25115" y="-210.1724" z="-40" />
					<quaternion qx="-0" qy="0.7071068" qz="-0" qw="-0.7071067" />
				</offset>
			</connection>
			<connection name="ConnectionFor_launchtube_arg_m_01_macro1" tags="dockingbay">
				<offset>
					<position x="-53.52975" y="541.0627" z="367.8279" />
					<quaternion qx="-0" qy="-1" qz="-0" qw="7.54979E-08" />
				</offset>
			</connection>
			<connection name="ConnectionFor_launchtube_arg_m_01_macro2" tags="dockingbay">
				<offset>
					<position x="53.52981" y="541.0627" z="-367.8279" />
				</offset>
			</connection>
			<connection name="ConnectionFor_launchtube_arg_m_01_macro3" tags="dockingbay">
				<offset>
					<position x="-56.56358" y="541.0627" z="-367.8279" />
				</offset>
			</connection>
		</connections>
	</component>
</components>