<?xml version="1.0" encoding="utf-8" ?>
<macros xmlns:xsi="http://www.w3.org/2001/XMLSchema-instance" xsi:noNamespaceSchemaLocation="E:\Mod Stuff\X4 Extracted\UNIxsdfiles\x4_macro.xsd">
    <macro name="tpwar_kasper_macro" class="ship_s">
        <component ref="tpwar_kasper_comp" />
        <properties>
            <identification name="{734546,38}" basename="{734546,37}" description="{734546,39}" variation="" shortvariation="" icon="ship_s_fight_01" />
            <software>
                <software ware="software_dockmk2" compatible="1" />
                <software ware="software_flightassistmk1" default="1" />
                <software ware="software_scannerlongrangemk2" compatible="1" />
                <software ware="software_scannerobjectmk1" default="1" />
                <software ware="software_scannerobjectmk2" compatible="1" />
                <software ware="software_targetmk1" compatible="1" />
                <software ware="software_trademk1" default="1" />
            </software>
            <storage missile="4" />
            <hull max="2100" />
            <secrecy level="2" />
            <purpose primary="fight" />
            <people capacity="3" />
            <sounds>
                <shipdetail ref="shipdetail_ship_02" />
            </sounds>
            <physics mass="16.227">
                <inertia pitch="4.173" yaw="4.173" roll="3.338" />
                <drag forward="5.158" reverse="21.477" horizontal="12.665" vertical="12.665" pitch="6.008" yaw="6.008" roll="6.008" />
            </physics>
            <thruster tags="small" />
            <ship type="bomber" />
            <sound_occlusion inside="0.5" />
        </properties>
        <connections>
            <connection ref="con_cockpit">
                <macro ref="cockpit_gen_virtual_01_macro" connection="ship" />
            </connection>
            <connection ref="con_dock_xs">
                <macro ref="dock_gen_xs_ship_01_macro" connection="Connection_component" />
            </connection>
            <connection ref="con_shipstorage_xs_01">
                <macro ref="shipstorage_gen_xs_01_macro" connection="object" />
            </connection>
            <connection ref="con_storage01">
                <macro ref="tpwar_kasper_storage" connection="ShipConnection" />
            </connection>
        </connections>
    </macro>
</macros>