<?xml version="1.0" encoding="utf-8"?>
<macros xmlns:xsi="http://www.w3.org/2001/XMLSchema-instance" xsi:noNamespaceSchemaLocation="E:\Mod Stuff\X4 Extracted\UNIxsdfiles\x4_macro.xsd">
  <macro name="tpwar_jatu_macro" class="ship_m">
    <component ref="tpwar_jatu_comp" />
    <properties>
      <identification name="{734546,22}" basename="{734546,21}" description="{734546,23}" variation="" shortvariation="" icon="ship_m_fight_01" />
      <software>
        <software ware="software_dockmk2" compatible="1" />
        <software ware="software_flightassistmk1" default="1" />
        <software ware="software_scannerlongrangemk1" default="1" />
        <software ware="software_scannerlongrangemk2" compatible="1" />
        <software ware="software_scannerobjectmk1" default="1" />
        <software ware="software_scannerobjectmk2" compatible="1" />
        <software ware="software_targetmk1" compatible="1" />
        <software ware="software_trademk1" default="1" />
      </software>
      <explosiondamage value="1000" />
      <storage missile="20" />
      <hull max="5000" />
      <secrecy level="1" />
      <purpose primary="fight" />
      <people capacity="17" />
      <sounds>
        <shipdetail ref="shipdetail_ship_m_02" />
      </sounds>
      <physics mass="42.966">
        <inertia pitch="6.177" yaw="6.177" roll="4.942" />
        <drag forward="7.283" reverse="29.131" horizontal="26.605" vertical="26.605" pitch="13.242" yaw="13.242" roll="13.242" />
      </physics>
      <thruster tags="medium" />
      <ship type="frigate" />
      <sound_occlusion inside="0.4" />
    </properties>
    <connections>
      <connection ref="con_cockpit">
        <macro ref="cockpit_gen_virtual_01_macro" connection="ship" />
      </connection>
      <connection ref="con_dock_xs">
        <macro ref="dock_gen_xs_ship_01_macro" connection="Connection_component" />
      </connection>
      <connection ref="con_shipstorage_xs_01">
        <macro ref="tpwar_jatu_shipstorage" connection="object" />
      </connection>
      <connection ref="con_storage01">
        <macro ref="tpwar_jatu_storage" connection="ShipConnection" />
      </connection>
      <connection ref="connectiontocompmacroone">
				<macro ref="tpwar_jatu_hull_macro_one" connection="connection_component01" />
			</connection>
      <connection ref="connectiontocompmacrotwo">
				<macro ref="tpwar_jatu_hull_macro_two" connection="connection_component01" />
			</connection>
    </connections>
  </macro>

</macros>