<?xml version="1.0" ?>
<components xmlns:xsi="http://www.w3.org/2001/XMLSchema-instance" xsi:noNamespaceSchemaLocation="C:/Users/alby/Desktop/macroxsd/x4_component.xsd">
    <component name="tpwar_asiatica_comp" class="ship_l">
        <source geometry="extensions\TeleportationShips\ships\tpwar_asiatica_data" />
        <layers>
            <layer>
                <waypoints>
                    <waypoint name="XU_Waypoint24" tags="typenormal sizeLevel1 blocklink dynamicmasstraffic " x="432.7861" y="3.949501" z="-65.43707">
                        <links>
                            <link ref="XU_Waypoint23" />
                        </links>
                    </waypoint>
                    <waypoint name="XU_Waypoint23" tags="typenormal sizeLevel1 dynamicmasstraffic " x="282.7861" y="3.949501" z="-65.43711">
                        <links>
                            <link ref="XU_Waypoint20" />
                        </links>
                    </waypoint>
                    <waypoint name="XU_Waypoint22" tags="typenormal sizeLevel1 blocklink dynamicmasstraffic " x="432.7861" y="3.9495" z="-38.43707">
                        <links>
                            <link ref="XU_Waypoint21" />
                        </links>
                    </waypoint>
                    <waypoint name="XU_Waypoint21" tags="typenormal sizeLevel1 dynamicmasstraffic " x="282.7861" y="3.9495" z="-38.4371">
                        <links>
                            <link ref="XU_Waypoint20" />
                        </links>
                    </waypoint>
                    <waypoint name="XU_Waypoint20" tags="typenormal sizeLevel1 dynamicmasstraffic " x="232.786" y="21.0745" z="-34.81209">
                        <links>
                            <link ref="XU_Waypoint19" />
                        </links>
                    </waypoint>
                    <waypoint name="XU_Waypoint19" tags="sizeLevel1 typedock end dynamicmasstraffic " x="1.282623" y="21.0745" z="-34.81213">
                        <links />
                    </waypoint>
                    <waypoint name="XU_Waypoint18" tags="typenormal sizeLevel1 dynamicmasstraffic " x="282.7859" y="38.1995" z="-65.43701">
                        <links>
                            <link ref="XU_Waypoint17" />
                        </links>
                    </waypoint>
                    <waypoint name="XU_Waypoint17" tags="typenormal sizeLevel1 blocklink dynamicmasstraffic " x="432.7859" y="38.1995" z="-65.43701">
                        <links />
                    </waypoint>
                    <waypoint name="XU_Waypoint16" tags="typenormal sizeLevel1 dynamicmasstraffic " x="282.7859" y="38.1995" z="-38.43713">
                        <links>
                            <link ref="XU_Waypoint15" />
                        </links>
                    </waypoint>
                    <waypoint name="XU_Waypoint15" tags="typenormal sizeLevel1 blocklink dynamicmasstraffic " x="432.7859" y="38.1995" z="-38.43713">
                        <links />
                    </waypoint>
                    <waypoint name="XU_Waypoint14" tags="sizeLevel1 typedock start dynamicmasstraffic " x="1.282623" y="21.0745" z="-69.06215">
                        <links>
                            <link ref="XU_Waypoint13" />
                        </links>
                    </waypoint>
                    <waypoint name="XU_Waypoint13" tags="typenormal sizeLevel1 dynamicmasstraffic " x="232.7861" y="21.0745" z="-69.0621">
                        <links>
                            <link ref="XU_Waypoint16" />
                            <link ref="XU_Waypoint18" />
                        </links>
                    </waypoint>
                    <waypoint name="XU_Waypoint12" tags="typenormal sizeLevel1 dynamicmasstraffic " x="-230.3504" y="21.0745" z="-34.81215">
                        <links>
                            <link ref="XU_Waypoint07" />
                            <link ref="XU_Waypoint09" />
                        </links>
                    </waypoint>
                    <waypoint name="XU_Waypoint11" tags="sizeLevel1 typedock start dynamicmasstraffic " x="1.153046" y="21.07449" z="-34.81214">
                        <links>
                            <link ref="XU_Waypoint12" />
                        </links>
                    </waypoint>
                    <waypoint name="XU_Waypoint06" tags="sizeLevel1 typedock end dynamicmasstraffic " x="1.153046" y="21.07449" z="-69.06214">
                        <links />
                    </waypoint>
                    <waypoint name="XU_Waypoint05" tags="typenormal sizeLevel1 dynamicmasstraffic " x="-230.3503" y="21.0745" z="-69.06216">
                        <links>
                            <link ref="XU_Waypoint06" />
                        </links>
                    </waypoint>
                    <waypoint name="XU_Waypoint10" tags="typenormal sizeLevel1 blocklink dynamicmasstraffic " x="-430.3502" y="38.1995" z="-65.43707">
                        <links />
                    </waypoint>
                    <waypoint name="XU_Waypoint09" tags="typenormal sizeLevel1 dynamicmasstraffic " x="-280.3502" y="38.1995" z="-65.43707">
                        <links>
                            <link ref="XU_Waypoint10" />
                        </links>
                    </waypoint>
                    <waypoint name="XU_Waypoint08" tags="typenormal sizeLevel1 blocklink dynamicmasstraffic " x="-430.3502" y="38.1995" z="-38.43701">
                        <links />
                    </waypoint>
                    <waypoint name="XU_Waypoint07" tags="typenormal sizeLevel1 dynamicmasstraffic " x="-280.3502" y="38.1995" z="-38.43701">
                        <links>
                            <link ref="XU_Waypoint08" />
                        </links>
                    </waypoint>
                    <waypoint name="XU_Waypoint04" tags="typenormal sizeLevel1 dynamicmasstraffic " x="-280.3504" y="3.9495" z="-65.43713">
                        <links>
                            <link ref="XU_Waypoint05" />
                        </links>
                    </waypoint>
                    <waypoint name="XU_Waypoint03" tags="typenormal sizeLevel1 blocklink dynamicmasstraffic " x="-430.3504" y="3.9495" z="-65.43713">
                        <links>
                            <link ref="XU_Waypoint04" />
                        </links>
                    </waypoint>
                    <waypoint name="XU_Waypoint02" tags="typenormal sizeLevel1 dynamicmasstraffic " x="-280.3504" y="3.949501" z="-38.43713">
                        <links>
                            <link ref="XU_Waypoint05" />
                        </links>
                    </waypoint>
                    <waypoint name="XU_Waypoint01" tags="typenormal sizeLevel1 blocklink dynamicmasstraffic " x="-430.3504" y="3.949501" z="-38.43713">
                        <links>
                            <link ref="XU_Waypoint02" />
                        </links>
                    </waypoint>
                </waypoints>
                <lights>
                    <omni name="XU Omni03" shadow="0" r="0" g="252" b="255" range="120" shadowrange="120" lighteffect="1" trigger="1" intensity="0.25">
                        <lightanimations />
                        <offset>
                            <position x="-0.8941572" y="-13.80513" z="231.8321" />
                            <quaternion qx="-0" qy="-1" qz="-0" qw="7.54979E-08" />
                        </offset>
                    </omni>
                    <omni name="XU Omni02" shadow="0" r="255" g="120" b="0" range="55" shadowrange="55" lighteffect="1" trigger="1" intensity="1.5">
                        <lightanimations />
                        <offset>
                            <position x="-95.85693" y="6.901499" z="-156.8218" />
                            <quaternion qx="-0" qy="-1" qz="-0" qw="7.54979E-08" />
                        </offset>
                    </omni>
                    <omni name="XU Omni01" shadow="0" r="255" g="120" b="0" range="55" shadowrange="55" lighteffect="1" trigger="1" intensity="1.5">
                        <lightanimations />
                        <offset>
                            <position x="94.77609" y="6.901499" z="-156.8218" />
                            <quaternion qx="-0" qy="-1" qz="-0" qw="7.54979E-08" />
                        </offset>
                    </omni>
                    <omni name="XU Omni04" shadow="0" r="255" g="120" b="0" range="20" shadowrange="20" lighteffect="1" trigger="1" intensity="0.8">
                        <lightanimations />
                        <offset>
                            <position x="-59.60381" y="9.915796" z="-333.0702" />
                            <quaternion qx="-0" qy="-1" qz="-0" qw="7.54979E-08" />
                        </offset>
                    </omni>
                    <omni name="XU Omni05" shadow="0" r="255" g="120" b="0" range="20" shadowrange="20" lighteffect="1" trigger="1" intensity="0.8">
                        <lightanimations />
                        <offset>
                            <position x="59.93385" y="9.915796" z="-333.0702" />
                            <quaternion qx="-0" qy="-1" qz="-0" qw="7.54979E-08" />
                        </offset>
                    </omni>
                </lights>
            </layer>
        </layers>
        <connections>
            <connection name="container" tags="contents" value="0" optional="0" />
            <connection name="position" tags="position" value="1" optional="1" />
            <connection name="space" tags="ship ship_l">
                <offset />
            </connection>
            <connection name="Connection01" tags="part  ">
                <offset>
                    <position x="0" y="0.1086044" z="9.228394" />
                </offset>
                <parts>
                    <part name="part_main" wreck="part_main_wreck">
                        <lods>
                            <lod index="0">
                                <materials>
                                    <material id="1" ref="argon.ar_unique_01" />
                                    <material id="2" ref="argon.ar_unique_02" />
                                    <material id="3" ref="argon.ar_unique_03" />
                                    <material id="4" ref="argon.ar_unique_04" />
                                    <material id="5" ref="generic.generic_engines_01" />
                                </materials>
                            </lod>
                            <lod index="1">
                                <materials>
                                    <material id="1" ref="argon.ar_unique_01" />
                                    <material id="2" ref="argon.ar_unique_02" />
                                    <material id="3" ref="argon.ar_unique_03" />
                                    <material id="4" ref="argon.ar_unique_04" />
                                    <material id="5" ref="generic.generic_engines_01" />
                                </materials>
                            </lod>
                            <lod index="2">
                                <materials>
                                    <material id="1" ref="argon.ar_unique_01" />
                                </materials>
                            </lod>
                            <lod index="3">
                                <materials>
                                    <material id="1" ref="argon.ar_unique_01" />
                                </materials>
                            </lod>
                        </lods>
                        <size>
                            <max x="149.5777" y="73.37263" z="402.5869" />
                            <center x="0" y="-0.1660919" z="-18.45679" />
                        </size>
                    </part>
                </parts>
            </connection>
            <connection name="Connection02" tags="part animation textureanimation nocollision detail_l  ">
                <offset>
                    <position x="-7.936096E-02" y="-8.28064" z="-15.62889" />
                </offset>
                <animations>
                    <animation name="loop" start="1" end="100" />
                </animations>
                <parts>
                    <part name="anim_poslights">
                        <lods>
                            <lod index="0">
                                <materials>
                                    <material id="1" ref="effects.gradient_red" />
                                </materials>
                            </lod>
                        </lods>
                        <size>
                            <max x="149.1898" y="65.58391" z="318.6152" />
                            <center x="0" y="0" z="-1.525879E-05" />
                        </size>
                        <size_raw>
                            <max x="149.1898" y="65.5839" z="318.6152" />
                            <center x="0" y="3.814697E-06" z="-1.525879E-05" />
                        </size_raw>
                        <uv_animations>
                            <uv_animation mapchannel="1">
                                <uv_property name="u_offset" controller="linear_float">
                                    <key frame="0" value="0" />
                                    <key frame="100" value="1" />
                                </uv_property>
                            </uv_animation>
                        </uv_animations>
                    </part>
                </parts>
            </connection>
            <connection name="Connection03" tags="part  ">
                <offset>
                    <position x="0" y="0.1086044" z="992.6247" />
                </offset>
                <parts />
            </connection>
            <connection name="Connection04" tags="part detail_s  ">
                <offset>
                    <position x="-1.248703" y="21.70372" z="-53.42398" />
                </offset>
                <parts>
                    <part name="Object01">
                        <lods>
                            <lod index="0">
                                <materials>
                                    <material id="1" ref="argon.ar_unique_01" />
                                    <material id="2" ref="argon.ar_unique_03" />
                                    <material id="3" ref="argon.ar_unique_04" />
                                </materials>
                            </lod>
                        </lods>
                        <size>
                            <max x="60.95838" y="16.16217" z="46.14417" />
                            <center x="1.075302" y="-3.814697E-06" z="0" />
                        </size>
                    </part>
                </parts>
            </connection>
            <connection name="con_playercontrol" tags="playercontrol">
                <offset>
                    <position x="9.119629" y="60" z="200" />
                </offset>
            </connection>
            <connection name="con_storage01" tags="storage ">
                <offset>
                    <position x="9.119629" y="573.5208" z="462.7467" />
                </offset>
            </connection>
            <connection name="con_cockpit" tags="cockpit cockpit_visible">
                <offset>
                   <position x="9.119629" y="60" z="200" />
                </offset>
            </connection>
            <connection name="connection_cockpit01" tags="cockpit cockpit_visible">
                <offset>
                    <position x="0" y="55.57742" z="-157.6488" />
                </offset>
            </connection>
            <connection name="connection_engine03" group="group03 " tags="engine ">
                <offset>
                    <position x="-87.31149" y="9.378983" z="-316.1518" />
                </offset>
            </connection>
            <connection name="con_countermeasures_01" tags="countermeasures ">
                <offset></offset>
            </connection>
            <connection name="con_dockarea_arg_s_ship_004" tags="dockarea ">
                <offset>
                    <position x="-20" y="60" z="250" />
                </offset>
            </connection>
            <connection name="con_dockarea_arg_s_ship_003" tags="dockarea ">
                <offset>
                    <position x="60" y="60" z="250" />
                </offset>
            </connection>
            <connection name="con_turret_laser_l_01" group="group_up_mid_mid " tags="turret large standard ">
                <offset>
                    <position x="0" y="40" z="-50" />
                </offset>
            </connection>
            <connection name="con_turret_laser_l_02" group="group_up_mid_mid " tags="turret large standard ">
                <offset>
                    <position x="0" y="40" z="-225" />
                </offset>
            </connection>
            <connection name="con_turret_laser_l_03" group="group_up_mid_mid " tags="turret large standard ">
                <offset>
                    <position x="0" y="-30" z="-280" />
                    <rotation yaw="0" pitch="180" roll="0" />
                </offset>
            </connection>
            <connection name="con_turret_laser_l_04" group="group_up_mid_mid " tags="turret large standard ">
                <offset>
                    <position x="0" y="-30" z="-200" />
                    <rotation yaw="0" pitch="180" roll="0" />
                </offset>
            </connection>
            <connection name="connection_engine01" group="group03 " tags="engine large">
                <offset>
                    <position x="0" y="5.488144" z="-316.1518" />
                </offset>
            </connection>
            <connection name="connection_engine02" group="group03 " tags="engine large">
                <offset>
                    <position x="57.52403" y="9.378983" z="-316.1518" />
                </offset>
            </connection>
            <connection name="connection_engine03" group="group03 " tags="engine large">
                <offset>
                    <position x="-57.52403" y="9.378983" z="-316.1518" />
                </offset>
            </connection>
            <connection name="connection_shieldgen01" group="group01 " tags="shieldgenerator ">
                <offset>
                    <position x="0" y="70.75311" z="179.86" />
                    <quaternion qx="-1" qy="-0" qz="-0" qw="7.54979E-08" />
                </offset>
            </connection>
            <connection name="connection_storage01" tags="storage ">
                <offset />
            </connection>
            <!-- 1 -->
            <connection name="connection_turret_small_mg01" group="group01 " tags="turret medium standard missile mining hittable ">
                <offset>
                    <position x="-82.72193" y="-56" z="230.0591" />
                    <rotation yaw="0" pitch="180" roll="0" />
                </offset>
            </connection>
            <connection name="connection_turret_small_mg02" group="group01 " tags="turret medium standard missile mining hittable ">
                <offset>
                    <position x="-82.72193" y="-56" z="160.4522" />
                    <rotation yaw="0" pitch="180" roll="0" />
                </offset>
            </connection>
            <connection name="connection_turret_small_mg03" group="group01 " tags="turret medium standard missile mining hittable ">
                <offset>
                    <position x="84.23848" y="-56" z="230.0591" />
                    <rotation yaw="0" pitch="180" roll="0" />
                </offset>
            </connection>
            <connection name="connection_turret_small_mg04" group="group01 " tags="turret medium standard missile mining hittable ">
                <offset>
                    <position x="84.23849" y="-56" z="160.4522" />
                    <rotation yaw="0" pitch="180" roll="0" />
                </offset>
            </connection>
            <connection name="connection_turret_small_mg011" group="group01 " tags="turret medium standard missile mining hittable ">
                <offset>
                    <position x="-82.72193" y="-56" z="210.0591" />
                    <rotation yaw="0" pitch="180" roll="0" />
                </offset>
            </connection>
            <connection name="connection_turret_small_mg021" group="group01 " tags="turret medium standard missile mining hittable ">
                <offset>
                    <position x="-82.72193" y="-56" z="140.4522" />
                    <rotation yaw="0" pitch="180" roll="0" />
                </offset>
            </connection>
            <connection name="connection_turret_small_mg031" group="group01 " tags="turret medium standard missile mining hittable ">
                <offset>
                    <position x="84.23848" y="-56" z="210.0591" />
                    <rotation yaw="0" pitch="180" roll="0" />
                </offset>
            </connection>
            <connection name="connection_turret_small_mg041" group="group01 " tags="turret medium standard missile mining hittable ">
                <offset>
                    <position x="84.23849" y="-56" z="140.4522" />
                    <rotation yaw="0" pitch="180" roll="0" />
                </offset>
            </connection>
            <!-- 2 -->
            <connection name="connection_turret_small_mg05" group="group02 " tags="turret medium standard missile mining hittable ">
                <offset>
                    <position x="84.23848" y="55" z="90" />
                </offset>
            </connection>
            <connection name="connection_turret_small_mg06" group="group02 " tags="turret medium standard missile mining hittable ">
                <offset>
                    <position x="-84.23848" y="55" z="90" />
                </offset>
            </connection>
            <connection name="connection_turret_small_mg07" group="group02 " tags="turret medium standard missile mining hittable ">
                <offset>
                    <position x="-84.23848" y="55" z="70" />
                </offset>
            </connection>
            <connection name="connection_turret_small_mg08" group="group02 " tags="turret medium standard missile mining hittable ">
                <offset>
                    <position x="84.23848" y="55" z="70" />
                </offset>
            </connection>
            <!-- shield -->
            <connection name="connection_shieldgen02" group="group02 " tags="large shield ">
                <offset>
                    <position x="0.6268311" y="-54.37925" z="179.8596" />
                </offset>
            </connection>
            <connection name="connection_shieldgen03" group="group03 " tags="large shield ">
                <offset>
                    <position x="0" y="42.08791" z="-324.2525" />
                    <quaternion qx="-0.7071068" qy="5.338509E-08" qz="0.7071068" qw="5.338508E-08" />
                </offset>
            </connection>
            <connection name="connection_shieldgen_external01" tags="large shield  ">
                <offset>
                    <position x="0" y="-30.88162" z="-194.5664" />
                </offset>
            </connection>
            <connection name="connection_radar_external01" group="group02 " tags="radar external ">
                <offset>
                    <position x="0" y="-72.80795" z="-14.70632" />
                    <quaternion qx="-1" qy="-0" qz="-0" qw="7.54979E-08" />
                </offset>
            </connection>
            <connection name="connection_radar_fallback01" tags="radar ">
                <offset />
            </connection>
        </connections>
    </component>
</components>