<?xml version="1.0" encoding="utf-8"?>
<!--Exported by: nick (192.168.3.52) at 18.11.2018_17-06-56-->
<macros xmlns:xsi="http://www.w3.org/2001/XMLSchema-instance" xsi:noNamespaceSchemaLocation="C:/Users/alby/Desktop/macroxsd/x4_macro.xsd">
  <macro name="tpwar_killdeer_storage" class="storage">
    <component ref="generic_storage" />
    <properties>
      <identification makerrace="argon" />
      <cargo max="120" tags="container" />
      <hull integrated="1" />
    </properties>
  </macro>
</macros>