<?xml version="1.0" encoding="utf-8"?>
<macros xmlns:xsi="http://www.w3.org/2001/XMLSchema-instance" xsi:noNamespaceSchemaLocation="E:\Mod Stuff\X4 Extracted\UNIxsdfiles\x4_macro.xsd">
  <macro name="tpwar_philodendron_macro" class="ship_l">
    <component ref="tpwar_philodendron_comp" />
    <properties>
      <identification name="{734546,42}" basename="{734546,41}" description="{734546,43}" variation="" shortvariation="" icon="ship_l_fight_01" />
      <software>
        <software ware="software_dockmk2" compatible="1" />
        <software ware="software_flightassistmk1" default="1" />
        <software ware="software_scannerlongrangemk1" default="1" />
        <software ware="software_scannerlongrangemk2" compatible="1" />
        <software ware="software_scannerobjectmk1" default="1" />
        <software ware="software_scannerobjectmk2" compatible="1" />
        <software ware="software_targetmk1" compatible="1" />
        <software ware="software_trademk1" default="1" />
      </software>
      <explosiondamage value="8000" />
      <storage missile="30" unit="10" />
      <hull max="37000" />
      <secrecy level="2" />
      <purpose primary="fight" />
      <people capacity="71" />
      <physics mass="287.875">
        <inertia pitch="92.135" yaw="92.135" roll="73.708" />
        <drag forward="91.477" reverse="365.906" horizontal="140.475" vertical="140.475" pitch="124.575" yaw="124.575" roll="124.575" />
      </physics>
      <thruster tags="large" />
      <ship type="destroyer" />
    </properties>
    <connections>
      <connection ref="con_cockpit">
        <macro ref="bridge_par_l_01_macro" connection="con_cockpit" />
      </connection>
      <connection ref="con_dockarea_arg_s_ship_01">
        <macro ref="dockarea_arg_s_ship_01_macro" connection="Connection01" />
      </connection>
      <connection ref="con_dock_xs">
        <macro ref="dock_gen_xs_ship_01_macro" connection="Connection_component" />
      </connection>
      <connection ref="con_shipstorage_s_01">
        <macro ref="tpwar_philodendron_shipstorage" connection="object" />
      </connection>
      <connection ref="con_shipstorage_xs_01">
        <macro ref="shipstorage_gen_xs_01_macro" connection="object" />
      </connection>
      <connection ref="con_storage01">
        <macro ref="tpwar_philodendron_storage" connection="ShipConnection" />
      </connection>
    </connections>
  </macro>

</macros>