<?xml version="1.0" encoding="utf-8"?>
<!--Exported by: nick (192.168.3.120) at 27.11.2018_14-41-11-->
<macros xmlns:xsi="http://www.w3.org/2001/XMLSchema-instance" xsi:noNamespaceSchemaLocation="C:/Users/alby/Desktop/macroxsd/x4_macro.xsd">
  <macro name="tpwar_foxtail_macro" class="ship_s">
    <component ref="tpwar_foxtail_comp" />
    <properties>
      <identification name="{734546, 13}" basename="{734546, 13}" description="{734546, 15}" variation="" shortvariation="" icon="ship_s_fight_01" />
      <software>
        <software ware="software_dockmk2" compatible="1" />
        <software ware="software_flightassistmk1" default="1" />
        <software ware="software_scannerlongrangemk1" default="1" />
        <software ware="software_scannerlongrangemk2" compatible="1" />
        <software ware="software_scannerobjectmk1" default="1" />
        <software ware="software_scannerobjectmk2" compatible="1" />
        <software ware="software_targetmk1" compatible="1" />
        <software ware="software_trademk1" default="1" />
      </software>
      <storage missile="40" />
      <hull max="2100" />
      <secrecy level="2" />
      <purpose primary="fight" />
      <people capacity="5" />
      <physics mass="16.795">
        <inertia pitch="4.002" yaw="4.002" roll="3.202" />
        <drag forward="5.236" reverse="22.045" horizontal="6.302" vertical="6.302" pitch="6.186" yaw="6.186" roll="6.186" />
      </physics>
      <thruster tags="small" />
      <ship type="bomber" />
      <sound_occlusion inside="0.5" />
    </properties>
    <connections>
      <connection ref="con_cockpit">
        <macro ref="cockpit_gen_virtual_01_macro" connection="ship" />
      </connection>
      <connection ref="con_dock_xs">
        <macro ref="dock_gen_xs_ship_01_macro" connection="Connection_component" />
      </connection>
      <connection ref="con_shipstorage_xs_01">
        <macro ref="shipstorage_gen_xs_01_macro" connection="object" />
      </connection>
      <connection ref="con_storage01">
        <macro ref="storage_par_s_trans_container_01_a_macro" connection="ShipConnection" />
      </connection>
    </connections>
  </macro>
</macros>