<?xml version="1.0" encoding="utf-8"?>
<macros xmlns:xsi="http://www.w3.org/2001/XMLSchema-instance" xsi:noNamespaceSchemaLocation="E:\Mod Stuff\X4 Extracted\UNIxsdfiles\x4_macro.xsd">
  <macro name="tpwar_philodendron_shipstorage" class="dockingbay">
    <component ref="generic_dockingbay" />
    <properties>
      <identification unique="0" />
      <dock capacity="40" external="0" storage="1" />
      <room walkable="0" />
      <docksize tags="dock_s" />
    </properties>
  </macro>

</macros>