<?xml version="1.0" encoding="utf-8"?>
<!--Exported by: adrian (192.168.3.108) at 29.09.2015_12-00-52-->
<macros>
  <macro name="tpwar_lx_eng_macro" class="destructible">
    <component ref="tpwar_lx_eng_comp" />
   <properties>
      <identification name="{20104,30701}" shortname="{20104,30703}" makerrace="teladi" size="small" description="{20104,30702}" />
      <hull integrated="1" />
      <!-- <build>
        <sets>
          <set ref="factory" />
          <set ref="headquarters_player" />
          <set ref="tradestation_teladi" />
          <set ref="piratebase" />
        </sets>
      </build> -->
      <!-- <explosiondamage value="100000" /> -->
      <!-- <hull max="148471" /> -->
      <!-- <secrecy level="3" /> -->
      <!-- <workforce race="teladi" capacity="250" /> -->
    </properties>
  </macro>
</macros>