<?xml version="1.0" encoding="utf-8" ?>
<macros xmlns:xsi="http://www.w3.org/2001/XMLSchema-instance" xsi:noNamespaceSchemaLocation="C:/Users/alby/Desktop/macroxsd/x4_macro.xsd">
    <macro name="tpwar_asiatica_macro" class="ship_l">
        <component ref="tpwar_asiatica_comp" />
        <!-- <macro name="tpwar_epiphanius_macro" class="ship_l">
            <component ref="tpwar_epiphanius_comp" /> -->
            <properties>
                <identification name="{734546,54}" basename="{734546,53}" description="{734546,55}" variation="" shortvariation="" icon="ship_l_fight_01" />
                <software>
                    <software ware="software_dockmk2" compatible="1" />
                    <software ware="software_flightassistmk1" default="1" />
                    <software ware="software_scannerlongrangemk1" default="1" />
                    <software ware="software_scannerlongrangemk2" compatible="1" />
                    <software ware="software_scannerobjectmk1" default="1" />
                    <software ware="software_scannerobjectmk2" compatible="1" />
                    <software ware="software_targetmk1" compatible="1" />
                    <software ware="software_trademk1" compatible="1" />
                </software>
                <explosiondamage value="8000" />
                <storage missile="30" unit="10" />
                <hull max="112000" />
                <secrecy level="2" />
                <purpose primary="fight" />
                <people capacity="40" />
                <physics mass="180.944">
                    <inertia pitch="110.571" yaw="110.571" roll="88.456" />
                    <drag forward="49.999" reverse="285.708" horizontal="137.021" vertical="137.021" pitch="132.14" yaw="132.14" roll="132.14" />
                </physics>
                <thruster tags="large" />
                <ship type="destroyer" />
            </properties>
            <connections>
                <connection ref="con_cockpit">
                    <macro ref="bridge_tel_xl_01_macro" connection="con_cockpit" />
                </connection>
                
                <connection ref="con_dockarea_arg_s_ship_003">
                    <macro ref="dockarea_arg_s_ship_03_macro" connection="Connection01" />
                </connection>
                <connection ref="con_dockarea_arg_s_ship_004">
                    <macro ref="dockarea_arg_s_ship_03_macro" connection="Connection01" />
                </connection>
                <connection ref="con_dock_xs">
                    <macro ref="dock_gen_xs_ship_01_macro" connection="Connection_component" />
                </connection>
                <connection ref="con_shipstorage_s_01">
                    <macro ref="tpwar_asiatica_shipstorage" connection="object" />
                </connection>
                <connection ref="con_shipstorage_xs_01">
                    <macro ref="shipstorage_gen_xs_01_macro" connection="object" />
                </connection>
                <connection ref="con_storage01">
                    <macro ref="tpwar_asiatica_storage" connection="ShipConnection" />
                </connection>
            </connections>
        </macro>
</macros>