<?xml version="1.0" encoding="utf-8"?>
<macros xmlns:xsi="http://www.w3.org/2001/XMLSchema-instance" xsi:noNamespaceSchemaLocation="C:/Users/alby/Desktop/macroxsd/x4_macro.xsd">
<macro name="tpwar_asiatica_shipstorage" class="dockingbay">
    <component ref="generic_dockingbay" />
    <properties>
      <identification unique="0" />
      <dock capacity="16" external="0" storage="1" />
      <room walkable="0" />
      <docksize tags="dock_s" />
    </properties>
  </macro>

</macros>