<?xml version="1.0" encoding="utf-8"?>
<!--Exported by: nick (192.168.3.120) at 11.10.2018_10-30-56-->
<diff>
  <replace sel="//macros">
  <macros>
  <macro name="bullet_gen_m_beam_01_mk2_macro" class="bullet">
    <component ref="bullet_gen_m_beam_01_mk2" />
    <properties>
	<ammunition value="1" reload="6" />
      <bullet speed="20000" lifetime="5" range="4364" amount="1" barrelamount="1" icon="weapon_beam_mk2" maxhits="1" ricochet="0" scale="1" attach="1" />
      <heat value="250" />
      <reload min="6" time="6" />
      <damage value="180" repair="0" />
      <effects>
        <impact ref="impact_gen_m_beam_01_mk1" />
        <launch ref="muzzle_gen_m_lancer" />
      </effects>
      <weapon system="weapon_standard" />
    </properties>
  </macro>
</macros>
  </replace>
  </diff>
  
  
  

<!--<macros>
  <macro name="bullet_gen_m_beam_01_mk2_macro" class="bullet">
    <component ref="bullet_gen_m_beam_01_mk2" />
    <properties>
      <bullet speed="7000" lifetime="4" range="4364" amount="1" barrelamount="1" icon="weapon_beam_mk2" maxhits="1" ricochet="0" scale="1" attach="1" />
      <heat initial="1000" value="234" />
      <reload time="8" />
      <damage value="224" repair="0" />
      <effects>
        <impact ref="impact_gen_m_beam_01_mk1" />
        <launch ref="muzzle_gen_m_beam_01_mk1" />
      </effects>
      <weapon system="weapon_standard" />
    </properties>
  </macro>
</macros>-->