<?xml version="1.0" encoding="utf-8"?>
<diff>
<add sel="/effects"> 
	<!-- XENON OBLITERATOR TURRET-->
  <effect name="muzzle_xen_obliterator_turret" alignment="object">
    <elements>
      <!-- Muzzle Smoke-->
      <element id="1" ref="dummyemitter_up_macro" forkeffect="beam_muzzle_smoke_01" alignment="object" duration="1.5" minscale="1.0"  maxscale="1.0" fadeout="1.0" forklod="none"></element>
      <!-- Geometry -->
      <element id="2" ref="obliterator_muzzle_macro" forkeffect="none" duration="1.5" minscale="1.0" maxscale="1.0" forklod="none"></element>
      <!-- Geometry Light -->
      <element id="3" ref="impact_light_orange_macro" forkeffect="none" duration="1.5" minscale="1.0" maxscale="1.0" fadeout="1.0" forklod="none"></element>
      <!-- Sound -->
      <element id="4" ref="effect_dummy_macro" forkeffect="none" duration="4" forklod="none"> 
      <sound ref="wpn_xen_obliterator_shoot"></sound> 
      </element>
    </elements>
  </effect>
  <effect name="impact_xen_obliterator_turret" alignment="normal">
    <elements>
      <!-- Impact Geometry -->
      <element id="1" ref="obliterator_impact_macro" forkeffect="none" duration="2.0" minscale="3.0" maxscale="3.0" fadein="0.0" fadeout="0.0" forklod="none"></element>
      <!-- Impact Smoke Particles-->
      <element id="2" ref="dummyemitter_macro" forkeffect="beam_impact_smoke_02" alignment="normal" duration="5.0" minscale="3.0" maxscale="3.0" forklod="none"></element>
      <!-- Impact Fire Particles-->
      <element id="3" ref="dummyemitter_macro" forkeffect="laser_impact_fire_01" alignment="normal" duration="1.0" minscale="3.0" maxscale="3.0" fadein="0.0" fadeout="0.5" forklod="none"></element>
      <!-- Geometry Light -->
      <element id="4" ref="heavylance_impact_light_macro" forkeffect="none" duration="2.4" minscale="3.0" maxscale="3.0" fadeout="1.5" forklod="none"></element>
      <!-- Sound -->
      <element id="5" ref="effect_dummy_macro" forkeffect="none" duration="1.5" forklod="none">
        <sound ref="wpn_xen_obliterator_impact"></sound>
      </element>
    </elements>
  </effect>

	<!-- FLAK TURRET-->
 <effect name="muzzle_gen_turret_flak" alignment="object">
    <elements>
      <!-- Muzzle Smoke-->
      <element id="1" ref="dummyemitter_up_macro" forkeffect="gatling_muzzle_smoke_01" alignment="object" duration="1.0" minscale="8.0" maxscale="8.0" forklod="none"></element>
      <!-- Geometry -->
      <!-- <element id="3" ref="muzzle_gen_s_gatling_01_mk1_macro" forkeffect="none" duration="0.05" minscale="1.5" maxscale="1.5" forklod="none"></element> -->
      <element id="2" ref="muzzle_gen_s_gatling_01_mk1_macro" forkeffect="none" duration="0.1" minscale="8.0" maxscale="8.0" forklod="none"></element>
      <!-- Geometry Light -->
      <element id="3" ref="impact_light_orange_macro" forkeffect="none" duration="0.2" minscale="9.0" maxscale="9.0" fadeout="0.2" forklod="none"></element>
      <!-- <element id="5" ref="muzzle_gen_s_gatling_03_mk1_macro" forkeffect="none" duration="0.05" minscale="1.5" maxscale="1.5" forklod="none"></element> -->
      <!-- Sound -->
      <element id="4" ref="effect_dummy_macro" forkeffect="none" duration="3.0" forklod="none">
        <sound ref="wpn_flak_turret_shoot"></sound>
      </element>
    </elements>
  </effect>
  <effect name="impact_gen_turret_flak" alignment="normal">
    <elements>
      <!-- Light -->
      <element id="1" ref="dummyemitter_macro" forkeffect="explosion_m_02_explosion01" duration="1.0" fadein="0.02" fadeout="0.5" alignment="normal" forklod="largeeffect"></element>
      <!-- Explosion -->
      <element id="2" ref="dummyemitter_up_macro" forkeffect="explosion_props_wps_mine_01_explosion_01" duration="1.5" delay="0.1" fadeout="1.0" alignment="normal" forklod="largeeffect"></element>
     <!-- area damage -->
      <element id="3" ref="effect_dummy_macro" forkeffect="none" duration="1.0" forklod="none">
        <areadamage range="400" falloff="1" duration="1" />
      </element>
      <!-- Sound -->
      <element id="4" ref="effect_dummy_macro" forkeffect="none" duration="3.0" forklod="none">
        <sound ref="wpn_flak_turret_impact"></sound>
      </element>
    </elements>
  </effect>
	<!-- ANNIHILATOR TURRET-->
<effect name="turret_annihilator_muzzle" alignment="object">
    <elements>
      <!-- Muzzle Smoke-->
      <element id="1" ref="dummyemitter_up_macro" forkeffect="plasma_muzzle_smoke_01" alignment="object" duration="4.0" minscale="1.0" maxscale="1.0" forklod="none"></element>
      <!-- Geometry -->
      <element id="2" ref="annihilator_muzzle_macro" forkeffect="none" duration="0.2" minscale="1.0" maxscale="1.0" forklod="none"></element>
      <!-- Geometry Light -->
      <element id="3" ref="impact_gen_l_beam_01_mk1_light_macro" forkeffect="none" duration="1.0" minscale="1.0" maxscale="1.0" fadeout="0.1" forklod="none"></element>
      <!-- Sound -->
      <element id="4" ref="effect_dummy_macro" forkeffect="none" duration="2.0" forklod="none">
        <sound ref="wpn_annihilator_turret_shoot"></sound>
      </element>
    </elements>
  </effect>
 <effect name="turret_annihilator_impact" alignment="normal">
    <elements>
      <!-- Impact Geometry -->
      <element id="1" ref="plasmaemitter_impact_02_macro" forkeffect="none" alignment="normal" duration="1.0" minscale="1.7" maxscale="1.7" fadein="0.0" fadeout="0.0" forklod="largeeffect"></element>
      <element id="1" ref="annihilator_impact_macro" forkeffect="none" duration="2.0" minscale="1.5" maxscale="1.5" fadein="0.0" fadeout="0.0" forklod="largeeffect"></element>
      <!-- Impact Smoke Particles-->
      <element id="2" ref="dummyemitter_macro" forkeffect="plasmaemitter_impact_02_explosion01" alignment="normal" duration="1.0" minscale="5.0" maxscale="5.0" forklod="largeeffect"></element>
      <element id="2" ref="dummyemitter_macro" forkeffect="plasma_impact_smoke_01" alignment="normal" duration="3.0" minscale="3.0" maxscale="3.0" forklod="largeeffect"></element>
      <!-- Impact Fire Particles-->
      <element id="3" ref="dummyemitter_macro" forkeffect="railgun_impact_fire_01" alignment="normal" duration="2.0" minscale="1.5" maxscale="1.5" fadein="0.0" fadeout="0.5" forklod="largeeffect"></element>
      <!-- Geometry Light -->
      <element id="4" ref="impact_light_cyan_macro" forkeffect="none" duration="0.5" minscale="3.0" maxscale="3.0" fadeout="0.2" forklod="none"></element>
      <!-- Sound -->
      <element id="5" ref="effect_dummy_macro" forkeffect="none" duration="2.0" forklod="none">
        <sound ref="wpn_annihilator_turret_impact"></sound>
      </element>
    </elements>
  </effect>
	<!-- HEAVY LANCE TURRET-->
  <effect name="muzzle_gen_turret_heavy_lance" alignment="object">
    <elements>
      <!-- Muzzle Smoke-->
      <element id="1" ref="dummyemitter_up_macro" forkeffect="beam_muzzle_smoke_01" alignment="object" duration="0.7" minscale="1.5"  maxscale="1.5" fadeout="1.0" forklod="none"></element>
      <!-- Geometry -->
      <element id="2" ref="heavylance_muzzle_macro" forkeffect="none" duration="0.7" minscale="1.0" maxscale="1.0" forklod="none"></element>
      <!-- Geometry Light -->
      <element id="3" ref="impact_light_blue_macro" forkeffect="none" duration="0.7" minscale="1.0" maxscale="1.0" fadeout="1.0" forklod="none"></element>
      <!-- Sound -->
      <element id="3" ref="effect_dummy_macro" forkeffect="none" duration="4.0" forklod="none"> 
      <sound ref="wpn_heavy_lance_turret_shoot"></sound> 
      </element>
    </elements>
  </effect>
  <effect name="impact_gen_turret_heavy_lance" alignment="normal">
    <elements>
      <!-- Impact Geometry -->
      <!-- <element id="1" ref="impact_gen_l_beam_01_mk1_macro" forkeffect="none" duration="2.0" minscale="2.0" maxscale="2.0" fadein="0.0" fadeout="0.0" forklod="none"></element> -->
      <!-- Impact Smoke Particles-->
      <!-- <element id="2" ref="dummyemitter_macro" forkeffect="beam_impact_smoke_02" alignment="normal" duration="2.0" minscale="2.0" maxscale="2.0" forklod="none"></element> -->
      <!-- Impact Fire Particles-->
      <element id="3" ref="dummyemitter_macro" forkeffect="laser_impact_fire_01" alignment="normal" duration="1.0" minscale="1.0" maxscale="1.0" fadein="0.0" fadeout="0.5" forklod="largeeffect"></element>
      <!-- Geometry Light -->
      <element id="4" ref="heavylance_impact_light_macro" forkeffect="none" duration="2.0" minscale="5.0" maxscale="5.0" fadeout="1.0" forklod="largeeffect"></element>
      <!-- Sound -->
      <element id="4" ref="effect_dummy_macro" forkeffect="none" duration="2.0" forklod="none">
        <sound ref="wpn_heavy_lance_turret_impact"></sound>
      </element>
      <!-- 6 Lightsources to make sure at liest one is outsite of the mesh -->
      <element id="1" ref="missile_impact_01_heavy_macro" forkeffect="none" alignment="normal" duration="4.0" fadeout="1.0" forklod="largeeffect"></element>
      <!-- Explosion Fork Particles-->
      <element id="2" ref="dummyemitter_macro" forkeffect="missile_explosion_heavy_01" duration="5.0" minscale="2" maxscale="4" forklod="largeeffect"></element>    
      </elements>
  </effect>

</add>
</diff>