<!-- <?xml version="1.0" encoding="utf-8"?>
<soundlibrary xmlns:xsi="http://www.w3.org/2001/XMLSchema-instance" xsi:noNamespaceSchemaLocation="D:\GalaxyClient\Games\X4 2.2b2\libraries\sound_library.xsd"> -->
<diff>
  <add sel="//soundlibrary">
    <!-- Xenon Obliterator Turret-->
    <sound id="wpn_xen_obliterator_shoot" description="x" repeat="1" is3d="1" preload="1">
      <sample selection="random">
        <select start="extensions\TP_VRO_Weapons\tp_obliterator\xenon_obliterator_1" />
        <select start="extensions\TP_VRO_Weapons\tp_obliterator\xenon_obliterator_2" />
      </sample>
      <volume start="1.3" distance="20" />
    </sound>
    <sound id="wpn_xen_obliterator_impact" description="x" repeat="1" is3d="1" preload="1">
      <sample selection="random">
        <select start="extensions\TP_VRO_Weapons\tp_obliterator\xenon_obliterator_hit_1" />
        <select start="extensions\TP_VRO_Weapons\tp_obliterator\xenon_obliterator_hit_2" />
      </sample>
      <volume start="1.3" distance="15" />
    </sound>
    <!-- FLAK Turret-->
    <sound id="wpn_flak_turret_shoot" description="flak shooting" repeat="1" is3d="1" preload="1">
      <sample selection="random">
        <select start="extensions\TP_VRO_Weapons\tp_flak\flak_1" />
        <!-- <select start="extensions\VRO\sfx\weapons\flak_2"/> -->
      </sample>
      <volume start="1.3" distance="16" />
    </sound>
    <sound id="wpn_flak_turret_impact" description="flak impact" repeat="1" is3d="1" preload="1">
      <sample selection="random">
        <select start="extensions\TP_VRO_Weapons\tp_flak\flak_hit_1" />
        <select start="extensions\TP_VRO_Weapons\tp_flak\flak_hit_2" />
      </sample>
      <volume start="1.5" distance="12" />
    </sound>
    <!-- Annihilator Turret-->
    <sound id="wpn_annihilator_turret_shoot" description="annihilator_turret shooting" repeat="1" is3d="1" preload="1">
      <sample selection="random">
        <select start="extensions\TP_VRO_Weapons\tp_annihilator\annihilator_1" />
        <!-- <select start="extensions\VRO\sfx\weapons\annihilator_2"/> -->
      </sample>
      <volume start="1.3" distance="20" />
    </sound>
    <sound id="wpn_annihilator_turret_impact" description="annihilator_turret impact" repeat="1" is3d="1" preload="1">
      <sample selection="random">
        <select start="extensions\TP_VRO_Weapons\tp_annihilator\annihilator_hit_1.wav" />
        <select start="extensions\TP_VRO_Weapons\tp_annihilator\annihilator_hit_2.wav" />
      </sample>
      <volume start="1.3" distance="15" />
    </sound>
    <!-- Heavy Lance Turret-->
    <sound id="wpn_heavy_lance_turret_shoot" description="heavy_lance_turret shooting" repeat="1" is3d="1" preload="1">
      <sample selection="random">
        <select start="extensions\TP_VRO_Weapons\tp_heavylance\heavy_lance_1" />
        <select start="extensions\TP_VRO_Weapons\tp_heavylance\heavy_lance_2" />
        <select start="extensions\TP_VRO_Weapons\tp_heavylance\heavy_lance_3" />
      </sample>
      <volume start="1.3" distance="20" />
    </sound>
    <sound id="wpn_heavy_lance_turret_impact" description="heavy_lance_turret impact" repeat="1" is3d="1" preload="1">
      <sample selection="random">
        <select start="extensions\TP_VRO_Weapons\tp_heavylance\heavy_lance_hit_1" />
        <select start="extensions\TP_VRO_Weapons\tp_heavylance\heavy_lance_hit_2" />
        <select start="extensions\TP_VRO_Weapons\tp_heavylance\heavy_lance_hit_3" />
      </sample>
      <volume start="1.0" distance="5" />
    </sound>
    <!-- <sound id="wpn_heavy_lance_turret_startshoot" description="heavy_lance_turret start" repeat="1" is3d="1" preload="1" >
        <sample selection="random">
          <select start="extensions\TP_VRO_Weapons\tp_heavylance\heavy_lance_windup"/>
        </sample>
        <volume start="1.3" distance="15"/>
    </sound> -->
  </add>
</diff>