<?xml version="1.0" encoding="utf-8" ?>
<diff>
    <add sel="/wares">
        <!-- tpwar obliterator turret -->
        <ware id="obliterator_l_turret" name="{6699,1020}" description="{6699,1020}" group="turrets" transport="equipment" volume="1" tags="equipment noplayerblueprint turret">
            <price min="13392" average="14880" max="16368" />
            <production time="10" amount="1" method="default" name="{20206,101}">
                <primary>
                    <ware ware="energycells" amount="25" />
                    <!-- <ware ware="ore" amount="15" /> -->
                    <!-- <ware ware="silicon" amount="15" /> -->
                </primary>
            </production>
            <component ref="obliterator_l_turret_macro" amount="1" />
            <restriction licence="generaluseequipment" />
            <use threshold="0" factions="argon" />
            <owner faction="argon" />
        </ware>
        <!-- VRO TPWAR FLAK TURRETS -->
        <ware id="flak_l_turret_arg" name="{6699,1011}" description="{6699,1015}" group="turrets" transport="equipment" volume="1" tags="equipment turret">
            <price min="65261" average="73957" max="90652" />
            <production time="10" amount="1" method="default" name="{6699,1014}">
                <primary>
                    <ware ware="advancedelectronics" amount="4" />
                    <ware ware="energycells" amount="10" />
                    <ware ware="turretcomponents" amount="20" />
                </primary>
            </production>
            <component ref="flak_l_turret_arg_macro" amount="1" />
            <restriction licence="generaluseequipment" />
            <use threshold="0.4" />
            <owner faction="alliance" />
            <owner faction="antigone" />
            <owner faction="argon" />
        </ware>
        <ware id="flak_l_turret_par" name="{6699,1012}" description="{6699,1015}" group="turrets" transport="equipment" volume="1" tags="equipment turret">
            <price min="62289" average="78099" max="93909" />
            <production time="10" amount="1" method="default" name="{6699,1014}">
                <primary>
                    <ware ware="advancedelectronics" amount="4" />
                    <ware ware="energycells" amount="10" />
                    <ware ware="turretcomponents" amount="20" />
                </primary>
            </production>
            <component ref="flak_l_turret_par_macro" amount="1" />
            <restriction licence="generaluseequipment" />
            <use threshold="0.4" />
            <owner faction="alliance" />
            <owner faction="holyorder" />
            <owner faction="paranid" />
        </ware>
        <ware id="flak_l_turret_tel" name="{6699,1013}" description="{6699,1015}" group="turrets" transport="equipment" volume="1" tags="equipment turret">
            <price min="52286" average="60096" max="73906" />
            <production time="10" amount="1" method="default" name="{6699,1014}">
                <primary>
                    <ware ware="advancedelectronics" amount="4" />
                    <ware ware="energycells" amount="10" />
                    <ware ware="turretcomponents" amount="20" />
                </primary>
            </production>
            <component ref="flak_l_turret_tel_macro" amount="1" />
            <restriction licence="generaluseequipment" />
            <use threshold="0.4" />
            <owner faction="alliance" />
            <owner faction="ministry" />
            <owner faction="teladi" />
        </ware>
        <!-- VRO TPWAR ANNIHILATOR TURRETS -->
        <ware id="annihilator_l_turret_arg" name="{20105,5044}" description="{20105,5042}" group="turrets" transport="equipment" volume="1" tags="equipment turret">
            <price min="65261" average="73957" max="90652" />
            <production time="10" amount="1" method="default" name="{6699,1014}">
                <primary>
                    <ware ware="advancedelectronics" amount="4" />
                    <ware ware="energycells" amount="10" />
                    <ware ware="turretcomponents" amount="20" />
                </primary>
            </production>
            <component ref="annihilator_l_turret_arg_macro" amount="1" />
            <restriction licence="generaluseequipment" />
            <use threshold="0.4" />
            <owner faction="alliance" />
            <owner faction="antigone" />
            <owner faction="argon" />
        </ware>
        <ware id="annihilator_l_turret_par" name="{20105,5054}" description="{20105,5052}" group="turrets" transport="equipment" volume="1" tags="equipment turret">
            <price min="62289" average="78099" max="93909" />
            <production time="10" amount="1" method="default" name="{6699,1014}">
                <primary>
                    <ware ware="advancedelectronics" amount="4" />
                    <ware ware="energycells" amount="10" />
                    <ware ware="turretcomponents" amount="20" />
                </primary>
            </production>
            <component ref="annihilator_l_turret_par_macro" amount="1" />
            <restriction licence="generaluseequipment" />
            <use threshold="0.4" />
            <owner faction="alliance" />
            <owner faction="holyorder" />
            <owner faction="paranid" />
        </ware>
        <ware id="annihilator_l_turret_tel" name="{20105, 5064}" description="{20105, 5062}" group="turrets" transport="equipment" volume="1" tags="equipment turret">
            <price min="52286" average="60096" max="73906" />
            <production time="10" amount="1" method="default" name="{6699,1014}">
                <primary>
                    <ware ware="advancedelectronics" amount="4" />
                    <ware ware="energycells" amount="10" />
                    <ware ware="turretcomponents" amount="20" />
                </primary>
            </production>
            <component ref="annihilator_l_turret_tel_macro" amount="1" />
            <restriction licence="generaluseequipment" />
            <use threshold="0.4" />
            <owner faction="alliance" />
            <owner faction="ministry" />
            <owner faction="teladi" />
        </ware>
        <!-- VRO TPWAR HEAVY LANCE TURRETS -->
        <ware id="heavylance_l_turret_arg" name="{20105,5084}" description="{20105,5082}" group="turrets" transport="equipment" volume="1" tags="equipment turret">
            <price min="65261" average="73957" max="90652" />
            <production time="10" amount="1" method="default" name="{6699,1014}">
                <primary>
                    <ware ware="advancedelectronics" amount="4" />
                    <ware ware="energycells" amount="10" />
                    <ware ware="turretcomponents" amount="20" />
                </primary>
            </production>
            <component ref="heavylance_l_turret_arg_macro" amount="1" />
            <restriction licence="generaluseequipment" />
            <use threshold="0.4" />
            <owner faction="alliance" />
            <owner faction="antigone" />
            <owner faction="argon" />
        </ware>
        <ware id="heavylance_l_turret_par" name="{20105,5094}" description="{20105,5092}" group="turrets" transport="equipment" volume="1" tags="equipment turret">
            <price min="62289" average="78099" max="93909" />
            <production time="10" amount="1" method="default" name="{6699,1014}">
                <primary>
                    <ware ware="advancedelectronics" amount="4" />
                    <ware ware="energycells" amount="10" />
                    <ware ware="turretcomponents" amount="20" />
                </primary>
            </production>
            <component ref="heavylance_l_turret_par_macro" amount="1" />
            <restriction licence="generaluseequipment" />
            <use threshold="0.4" />
            <owner faction="alliance" />
            <owner faction="holyorder" />
            <owner faction="paranid" />
        </ware>
        <ware id="heavylance_l_turret_tel" name="{20105,5104}" description="{20105,5102}" group="turrets" transport="equipment" volume="1" tags="equipment turret">
            <price min="52286" average="60096" max="73906" />
            <production time="10" amount="1" method="default" name="{6699,1014}">
                <primary>
                    <ware ware="advancedelectronics" amount="4" />
                    <ware ware="energycells" amount="10" />
                    <ware ware="turretcomponents" amount="20" />
                </primary>
            </production>
            <component ref="heavylance_l_turret_tel_macro" amount="1" />
            <restriction licence="generaluseequipment" />
            <use threshold="0.4" />
            <owner faction="alliance" />
            <owner faction="ministry" />
            <owner faction="teladi" />
        </ware>
        <!-- CRUISE MISSILES  -->
        <ware id="cruisemissile_l_turret" name="{6699,1071}" description="{6699,1061}" group="turrets" transport="equipment" volume="1" tags="equipment turret">
            <price min="13392" average="14880" max="16368" />
            <production time="10" amount="1" method="default" name="{20206,101}">
                <primary>
                    <ware ware="energycells" amount="25" />
                    <!-- <ware ware="ore" amount="15" /> -->
                    <!-- <ware ware="silicon" amount="15" /> -->
                </primary>
            </production>
            <component ref="cruisemissile_l_turret_macro" amount="1" />
            <restriction licence="generaluseequipment" />
            <use threshold="0" factions="argon" />
            <owner faction="argon" />
        </ware>
        <ware id="cruisemissile_l_launcher" name="{6699,1070}" description="{6699,1061}" group="weapons" transport="equipment" volume="1" tags="equipment noplayerblueprint weapon">
            <price min="13392" average="14880" max="16368" />
            <production time="10" amount="1" method="default" name="{20206,101}">
                <primary>
                    <ware ware="energycells" amount="25" />
                    <!-- <ware ware="ore" amount="15" /> -->
                    <!-- <ware ware="silicon" amount="15" /> -->
                </primary>
            </production>
            <component ref="cruisemissile_l_launcher_macro" amount="1" />
            <restriction licence="generaluseequipment" />
            <use threshold="0" factions="argon" />
            <owner faction="argon" />
        </ware>
        <ware id="cruisemissile" name="{6699,1060}" description="{6699,1060}" group="missiles" transport="equipment" volume="1" tags="equipment  missile">
            <price min="17563" average="20663" max="23762" />
            <production time="6" amount="1" method="default" name="{6699,1060}">
                <primary>
                    <ware ware="energycells" amount="40" />
                    <ware ware="missilecomponents" amount="40" />
                    <ware ware="smartchips" amount="35" />
                </primary>
            </production>
            <component ref="cruisemissile_macro" amount="1" />
            <container ref="sm_gen_pickup_equipment_01_macro" />
            <use threshold="0" />
        </ware>
        <ware id="missile_bomb_small" name="{6699,1060}" description="{6699,1060}" group="missiles" transport="equipment" volume="1" tags="equipment missile">
            <price min="17563" average="20663" max="23762" />
            <production time="6" amount="1" method="default" name="{6699,1060}">
                <primary>
                    <ware ware="energycells" amount="40" />
                    <ware ware="missilecomponents" amount="40" />
                    <ware ware="smartchips" amount="35" />
                </primary>
            </production>
            <component ref="missile_bomb_small_macro" amount="1" />
            <container ref="sm_gen_pickup_equipment_01_macro" />
            <use threshold="0" />
        </ware>
        <ware id="missile_bomb_medium" name="{6699,1060}" description="{6699,1060}" group="missiles" transport="equipment" volume="1" tags="equipment missile">
            <price min="17563" average="20663" max="23762" />
            <production time="6" amount="1" method="default" name="{6699,1060}">
                <primary>
                    <ware ware="energycells" amount="40" />
                    <ware ware="missilecomponents" amount="40" />
                    <ware ware="smartchips" amount="35" />
                </primary>
            </production>
            <component ref="missile_bomb_medium_macro" amount="1" />
            <container ref="sm_gen_pickup_equipment_01_macro" />
            <use threshold="0" />
        </ware>
        <ware id="bomb_launcher_medium" name="{6699,1070}" description="{6699,1061}" group="weapons" transport="equipment" volume="1" tags="equipment weapon">
            <price min="13392" average="14880" max="16368" />
            <production time="10" amount="1" method="default" name="{20206,101}">
                <primary>
                    <ware ware="energycells" amount="25" />
                    <!-- <ware ware="ore" amount="15" /> -->
                    <!-- <ware ware="silicon" amount="15" /> -->
                </primary>
            </production>
            <component ref="bomb_launcher_medium_macro" amount="1" />
            <restriction licence="generaluseequipment" />
            <use threshold="0" factions="argon" />
            <owner faction="argon" />
        </ware>
        <ware id="bomb_launcher_small" name="{6699,1070}" description="{6699,1061}" group="weapons" transport="equipment" volume="1" tags="equipment weapon">
            <price min="13392" average="14880" max="16368" />
            <production time="10" amount="1" method="default" name="{20206,101}">
                <primary>
                    <ware ware="energycells" amount="25" />
                    <!-- <ware ware="ore" amount="15" /> -->
                    <!-- <ware ware="silicon" amount="15" /> -->
                </primary>
            </production>
            <component ref="bomb_launcher_small_macro" amount="1" />
            <restriction licence="generaluseequipment" />
            <use threshold="0" factions="argon" />
            <owner faction="argon" />
        </ware>
    </add>
</diff>