<?xml version="1.0" encoding="utf-8"?>
<!--Exported by: Michael (192.168.3.81) at 25.11.2018_17-56-39-->
<macros xmlns:xsi="http://www.w3.org/2001/XMLSchema-instance" xsi:noNamespaceSchemaLocation="C:/Users/alby/Desktop/macroxsd/x4_macro.xsd">
  <macro name="bomb_launcher_medium_macro" class="missilelauncher">
    <component ref="bomb_launcher_medium_comp" />
    <properties>
      <identification name="Medium Bomb Launcher" basename="{20105,1171}" shortname="{20105,1175}" description="{20105,1172}" mk="2" />
      <ammunition tags="torpedo" macro="missile_bomb_medium_macro"/>
      <bullet class="missile_bomb_medium_macro" />
      <reload />
      <storage capacity="1" />
      <hull max="500" hittable="0" />
    </properties>
  </macro>
</macros>