<?xml version="1.0"?>
<components>
	<component name="bomb_launcher_small_comp" class="missilelauncher">
		<source geometry="assets\props\WeaponSystems\torpedo\weapon_gen_s_torpedo_01_mk1_data"/>
		<layers>
			<layer>
				<waypoints/>
				<lights/>
			</layer>
		</layers>
		<connections>
			<connection name="container" tags="contents" value="0"/>
			<connection name="position" tags="position" value="1"/>
			<connection name="Connection01" tags="part platformcollision forceoutline   ">
				<offset>
					<position x="0" y="0" z="2.154428"/>
				</offset>
				<parts>
					<part name="part_main" wreck="part_main_wreck">
						<lods>
							<lod index="0">
								<materials>
									<material id="1" ref="generic.generic_p1_hulltexture"/>
								</materials>
							</lod>
							<lod index="1">
								<materials>
									<material id="1" ref="generic.generic_p1_hulltexture"/>
								</materials>
							</lod>
							<lod index="2">
								<materials>
									<material id="1" ref="generic.generic_p1_hulltexture"/>
								</materials>
							</lod>
							<lod index="3">
								<materials>
									<material id="1" ref="generic.generic_p1_hulltexture"/>
								</materials>
							</lod>
						</lods>
						<size>
							<max x="0.8506341" y="0.8905454" z="2.154012"/>
							<center x="0" y="0" z="-2.384186E-07"/>
						</size>
					</part>
				</parts>
			</connection>
			<connection name="Connection02" tags="part nocollision forceoutline detail_m ">
				<offset>
					<position x="-4.594028E-04" y="0" z="2.175498"/>
				</offset>
				<parts>
					<part name="fx_decals">
						<lods>
							<lod index="0">
								<materials>
									<material id="1" ref="p1paint.paint_p1_decal_01"/>
								</materials>
							</lod>
						</lods>
						<size>
							<max x="0.8529418" y="0.8863009" z="2.122913"/>
							<center x="2.980232E-08" y="0" z="-2.384186E-07"/>
						</size>
					</part>
				</parts>
			</connection>
			<connection name="WeaponCon_01" tags="component weapon sbomblauncher ">
				<offset/>
			</connection>
			<connection name="con_rocket01" tags="rocket ">
				<offset>
					<position x="0" y="2.489146E-03" z="4.079882"/>
				</offset>
			</connection>
		</connections>
	</component>
</components>
