<?xml version="1.0" encoding="utf-8"?>
<!--Exported by: Michael (192.168.3.81) at 09.08.2018_12-45-28-->
<macros xmlns:xsi="http://www.w3.org/2001/XMLSchema-instance" xsi:noNamespaceSchemaLocation="C:/Users/alby/Desktop/macroxsd/x4_macro.xsd">
  <macro name="bomb_launcher_small_macro" class="missilelauncher">
    <component ref="bomb_launcher_small_comp" />
    <properties>
      <identification name="Small Bomb Launcher" basename="{20105,1161}" shortname="{20105,1165}" description="{20105,1162}" unique="0" mk="1" />
      <!-- <ammunition tags="pasta" macro="missile_bomb_small_macro" optional="0"/> -->
      <ammunition tags="smallbomb" optional="0"/>
      <bullet class="missile_bomb_small_macro" />
      <reload />
      <hull max="500" hittable="0" />
    </properties>
  </macro>
</macros>