<?xml version="1.0" encoding="utf-8"?>
<mdscript name="PlaceScavengerStations" xmlns:xsi="http://www.w3.org/2001/XMLSchema-instance" xsi:noNamespaceSchemaLocation="md.xsd">
    <cues>
        <cue name="Place_ScavengerHead">
            <conditions>
              <event_cue_completed cue="md.Setup.GameStart"/>
            </conditions>
            <actions>
				<set_value name="$ScavengerFactionTag" exact="'SCV'" />
				<find_sector groupname="$SectorGroup" space="player.galaxy" owner="faction.ownerless" multiple="true">
					<match macro="macro.cluster_black2_sector01_macro" negate="true" />
					<match macro="macro.cluster_venture_sector001_macro" negate="true" />
				</find_sector>
                <do_any>
                    <do_all>   
                        <set_value name="$xvalue" min="300000" max="300000"/>
                        <set_value name="$yvalue" min="-50000" max="50000"/>
                        <set_value name="$zvalue" min="-300000" max="300000"/>
                    </do_all>
                    <do_all>
                        <set_value name="$xvalue" min="-300000" max="-300000"/>
                        <set_value name="$yvalue" min="-50000" max="50000"/>
                        <set_value name="$zvalue" min="-300000" max="300000"/>
                    </do_all>
                </do_any>

                <find_station name="$ScavengerEquipmentDock" space="player.galaxy" owner="faction.scavenger" multiple="false" macro="macro.defence_arg_claim_01_macro" />
                <do_if value="not $ScavengerEquipmentDock.exists">    
					
					<create_position name="$SHeadPos" x="$xvalue" y="$yvalue" z="$zvalue" />
					
                    <create_station name="$ScavengerEquipmentDock" macro="macro.station_gen_factory_base_01_macro" sector="$SectorGroup.random" constructionplan="'tel_equipmentdock'" owner="faction.scavenger" state="componentstate.operational">
                        <safepos position="$SHeadPos" includeplotbox="true"/>
                    </create_station>
					<set_object_name object="$ScavengerEquipmentDock" name="$ScavengerFactionTag + ' Scrapyard'" comment=""/>

					<create_station name="$ScavengerWharf" macro="macro.station_gen_factory_base_01_macro" zone="$ScavengerEquipmentDock.zone" constructionplan="'arg_wharf'" owner="faction.scavenger" state="componentstate.operational">
                        <safepos object="$ScavengerEquipmentDock" max="25km" includeplotbox="true"/>
                    </create_station>
					<set_object_name object="$ScavengerWharf" name="$ScavengerFactionTag + ' Shipbreaker'" comment=""/>
					
					<set_faction_headquarters faction="faction.scavenger" station="$ScavengerEquipmentDock" />
					<!--shadows end-->
					<!--<show_notification text="'Scavenger stations spawned.'" sound="notification_warning" />-->
					<!--<write_to_logbook category="upkeep" title="'SCAVENGER DEBUG'" text="'Scavenger stations '+ $ScavengerEquipmentDock.name +' and '+ $ScavengerWharf.name +' spawned in ' + $ScavengerEquipmentDock.sector.knownname + ' from macro ' + $ScavengerEquipmentDock.sector.macro " interaction="showonmap" object="$ScavengerEquipmentDock"/>-->
                </do_if>
            </actions> 
		</cue>
	</cues>
</mdscript>