<?xml version="1.0" encoding="utf-8"?>
<!--Exported by: Owen (192.168.3.119) at 24.10.2016_12-13-58-->
<components>
  <component name="station_par_tradestation_dabase_01" class="station">
    <connections>
      <connection name="docked" tags="ship" value="0" optional="1" />
      <connection name="controlroom" tags="room" optional="1" />
      <connection name="modules" tags="module" optional="1" />
      <connection name="space" tags="station" optional="1" />
    </connections>
    <properties />
  </component>
</components>