<?xml version="1.0" encoding="UTF-8" ?>
<language id="82">
<page id="20105" title="Weapons and Turrets" descr="Names and descriptions of weapons and turrets" voice="no">
<!-- name = ARG L Beam Turret Mk1    basename=Beam Turret    shortname=Beam Mk1 -->
<!-- arg L beam turr      <identification name="{20105,5084}" basename="{20105,5081}" shortname="{20105,5085}" makerrace="argon" description="{20105,5082}" unique="0" mk="1" /> -->
 <t id="5084">ARG Heavy Lance Turret</t>
 <t id="5081">Heavy Lance Turret</t>
 <t id="5085">Heavy Lance</t>
 <t id="5082">Heavy Lance is a pinnacle of energy weapons collaborative research of Argons and those few Borons who were left within Argon Federation after the Commonwealth collapse. Low rate of fire and turret tracking speed is compensated by incredible range, pinpoint precision and heavy alpha damage that can take any fighter down in one shot.</t>
<!-- arg M beam turr     <identification name="{20105,4164}" basename="{20105,4161}" shortname="{20105,4165}" makerrace="argon" description="{20105,4161}" mk="1" /> -->
 <t id="4164">ARG Cyclone Turret</t>
 <t id="4161">Cyclone Turret</t>
 <t id="4165">Cyclone Turret</t>
 <t id="4162">Cyclone turret mounts a pair of Cyclone Beamers, though to fit on turret chassis it was required to decrease output of each single beamer. High precision and fire rate make it a good point-defense system, though damage and range are sub-par.</t>
<!-- par L beam turr        <identification name="{20105,5094}" basename="{20105,5091}" shortname="{20105,5095}" makerrace="paranid" description="{20105,5092}" mk="1" /> -->
 <t id="5094">PAR Heavy Lance Turret</t>
 <t id="5091">Heavy Lance Turret</t>
 <t id="5095">Heavy Lance</t>
 <t id="5092">Heavy Lance is a pinnacle of energy weapons collaborative research of Argons and those few Borons who were left within Argon Federation after the Commonwealth collapse. Low rate of fire and turret tracking speed is compensated by incredible range, pinpoint precision and heavy alpha damage that can take any fighter down in one shot.</t>
<!-- par M beam turr       <identification name="{20105,4174}" basename="{20105,4171}" shortname="{20105,4175}" makerrace="paranid" description="{20105,4172}" mk="1" /> -->
 <t id="4174">PAR Cyclone Turret</t>
 <t id="4171">Cyclone Turret</t>
 <t id="4175">Cyclone Turret</t>
 <t id="4172">Cyclone turret mounts a pair of Cyclone Beamers, though to fit on turret chassis it was required to decrease output of each single beamer. High precision and fire rate make it a good point-defense system, though damage and range are sub-par.</t>
<!-- tel L beam turr        <identification name="{20105,5104}" basename="{20105,5101}" shortname="{20105,5105}" makerrace="teladi" description="{20105,5102}" unique="0" mk="1" /> -->
 <t id="5104">TEL Heavy Lance Turret</t>
 <t id="5101">Heavy Lance Turret</t>
 <t id="5105">Heavy Lance</t>
 <t id="5102">Heavy Lance is a pinnacle of energy weapons collaborative research of Argons and those few Borons who were left within Argon Federation after the Commonwealth collapse. Low rate of fire and turret tracking speed is compensated by incredible range, pinpoint precision and heavy alpha damage that can take any fighter down in one shot.</t>
<!-- tel M beam turr       <identification name="{20105,4184}" basename="{20105,4181}" shortname="{20105,4185}" makerrace="teladi" description="{20105,4182}" mk="1" /> -->
 <t id="4184">TEL Cyclone Turret</t>
 <t id="4181">Cyclone Turret</t>
 <t id="4185">Cyclone Turret</t>
 <t id="4182">Cyclone turret mounts a pair of Cyclone Beamers, though to fit on turret chassis it was required to decrease output of each single beamer. High precision and fire rate make it a good point-defense system, though damage and range are sub-par.</t>
<!-- ion m 1      <identification name="{20105,2184}" basename="{20105,2181}" shortname="{20105,2185}" description="{20105,2182}" mk="1" /> -->
<t id="2184">Heavy Ion Cannon</t>
 <t id="2181">Heavy Ion Cannon</t>
 <t id="2185">Heavy Ion</t>
 <t id="2182">Heavy Ion Cannon is larger variant of argon Ion Cannon, providing increased damage and range in the cost of rate of fire. Precision and heat efficiency make it a good weapon to strip large ship shields from afar.</t>
<!-- ion m 2     <identification name="{20105,2194}" basename="{20105,2191}" shortname="{20105,2195}" description="{20105,2192}" mk="2" /> -->
<t id="2194">Heavy Arc Discharger</t>
 <t id="2191">Heavy Arc Discharger</t>
 <t id="2195">Heavy Arc</t>
 <t id="2192">Arc discharges are unique weapon family taking Ion Cannon technology and transforming it into a shotgun, greatly effective at close ranges as anti-shield weapon. This is heavier model of original Arc Discharger that has greater punch and range.</t>
<!-- ion s 1     <identification name="{20105,1184}" basename="{20105,1181}" shortname="{20105,1185}" description="{20105,1182}" mk="1" /> -->
<t id="1184">Ion Cannon</t>
 <t id="1181">Ion Cannon</t>
 <t id="1185">Ion Cannon</t>
 <t id="1182">Argon ion technology allowed the creation of specialized anti-shield weaponry. Ion Cannon boasts good accuracy and heat efficiency with moderate rate of fire.</t>
<!-- ion s 2     <identification name="{20105,1194}" basename="{20105,1191}" shortname="{20105,1195}" description="{20105,1192}" mk="2" /> -->
<t id="1194">Arc Discharger</t>
 <t id="1191">Arc Discharger</t>
 <t id="1195">Arc Discharger</t>
 <t id="1192">Arc discharges are unique weapon family taking Ion Cannon technology and transforming it into a shotgun, greatly effective at close ranges as anti-shield weapon. </t>
<!-- beam m 1      <identification name="{20105,2084}" basename="{20105,2081}" shortname="{20105,2085}" description="{20105,2082}" mk="1" /> -->
<t id="2084">Cyclone Beamer</t>
 <t id="2081">Cyclone Beamer</t>
 <t id="2085">Cyclone Beamer</t>
 <t id="2082"> Cyclone Beamer is a beafed up version of Pulse beamer, providing good damage and rate of fire and pin-point accucary.</t>
<!-- beam m 2      <identification name="{20105,2094}" basename="{20105,2091}" shortname="{20105,2095}" description="{20105,2092}" mk="2" /> -->
<t id="2094">Lancer</t>
 <t id="2091">Lancer</t>
 <t id="2095">Lancer</t>
 <t id="2092">Lancer is enlarged varient of a Beamer weapon, a bit inefficcient in heat managment it still provides a pin-point precision with quite high damage output.</t>
<!-- beam s 1      <identification name="{20105,1084}" basename="{20105,1081}" shortname="{20105,1085}" description="{20105,1082}" mk="1" /> -->
<t id="1084">Pulse Beamer</t>
 <t id="1081">Pulse Beamer</t>
 <t id="1085">Pulse Beamer</t>
 <t id="1082">Pulse Beamer was an attempt to increase heat efficiency of regular beam weapons, while it was a successful endeavor the damage such modification provides was noticeably lower of regular beam weapons, though it is still a popular choice due to its precision and burst damage.</t>
<!-- beam s 2      <identification name="{20105,1094}" basename="{20105,1091}" shortname="{20105,1095}" description="{20105,1092}" mk="2" /> -->
<t id="1094">Beamer</t>
 <t id="1091">Beamer</t>
 <t id="1095">Beamer</t>
 <t id="1092">Beamer was developed by Paranids in attempt to miniaturize Argon/Boron Lance weapon technology. The result is a beam weapon that has moderate damage and heat efficiency but incredible precision.</t>
<!-- arg L plasma turret      <identification name="{20105,5044}" basename="{20105,5041}" shortname="{20105,5045}" makerrace="argon" description="{20105,5042}" unique="0" mk="1" /> -->
<t id="5044">ARG Annihilator Turret</t>
 <t id="5041">Annihilator Turret</t>
 <t id="5045">Annihilator</t>
 <t id="5042">Annihilator was originally called a Particle Cannon, but current name stuck to it due to high damage this weapon can inflict on its target. Low precision, low rate of fire and range (as for capital weapon) is well compensated by sheer destruction force of the projectile.</t>
<!-- arg m gat turret        <identification name="{20105,4084}" basename="{20105,4081}" shortname="{20105,4085}" makerrace="argon" description="{20105,4082}" mk="1" /> -->
<t id="4084">ARG CIWS</t>
 <t id="4081">CIWS</t>
 <t id="4085">CIWS</t>
 <t id="4082">In the need of low-cost point defense weapon Argons developed a very unique turret platform that has high tracking capabilities that in combination of above avarage rate of fire, good precision and moderate damage proved to be quite good at taking out fighters and missiles.</t>
<!-- arg m plasma turret          <identification name="{20105,4124}" basename="{20105,4121}" shortname="{20105,4125}" makerrace="argon" description="{20105,4122}" mk="1" /> -->
<t id="4124">ARG Plasma Turret</t>
 <t id="4121">Plasma Turret</t>
 <t id="4125">Plasma Turret</t>
 <t id="4122">This turret combines a pair of plasma cannons that were downgraded to fit on rotating platform. Bad precision, long range and high damage make this weapon a good choice to fight medium and large ships.</t>
<!-- par L plasma turret       <identification name="{20105,5054}" basename="{20105,5051}" shortname="{20105,5055}" makerrace="paranid" description="{20105,5052}" mk="1" /> -->
<t id="5054">PAR Annihilator Turret</t>
 <t id="5051">Annihilator Turret</t>
 <t id="5055">Annihilator</t>
 <t id="5052">Annihilator was originally called a Particle Cannon, but current name stuck to it due to high damage this weapon can inflict on its target. Low precision, low rate of fire and range (as for capital weapon) is well compensated by sheer destruction force of the projectile.</t>
<!-- par m gat turret      <identification name="{20105,4094}" basename="{20105,4091}" shortname="{20105,4095}" makerrace="paranid" description="{20105,4092}" mk="1" /> -->
<t id="4094">PAR CIWS</t>
 <t id="4091">CIWS</t>
 <t id="4095">CIWS</t>
 <t id="4092">In the need of low-cost point defense weapon Argons developed a very unique turret platform that has high tracking capabilities that in combination of above avarage rate of fire, good precision and moderate damage proved to be quite good at taking out fighters and missiles.</t>
<!-- par m plasma turret      <identification name="{20105,4134}" basename="{20105,4131}" shortname="{20105,4135}" makerrace="paranid" description="{20105,4132}" mk="1" /> -->
<t id="4134">PAR Plasma Turret</t>
 <t id="4131">Plasma Turret</t>
 <t id="4135">Plasma Turret</t>
 <t id="4132"> This turret combines a pair of plasma cannons that were downgraded to fit on rotating platform. Bad precision, long range and high damage make this weapon a good choice to fight medium and large ships.</t>
<!-- tel L plasma turret      <identification name="{20105, 5064}" basename="{20105, 5061}" shortname="{20105, 5065}" makerrace="teladi" description="{20105, 5062}" unique="0" mk="1" /> -->
<t id="5064">TEL Annihilator Turret</t>
 <t id="5061">Annihilator Turret</t>
 <t id="5065">Annihilator</t>
 <t id="5062">Annihilator was originally called a Particle Cannon, but current name stuck to it due to high damage this weapon can inflict on its target. Low precision, low rate of fire and range (as for capital weapon) is well compensated by sheer destruction force of the projectile.</t>
<!-- tel m gat turret      <identification name="{20105, 4104}" basename="{20105, 4101}" shortname="{20105, 4105}" makerrace="teladi" description="{20105, 4102}" mk="1" /> -->
<t id="4104">TEL CIWS</t>
 <t id="4101">CIWS</t>
 <t id="4105">CIWS</t>
 <t id="4102">In the need of low-cost point defense weapon Argons developed a very unique turret platform that has high tracking capabilities that in combination of above avarage rate of fire, good precision and moderate damage proved to be quite good at taking out fighters and missiles.</t>
<!-- tel m plasma turret      <identification name="{20105, 4144}" basename="{20105, 4141}" shortname="{20105, 4145}" makerrace="teladi" description="{20105, 4142}" mk="1" /> -->
<t id="4144">TEL Plasma Turret</t>
 <t id="4141">Plasma Turret</t>
 <t id="4145">Plasma Turret</t>
 <t id="4142"> This turret combines a pair of plasma cannons that were downgraded to fit on rotating platform. Bad precision, long range and high damage make this weapon a good choice to fight medium and large ships.</t>
<!-- M gat 1      <identification name="{20105,2024}" basename="{20105,2021}" shortname="{20105,2025}" description="{20105,2022}" mk="1" /> -->
<t id="2024">Avenger Autocannon</t>
 <t id="2021">Avenger Autocannon</t>
 <t id="2025">Avenger</t>
 <t id="2022">A heavy variant of autocannon that has 6 barrels to allow long bursts. Great at taking down heavy fighters and medium ships, this weapon provides good accuracy, rate of fire and heat efficiency with moderate damage.</t>
<!-- M gat 2      <identification name="{20105,2034}" basename="{20105,2031}" shortname="{20105,2035}" description="{20105,2032}" mk="2" /> -->
<t id="2034">Reaper Cannon</t>
 <t id="2031">Reaper Cannon</t>
 <t id="2035">Reaper</t>
 <t id="2032">Heavy kinetic cannon with low precision, lower than average heat efficiency but with high shield damage due to the sheer mass of its projectile. Usually used by to take down shields of larger ships while still remaining effective at damaging armor.</t>
<!-- M plas 1      <identification name="{20105,2064}" basename="{20105,2061}" shortname="{20105,2065}" description="{20105,2062}" mk="1" /> -->
<t id="2064">Plasma Cannon</t>
 <t id="2061">Plasma Cannon</t>
 <t id="2065">Plasma Cannon</t>
 <t id="2062">Larger Variant of Plasma gun, low precision, incredibly low rate of fire but high damage to both hull and shield make this weapon a choice for pilots who tend to use their ships at anti-large ship duty.</t>
<!-- M plas 2      <identification name="{20105,2074}" basename="{20105,2071}" shortname="{20105,2075}" description="{20105,2072}" mk="2" /> -->
<t id="2074">Plasma Incinirator</t>
 <t id="2071">Plasma Incinirator</t>
 <t id="2075">Plasma Incinirator</t>
 <t id="2072">A shotgun variant of plasma gun developed by some mad Split scientist. While very inaccurate and inefficient this weapons provides one of the highest damage for medium ships and so can melt the target. Usually suggested to be used with hit-and-run tactics.</t>
<!-- s gat 1      <identification name="{20105,1024}" basename="{20105,1021}" shortname="{20105,1025}" description="{20105,1022}" mk="1" /> -->
<t id="1024">Chain Gun</t>
 <t id="1021">Chain Gun</t>
 <t id="1025">Chain Gun</t>
 <t id="1022">Cheap and effective small weapon to counter scouts and light fighters. Moderate damage, great accuracy and high heat efficiency.</t>
<!-- s gat 2      <identification name="{20105,1034}" basename="{20105,1031}" shortname="{20105,1035}" description="{20105,1032}" mk="2" /> -->
<t id="1034">Autocannon</t>
 <t id="1031">Autocannon</t>
 <t id="1035">Autocannon</t>
 <t id="1032">Inaccurate cannon with rapid reload mechanism, high shield damage provides capability for smaller ships to fight more heavy targets while effective against shields and armor.</t>
<!-- s plas 1      <identification name="{20105,1064}" basename="{20105,1061}" shortname="{20105,1065}" description="{20105,1062}" mk="1" /> -->
<t id="1064">Plasma Gun</t>
 <t id="1061">Plasma Gun</t>
 <t id="1065">Plasma Gun</t>
 <t id="1062">Plasma gun is a standard-issue weapon for heavy fighters that tend to be used in attack runs on large ships. Low precision but high damage make this weapon useful on all ranges against bigger targets, but pay attention to heat buildup.</t>
<!-- s plas 2      <identification name="{20105,1074}" basename="{20105,1071}" shortname="{20105,1075}" description="{20105,1072}" mk="2" /> -->
<t id="1074">Plasma Burster</t>
 <t id="1071">Plasma Burster</t>
 <t id="1075">Plasma Burster</t>
<t id="1072">As with all burst-variants of originals this plasma weapon provides lower accuracy but higher rate of fire and alpha damage with decreased heat efficieny.</t>
<!-- arg L laser tu      <identification name="{20105,5004}" basename="{20105,5001}" shortname="{20105,5005}" makerrace="argon" description="{20105,5002}" mk="1" /> -->
<t id="5004">ARG Fusion Ray Turret</t>
 <t id="5001">Fusion Ray Turret</t>
 <t id="5005">Fusion Ray</t>
 <t id="5002">Following the steps of Argons, Teladi developed their own capital weapon using old and tested fusion technology. Result was exactly what Teladi wanted – cheap, efficient, with great range and damage potential, while it may be a bit inaccurate it proved to be a solid choice for mid-range engagements and quite effective at taking out medium and small ships due to great rotation speed of the turret (as for capital weapon).</t>
<!-- arg m laser tu      <identification name="{20105,4004}" basename="{20105,4001}" shortname="{20105,4005}" makerrace="argon" description="{20105,4002}" mk="1" /> -->
<t id="4004">ARG Hunter Turret</t>
 <t id="4001">Hunter Turret</t>
 <t id="4005">Hunter Turret</t>
 <t id="4002">This turret mounts a pair of upgraded version of Fusion Blaster, with lower rate of fire it still tend to fill the role of basic weaponry for all ship sizes. Moderate damage, accuracy and longer than average range make it a great jack-of-all trades weapon. </t>
<!-- arg m shot tu       <identification name="{20105,4044}" basename="{20105,4041}" shortname="{20105,4045}" makerrace="argon" description="{20105,4042}" mk="1" /> -->
<t id="4044">ARG Scatter Turret</t>
 <t id="4041">Scatter Turret</t>
 <t id="4045">Scatter Turret</t>
 <t id="4042">Scatter turret is simply that – a turreted heavy shotgun weapon that can obliterate any target if it would be stupid enough to get into efficient zone of this weapon.</t>
<!-- par L laser tu      <identification name="{20105,5014}" basename="{20105,5011}" shortname="{20105,5015}" makerrace="paranid" description="{20105,5012}" mk="1" /> -->
<t id="5014">PAR Fusion Ray Turret</t>
 <t id="5011">Fusion Ray Turret</t>
 <t id="5015">Fusion Ray</t>
 <t id="5012"> Following the steps of Argons, Teladi developed their own capital weapon using old and tested fusion technology. Result was exactly what Teladi wanted – cheap, efficient, with great range and damage potential, while it may be a bit inaccurate it proved to be a solid choice for mid-range engagements and quite effective at taking out medium and small ships due to great rotation speed of the turret (as for capital weapon)</t>
<!-- par m laser tu      <identification name="{20105,4014}" basename="{20105,4011}" shortname="{20105,4015}" makerrace="paranid" description="{20105,4012}" mk="1" /> -->
<t id="4014">PAR Hunter Turret</t>
 <t id="4011">Hunter Turret</t>
 <t id="4015">Hunter Turret</t>
 <t id="4012"> This turret mounts a pair of upgraded version of Fusion Blaster, with lower rate of fire it still tend to fill the role of basic weaponry for all ship sizes. Moderate damage, accuracy and longer than average range make it a great jack-of-all trades weapon. </t>
<!-- par m shot tu      <identification name="{20105,4054}" basename="{20105,4051}" shortname="{20105,4055}" makerrace="paranid" description="{20105,4052}" mk="1" /> -->
<t id="4054">PAR Scatter Turret</t>
 <t id="4051">Scatter Turret</t>
 <t id="4055">Scatter Turret</t>
 <t id="4052"> Scatter turret is simply that – a turreted heavy shotgun weapon that can obliterate any target if it would be stupid enough to get into efficient zone of this weapon.</t>
<!-- tel L laser tu      <identification name="{20105, 5024}" basename="{20105, 5021}" shortname="{20105, 5025}" makerrace="teladi" description="{20105, 5022}" mk="1" /> -->
<t id="5024">TEL Fusion Ray Turret</t>
 <t id="5021">Fusion Ray Turret</t>
 <t id="5025">Fusion Ray</t>
 <t id="5022"> Following the steps of Argons, Teladi developed their own capital weapon using old and tested fusion technology. Result was exactly what Teladi wanted – cheap, efficient, with great range and damage potential, while it may be a bit inaccurate it proved to be a solid choice for mid-range engagements and quite effective at taking out medium and small ships due to great rotation speed of the turret (as for capital weapon)</t>
<!-- tel m laser tu      <identification name="{20105, 4024}" basename="{20105, 4021}" shortname="{20105, 4023}" makerrace="teladi" description="{20105, 4022}" mk="1" /> -->
<t id="4024">TEL Hunter Turret</t>
 <t id="4021">Hunter Turret</t>
 <t id="4023">Hunter Turret </t>
 <t id="4022"> This turret mounts a pair of upgraded version of Fusion Blaster, with lower rate of fire it still tend to fill the role of basic weaponry for all ship sizes. Moderate damage, accuracy and longer than average range make it a great jack-of-all trades weapon. </t>
<!-- tel m shot tu      <identification name="{20105, 4064}" basename="{20105, 4061}" shortname="{20105, 4065}" makerrace="teladi" description="{20105, 4062}" mk="1" /> -->
<t id="4064">TEL Scatter Turret</t>
 <t id="4061">Scatter Turret</t>
 <t id="4065">Scatter Turret</t>
 <t id="4062"> Scatter turret is simply that – a turreted heavy shotgun weapon that can obliterate any target if it would be stupid enough to get into efficient zone of this weapon.</t>
<!-- m laser 1      <identification name="{20105,2004}" basename="{20105,2001}" shortname="{20105,2005}" description="{20105,2002}" mk="1" /> -->
<t id="2004">Fusion Blaster</t>
 <t id="2001">Fusion Blaster</t>
 <t id="2005">Fusion Blaster</t>
 <t id="2002">Heavy variant of blaster, standard-issue weapon for most militias, cheap, efficient, with moderate damage, rate of fire and accuracy.</t>
<!-- m laser 2      <identification name="{20105,2014}" basename="{20105,2011}" shortname="{20105,2015}" description="{20105,2012}" mk="2" /> -->
<t id="2014">Fusion Repeater</t>
 <t id="2011">Fusion Repeater</t>
 <t id="2015">Fusion Repeater</t>
 <t id="2012">A burst-variant of Fusion Blaster, provides high alpha damage that can be used to shred small ships if they are not careful enough. Moderate damage, not that perfect accuracy.</t>
<!-- m shotgun 1      <identification name="{20105,2044}" basename="{20105,2041}" shortname="{20105,2045}" description="{20105,2042}" mk="1" /> -->
<t id="2044">Storm Cannon</t>
 <t id="2041">Storm Cannon</t>
 <t id="2045">Storm Cannon</t>
 <t id="2042">A rapid-fire shotgun that is used during a short window of opportunity that can arise while fighting nimble targets. Heat-efficient with good damage.</t>
<!-- m shot 2      <identification name="{20105,2054}" basename="{20105,2051}" shortname="{20105,2055}" description="{20105,2052}" mk="2" /> -->
<t id="2054">Demolisher Cannon</t>
 <t id="2051">Demolisher Cannon</t>
 <t id="2055">Demolisher Cannon</t>
 <t id="2052">Even heavier version of heavy scatter gun, high dispersion means low efficiency at range, but at close-up this weapon can heavily damage any target. VERY heat-efficient while having low rate of fire.</t>
<!-- s laser 1      <identification name="{20105,1004}" basename="{20105,1001}" shortname="{20105,1005}" description="{20105,1002}" mk="1" /> -->
<t id="1004">Blaster</t>
 <t id="1001">Blaster</t>
 <t id="1005">Blaster</t>
 <t id="1002">Basic blaster weapon, cheap and efficient, while boasting great projectile speed and range, damage is sub-par.</t>
<!-- s laser 2      <identification name="{20105,1014}" basename="{20105,1011}" shortname="{20105,1015}" description="{20105,1012}" mk="2" /> -->
<t id="1014">Burst Cannon</t>
 <t id="1011">Burst Cannon</t>
 <t id="1015">Burst Cannon</t>
 <t id="1012">Burst-variant of the blaster weapon, higher alpha damage but lower accuracy and long reload time between bursts.</t>
<!-- s shotgun 1      <identification name="{20105,1044}" basename="{20105,1041}" shortname="{20105,1045}" description="{20105,1042}" mk="1" /> -->
<t id="1044">Scatter Gun</t>
 <t id="1041">Scatter Gun</t>
 <t id="1045">Scatter Gun</t>
 <t id="1042">A shotgun weapon used in close-range fights. Can be a great damage-dealer if used in experienced hands.</t>
<!-- s shot 2      <identification name="{20105,1054}" basename="{20105,1051}" shortname="{20105,1055}" description="{20105,1052}" mk="2" /> -->
<t id="1054">Heavy Scatter Gun</t>
 <t id="1051">Heavy Scatter Gun</t>
 <t id="1055">Heavy Scatter Gun</t>
<t id="1052">Heavy variant of Scatter Gun, provides even higher damage output with increased scatter of the projectiles. Very efficient at point-blank ranges.</t>
</page>

</language>

