<?xml version="1.0" encoding="utf-8"?>
<!--Exported by: nick (192.168.3.52) at 18.11.2018_17-09-45-->

<diff>
  <replace sel="//cargo">
    <cargo max="120000" tags="container" />
  </replace>
</diff>

<!-- <macros>
  <macro name="storage_par_xl_carrier_01_b_macro" class="storage">
    <component ref="generic_storage" />
    <properties>
      <identification makerrace="paranid" />
      <cargo max="12000" tags="container" />
      <hull integrated="1" />
    </properties>
  </macro>
</macros> -->