<?xml version="1.0" encoding="utf-8"?>
<!--Exported by: Florian (192.168.3.134) at 23.11.2018_17-23-21-->
<macros>
  <macro name="tpwar_weapon_gen_m_beam_01_mk1_module_macro" class="production">
    <component ref="prod_gen_antimattercells" />
    <properties>
      <identification name="{20104,10301}" shortname="{20104,10303}" description="{20104,10302}" />
      <build>
        <sets>
          <set ref="factory" />
          <set ref="headquarters_player" />
        </sets>
      </build>
      <explosiondamage value="10000" />
      <hull max="251000" />
      <secrecy level="2" />
      <production wares="tpwar_weapon_gen_m_beam_01_mk1">
        <queue ware="tpwar_weapon_gen_m_beam_01_mk1" />
      </production>
      <workforce max="120" />
    </properties>
  </macro>
</macros>