<?xml version="1.0" encoding="utf-8"?>
<!--Exported by: Florian (192.168.3.134) at 23.11.2018_17-23-21-->
<macros>
  <macro name="tpwar_countermeasure_flares_01_module_macro" class="production">
    <component ref="prod_gen_antimattercells" />
    <properties>
      <identification name="Countermeasure Production" shortname="Countermeasure" description="{20104,10302}" />
      <build>
        <sets>
          <set ref="factory" />
          <set ref="headquarters_player" />
        </sets>
      </build>
      <explosiondamage value="10000" />
      <hull max="251000" />
      <secrecy level="2" />
      <production wares="tpwar_countermeasure_flares_01">
      <!-- <production wares="[tpwar_countermeasure_flares_01, tpwar_engine_arg_l_allround_01_mk1, tpwar_engine_arg_l_travel_01_mk1, tpwar_engine_arg_m_allround_01_mk1, tpwar_engine_arg_m_allround_01_mk2, tpwar_engine_arg_m_allround_01_mk3, soysauce]"> -->
        <queue ware="tpwar_countermeasure_flares_01" />        
        <!-- <queue ware="tpwar_engine_arg_l_allround_01_mk1" />
        <queue ware="tpwar_engine_arg_l_travel_01_mk1" />
        <queue ware="tpwar_engine_arg_m_allround_01_mk1" />
        <queue ware="tpwar_engine_arg_m_allround_01_mk2" />
        <queue ware="soysauce" />    
        <queue ware="tpwar_engine_arg_m_allround_01_mk3" />     -->
        <!-- <queue ware="tpwar_countermeasure_flares_01" /> -->
      </production>
      <workforce max="120" />
    </properties>
  </macro>
</macros>