<?xml version="1.0" encoding="utf-8"?>
<!--Exported by: nick (192.168.3.52) at 18.11.2018_17-06-48-->

<diff>
  <replace sel="//cargo">
    <cargo max="110000" tags="container" />
  </replace>
</diff>


<!-- <macros>
  <macro name="storage_arg_xl_carrier_01_a_macro" class="storage">
    <component ref="generic_storage" />
    <properties>
      <identification makerrace="argon" />
      <cargo max="11000" tags="container" />
      <hull integrated="1" />
    </properties>
  </macro>
</macros> -->