<?xml version="1.0" encoding="utf-8"?>
<!--Exported by: nick (192.168.3.52) at 18.11.2018_17-12-48-->


<diff>
  <replace sel="//cargo">
    <cargo max="170000" tags="container" />
  </replace>
</diff>

<!-- <macros>
  <macro name="storage_tel_xl_carrier_01_a_macro" class="storage">
    <component ref="generic_storage" />
    <properties>
      <identification makerrace="teladi" />
      <cargo max="17000" tags="container" />
      <hull integrated="1" />
    </properties>
  </macro>
</macros> -->