<?xml version="1.0" encoding="utf-8"?> 
<diff xmlns:xsi="http://www.w3.org/2001/XMLSchema-instance" >
<add sel="//plans">
<!-- ARG Tradestation -->
<plan id="daarg_tradestation" name="{20102,1111}">
<entry index="1" macro="defence_arg_claim_01_macro">
<offset>
<position x="400.333" z="-71.814"/>
</offset>
</entry>
<entry index="2" macro="defence_arg_tube_01_macro" connection="connectionsnap001">
<predecessor index="1" connection="connectionsnap002"/>
<offset>
<position x="400.333" z="1128.186"/>
</offset>
</entry>
<entry index="3" macro="struct_arg_cross_01_macro" connection="connectionsnap002">
<predecessor index="2" connection="connectionsnap002"/>
<offset>
<position x="400.333" z="1528.186"/>
</offset>
</entry>
<entry index="4" macro="storage_arg_l_container_01_macro" connection="connectionsnap001">
<predecessor index="3" connection="connectionsnap001"/>
<offset>
<position x="400.332" y="2.772" z="2528.186"/>
<rotation yaw="179.99997"/>
</offset>
</entry>
<entry index="5" macro="storage_arg_l_container_01_macro" connection="connectionsnap001">
<predecessor index="3" connection="connectionsnap004"/>
<offset>
<position x="1400.333" y="2.772" z="1528.186"/>
<rotation yaw="-90.00001"/>
</offset>
</entry>
<entry index="6" macro="storage_arg_l_container_01_macro" connection="connectionsnap001">
<predecessor index="3" connection="connectionsnap003"/>
<offset>
<position x="-599.667" y="2.772" z="1528.185"/>
<rotation yaw="89.99997"/>
</offset>
</entry>
<entry index="7" macro="defence_arg_disc_01_macro" connection="connectionsnap003">
<predecessor index="6" connection="connectionsnap004"/>
<offset>
<position x="-1599.667" z="1528.185"/>
</offset>
</entry>
<entry index="8" macro="defence_arg_disc_01_macro" connection="connectionsnap001">
<predecessor index="4" connection="connectionsnap004"/>
<offset>
<position x="400.332" z="3528.186"/>
</offset>
</entry>
<entry index="9" macro="defence_arg_disc_01_macro" connection="connectionsnap004">
<predecessor index="5" connection="connectionsnap004"/>
<offset>
<position x="2400.333" z="1528.186"/>
</offset>
</entry>
<entry index="10" macro="struct_arg_cross_01_macro" connection="connectionsnap001">
<predecessor index="1" connection="connectionsnap001"/>
<offset>
<position x="400.333" z="-1271.814"/>
</offset>
</entry>
<entry index="11" macro="defence_arg_tube_01_macro" connection="connectionsnap001">
<predecessor index="10" connection="connectionsnap003"/>
<offset>
<position x="0.3326" z="-1271.814"/>
<rotation yaw="-90.00001"/>
</offset>
</entry>
<entry index="12" macro="defence_arg_tube_01_macro" connection="connectionsnap002">
<predecessor index="10" connection="connectionsnap004"/>
<offset>
<position x="800.333" z="-1271.814"/>
<rotation yaw="-89.99998"/>
</offset>
</entry>
<entry index="13" macro="struct_arg_base_02_macro" connection="connectionsnap001">
<predecessor index="10" connection="connectionsnap002"/>
<offset>
<position x="400.332" z="-1871.814"/>
</offset>
</entry>
<entry index="14" macro="dockarea_arg_m_station_02_hightech_macro" connection="connectionsnap001">
<predecessor index="13" connection="connectionsnap002"/>
<offset>
<position x="400.332" z="-2471.814"/>
<rotation yaw="90.00002"/>
</offset>
</entry>
<entry index="15" macro="dockarea_arg_m_station_02_hightech_macro" connection="connectionsnap004">
<predecessor index="14" connection="connectionsnap003"/>
<offset>
<position x="0.3322" z="-2471.814"/>
<rotation yaw="90.00001"/>
</offset>
</entry>
<entry index="16" macro="dockarea_arg_m_station_02_hightech_macro" connection="connectionsnap003">
<predecessor index="14" connection="connectionsnap004"/>
<offset>
<position x="800.332" z="-2471.814"/>
<rotation yaw="90.00005"/>
</offset>
</entry>
<entry index="17" macro="dockarea_arg_m_station_02_hightech_macro" connection="connectionsnap003">
<predecessor index="16" connection="connectionsnap004"/>
<offset>
<position x="1200.332" z="-2471.815"/>
<rotation yaw="90.00007"/>
</offset>
</entry>
<entry index="18" macro="dockarea_arg_m_station_02_hightech_macro" connection="connectionsnap004">
<predecessor index="15" connection="connectionsnap003"/>
<offset>
<position x="-399.668" z="-2471.814"/>
<rotation yaw="89.99999"/>
</offset>
</entry>
<entry index="19" macro="dockarea_arg_m_station_02_hightech_macro" connection="connectionsnap003">
<predecessor index="17" connection="connectionsnap004"/>
<offset>
<position x="1600.332" z="-2471.815"/>
<rotation yaw="90.00008"/>
</offset>
</entry>
<entry index="20" macro="dockarea_arg_m_station_02_hightech_macro" connection="connectionsnap004">
<predecessor index="18" connection="connectionsnap003"/>
<offset>
<position x="-799.668" z="-2471.814"/>
<rotation yaw="89.99997"/>
</offset>
</entry>
<entry index="21" macro="struct_arg_base_03_macro" connection="connectionsnap001">
<predecessor index="1" connection="connectionsnap004"/>
<offset>
<position x="-1399.667" z="-71.814"/>
<rotation yaw="89.99999"/>
</offset>
</entry>
<entry index="22" macro="struct_arg_base_03_macro" connection="connectionsnap002">
<predecessor index="1" connection="connectionsnap003"/>
<offset>
<position x="2200.333" z="-71.814"/>
<rotation yaw="89.99999"/>
</offset>
</entry>
<entry index="23" macro="defence_arg_disc_01_macro" connection="connectionsnap003">
<predecessor index="20" connection="connectionsnap003"/>
<offset>
<position x="-1199.668" z="-2471.814"/>
</offset>
</entry>
<entry index="24" macro="defence_arg_disc_01_macro" connection="connectionsnap004">
<predecessor index="19" connection="connectionsnap004"/>
<offset>
<position x="2000.332" z="-2471.816"/>
</offset>
</entry>
<entry index="25" macro="pier_arg_harbor_03_macro" connection="connectionsnap001">
<predecessor index="21" connection="connectionsnap002"/>
<offset>
<position x="-2399.667" z="-71.814"/>
</offset>
</entry>
<entry index="26" macro="pier_arg_harbor_03_macro" connection="connectionsnap001">
<predecessor index="22" connection="connectionsnap001"/>
<offset>
<position x="3200.333" z="-71.814"/>
<rotation yaw="179.99998"/>
</offset>
</entry>
</plan>
<!-- ARG Shipyard -->
<plan id="daarg_shipyard" name="{20102,1131}">
<entry index="1" macro="defence_arg_claim_01_macro">
<offset>
<position x="400.333" z="-71.814"/>
</offset>
</entry>
<entry index="2" macro="defence_arg_tube_01_macro" connection="connectionsnap001">
<predecessor index="1" connection="connectionsnap002"/>
<offset>
<position x="400.333" z="1128.186"/>
</offset>
</entry>
<entry index="3" macro="struct_arg_cross_01_macro" connection="connectionsnap002">
<predecessor index="2" connection="connectionsnap002"/>
<offset>
<position x="400.333" z="1528.186"/>
</offset>
</entry>
<entry index="4" macro="storage_arg_l_container_01_macro" connection="connectionsnap001">
<predecessor index="3" connection="connectionsnap001"/>
<offset>
<position x="400.332" y="2.772" z="2528.186"/>
<rotation yaw="179.99997"/>
</offset>
</entry>
<entry index="5" macro="storage_arg_l_container_01_macro" connection="connectionsnap001">
<predecessor index="3" connection="connectionsnap004"/>
<offset>
<position x="1400.333" y="2.772" z="1528.186"/>
<rotation yaw="-90.00001"/>
</offset>
</entry>
<entry index="6" macro="storage_arg_l_container_01_macro" connection="connectionsnap001">
<predecessor index="3" connection="connectionsnap003"/>
<offset>
<position x="-599.667" y="2.772" z="1528.185"/>
<rotation yaw="89.99997"/>
</offset>
</entry>
<entry index="7" macro="defence_arg_disc_01_macro" connection="connectionsnap003">
<predecessor index="6" connection="connectionsnap004"/>
<offset>
<position x="-1599.667" z="1528.185"/>
</offset>
</entry>
<entry index="8" macro="defence_arg_disc_01_macro" connection="connectionsnap001">
<predecessor index="4" connection="connectionsnap004"/>
<offset>
<position x="400.332" z="3528.186"/>
</offset>
</entry>
<entry index="9" macro="defence_arg_disc_01_macro" connection="connectionsnap004">
<predecessor index="5" connection="connectionsnap004"/>
<offset>
<position x="2400.333" z="1528.186"/>
</offset>
</entry>
<entry index="10" macro="struct_arg_cross_01_macro" connection="connectionsnap001">
<predecessor index="1" connection="connectionsnap001"/>
<offset>
<position x="400.333" z="-1271.814"/>
</offset>
</entry>
<entry index="11" macro="defence_arg_tube_01_macro" connection="connectionsnap001">
<predecessor index="10" connection="connectionsnap003"/>
<offset>
<position x="0.3326" z="-1271.814"/>
<rotation yaw="-90.00001"/>
</offset>
</entry>
<entry index="12" macro="defence_arg_tube_01_macro" connection="connectionsnap002">
<predecessor index="10" connection="connectionsnap004"/>
<offset>
<position x="800.333" z="-1271.814"/>
<rotation yaw="-89.99998"/>
</offset>
</entry>
<entry index="13" macro="struct_arg_base_02_macro" connection="connectionsnap001">
<predecessor index="10" connection="connectionsnap002"/>
<offset>
<position x="400.332" z="-1871.814"/>
</offset>
</entry>
<entry index="14" macro="dockarea_arg_m_station_02_hightech_macro" connection="connectionsnap001">
<predecessor index="13" connection="connectionsnap002"/>
<offset>
<position x="400.332" z="-2471.814"/>
<rotation yaw="90.00002"/>
</offset>
</entry>
<entry index="15" macro="dockarea_arg_m_station_02_hightech_macro" connection="connectionsnap004">
<predecessor index="14" connection="connectionsnap003"/>
<offset>
<position x="0.3322" z="-2471.814"/>
<rotation yaw="90.00001"/>
</offset>
</entry>
<entry index="16" macro="dockarea_arg_m_station_02_hightech_macro" connection="connectionsnap003">
<predecessor index="14" connection="connectionsnap004"/>
<offset>
<position x="800.332" z="-2471.814"/>
<rotation yaw="90.00005"/>
</offset>
</entry>
<entry index="17" macro="dockarea_arg_m_station_02_hightech_macro" connection="connectionsnap003">
<predecessor index="16" connection="connectionsnap004"/>
<offset>
<position x="1200.332" z="-2471.815"/>
<rotation yaw="90.00007"/>
</offset>
</entry>
<entry index="18" macro="dockarea_arg_m_station_02_hightech_macro" connection="connectionsnap004">
<predecessor index="15" connection="connectionsnap003"/>
<offset>
<position x="-399.668" z="-2471.814"/>
<rotation yaw="89.99999"/>
</offset>
</entry>
<entry index="19" macro="dockarea_arg_m_station_02_hightech_macro" connection="connectionsnap003">
<predecessor index="17" connection="connectionsnap004"/>
<offset>
<position x="1600.332" z="-2471.815"/>
<rotation yaw="90.00008"/>
</offset>
</entry>
<entry index="20" macro="dockarea_arg_m_station_02_hightech_macro" connection="connectionsnap004">
<predecessor index="18" connection="connectionsnap003"/>
<offset>
<position x="-799.668" z="-2471.814"/>
<rotation yaw="89.99997"/>
</offset>
</entry>
<entry index="21" macro="struct_arg_base_03_macro" connection="connectionsnap001">
<predecessor index="1" connection="connectionsnap004"/>
<offset>
<position x="-1399.667" z="-71.814"/>
<rotation yaw="89.99999"/>
</offset>
</entry>
<entry index="22" macro="struct_arg_base_03_macro" connection="connectionsnap002">
<predecessor index="1" connection="connectionsnap003"/>
<offset>
<position x="2200.333" z="-71.814"/>
<rotation yaw="89.99999"/>
</offset>
</entry>
<entry index="23" macro="defence_arg_disc_01_macro" connection="connectionsnap003">
<predecessor index="20" connection="connectionsnap003"/>
<offset>
<position x="-1199.668" z="-2471.814"/>
</offset>
</entry>
<entry index="24" macro="defence_arg_disc_01_macro" connection="connectionsnap004">
<predecessor index="19" connection="connectionsnap004"/>
<offset>
<position x="2000.332" z="-2471.816"/>
</offset>
</entry>
<entry index="25" macro="pier_arg_harbor_03_macro" connection="connectionsnap001">
<predecessor index="21" connection="connectionsnap002"/>
<offset>
<position x="-2399.667" z="-71.814"/>
</offset>
</entry>
<entry index="26" macro="pier_arg_harbor_03_macro" connection="connectionsnap001">
<predecessor index="22" connection="connectionsnap001"/>
<offset>
<position x="3200.333" z="-71.814"/>
<rotation yaw="179.99998"/>
</offset>
</entry>
<entry index="27" macro="struct_arg_vertical_02_macro" connection="connectionsnap002">
<predecessor index="10" connection="connectionsnap006"/>
<offset>
<position x="400.333" y="600" z="-1271.814"/>
</offset>
</entry>
<entry index="28" macro="struct_arg_vertical_02_macro" connection="connectionsnap002">
<predecessor index="27" connection="connectionsnap001"/>
<offset>
<position x="400.333" y="1400" z="-1271.814"/>
</offset>
</entry>
<entry index="29" macro="struct_arg_vertical_02_macro" connection="connectionsnap002">
<predecessor index="28" connection="connectionsnap001"/>
<offset>
<position x="400.333" y="2200" z="-1271.814"/>
</offset>
</entry>
<entry index="30" macro="struct_arg_cross_01_macro" connection="connectionsnap005">
<predecessor index="29" connection="connectionsnap001"/>
<offset>
<position x="400.333" y="2800" z="-1271.814"/>
</offset>
</entry>
<entry index="31" macro="buildmodule_gen_ships_l_macro" connection="connectionsnap001">
<predecessor index="30" connection="connectionsnap003"/>
<offset>
<position x="-599.667" y="2800" z="-1271.814"/>
</offset>
</entry>
<entry index="32" macro="buildmodule_gen_ships_l_macro" connection="connectionsnap001">
<predecessor index="30" connection="connectionsnap004"/>
<offset>
<position x="1400.333" y="2800" z="-1271.815"/>
<rotation yaw="-179.99995"/>
</offset>
</entry>
<entry index="33" macro="struct_arg_base_01_macro" connection="connectionsnap002">
<predecessor index="11" connection="connectionsnap002"/>
<offset>
<position x="-399.667" z="-1271.814"/>
<rotation yaw="-90.00001"/>
</offset>
</entry>
<entry index="34" macro="struct_arg_base_01_macro" connection="connectionsnap001">
<predecessor index="12" connection="connectionsnap001"/>
<offset>
<position x="1200.333" z="-1271.814"/>
<rotation yaw="-89.99997"/>
</offset>
</entry>
<entry index="35" macro="struct_arg_cross_01_macro" connection="connectionsnap003">
<predecessor index="34" connection="connectionsnap002"/>
<offset>
<position x="1600.333" z="-1271.815"/>
</offset>
</entry>
<entry index="36" macro="struct_arg_vertical_02_macro" connection="connectionsnap001">
<predecessor index="35" connection="connectionsnap005"/>
<offset>
<position x="1600.333" y="-600" z="-1271.815"/>
</offset>
</entry>
<entry index="37" macro="struct_arg_cross_01_macro" connection="connectionsnap006">
<predecessor index="36" connection="connectionsnap002"/>
<offset>
<position x="1600.333" y="-1200" z="-1271.815"/>
</offset>
</entry>
<entry index="38" macro="defence_arg_tube_01_macro" connection="connectionsnap001">
<predecessor index="37" connection="connectionsnap004"/>
<offset>
<position x="2000.333" y="-1200" z="-1271.815"/>
<rotation yaw="89.99999"/>
</offset>
</entry>
<entry index="39" macro="struct_arg_cross_01_macro" connection="connectionsnap003">
<predecessor index="38" connection="connectionsnap002"/>
<offset>
<position x="2400.333" y="-1200" z="-1271.815"/>
</offset>
</entry>
<entry index="40" macro="struct_arg_vertical_02_macro" connection="connectionsnap001">
<predecessor index="39" connection="connectionsnap005"/>
<offset>
<position x="2400.333" y="-1800" z="-1271.815"/>
</offset>
</entry>
<entry index="41" macro="struct_arg_vertical_02_macro" connection="connectionsnap001">
<predecessor index="40" connection="connectionsnap002"/>
<offset>
<position x="2400.333" y="-2600" z="-1271.815"/>
</offset>
</entry>
<entry index="42" macro="struct_arg_cross_01_macro" connection="connectionsnap006">
<predecessor index="41" connection="connectionsnap002"/>
<offset>
<position x="2400.333" y="-3200" z="-1271.815"/>
</offset>
</entry>
<entry index="43" macro="struct_arg_cross_01_macro" connection="connectionsnap004">
<predecessor index="33" connection="connectionsnap001"/>
<offset>
<position x="-799.667" z="-1271.814"/>
</offset>
</entry>
<entry index="44" macro="struct_arg_vertical_02_macro" connection="connectionsnap001">
<predecessor index="43" connection="connectionsnap005"/>
<offset>
<position x="-799.667" y="-600" z="-1271.814"/>
</offset>
</entry>
<entry index="45" macro="struct_arg_cross_01_macro" connection="connectionsnap006">
<predecessor index="44" connection="connectionsnap002"/>
<offset>
<position x="-799.667" y="-1200" z="-1271.814"/>
</offset>
</entry>
<entry index="46" macro="defence_arg_tube_01_macro" connection="connectionsnap002">
<predecessor index="45" connection="connectionsnap003"/>
<offset>
<position x="-1199.667" y="-1200" z="-1271.814"/>
<rotation yaw="89.99999"/>
</offset>
</entry>
<entry index="47" macro="struct_arg_cross_01_macro" connection="connectionsnap004">
<predecessor index="46" connection="connectionsnap001"/>
<offset>
<position x="-1599.667" y="-1200" z="-1271.814"/>
</offset>
</entry>
<entry index="48" macro="struct_arg_vertical_02_macro" connection="connectionsnap001">
<predecessor index="47" connection="connectionsnap005"/>
<offset>
<position x="-1599.667" y="-1800" z="-1271.814"/>
</offset>
</entry>
<entry index="49" macro="struct_arg_vertical_02_macro" connection="connectionsnap001">
<predecessor index="48" connection="connectionsnap002"/>
<offset>
<position x="-1599.667" y="-2600" z="-1271.814"/>
</offset>
</entry>
<entry index="50" macro="struct_arg_cross_01_macro" connection="connectionsnap006">
<predecessor index="49" connection="connectionsnap002"/>
<offset>
<position x="-1599.667" y="-3200" z="-1271.814"/>
</offset>
</entry>
<entry index="51" macro="buildmodule_gen_ships_xl_macro" connection="connectionsnap001">
<predecessor index="42" connection="connectionsnap003"/>
<offset>
<position x="400.332" y="-3200" z="-1271.815"/>
</offset>
</entry>
<entry index="52" macro="hab_arg_l_01_macro" connection="connectionsnap001">
<predecessor index="26" connection="connectionsnap003"/>
<offset>
<position x="3200.333" y="1000" z="-71.814"/>
</offset>
</entry>
<entry index="53" macro="hab_arg_l_01_macro" connection="connectionsnap001">
<predecessor index="25" connection="connectionsnap003"/>
<offset>
<position x="-2399.667" y="1000" z="-71.814"/>
</offset>
</entry>
</plan>
<!-- ARG Wharf -->
<plan id="daarg_wharf" name="{20102,1141}">
<entry index="1" macro="defence_arg_claim_01_macro">
<offset>
<position x="400.333" z="-71.814"/>
</offset>
</entry>
<entry index="2" macro="defence_arg_tube_01_macro" connection="connectionsnap001">
<predecessor index="1" connection="connectionsnap002"/>
<offset>
<position x="400.333" z="1128.186"/>
</offset>
</entry>
<entry index="3" macro="struct_arg_cross_01_macro" connection="connectionsnap002">
<predecessor index="2" connection="connectionsnap002"/>
<offset>
<position x="400.333" z="1528.186"/>
</offset>
</entry>
<entry index="4" macro="storage_arg_l_container_01_macro" connection="connectionsnap001">
<predecessor index="3" connection="connectionsnap001"/>
<offset>
<position x="400.332" y="2.772" z="2528.186"/>
<rotation yaw="179.99997"/>
</offset>
</entry>
<entry index="5" macro="storage_arg_l_container_01_macro" connection="connectionsnap001">
<predecessor index="3" connection="connectionsnap004"/>
<offset>
<position x="1400.333" y="2.772" z="1528.186"/>
<rotation yaw="-90.00001"/>
</offset>
</entry>
<entry index="6" macro="storage_arg_l_container_01_macro" connection="connectionsnap001">
<predecessor index="3" connection="connectionsnap003"/>
<offset>
<position x="-599.667" y="2.772" z="1528.185"/>
<rotation yaw="89.99997"/>
</offset>
</entry>
<entry index="7" macro="defence_arg_disc_01_macro" connection="connectionsnap003">
<predecessor index="6" connection="connectionsnap004"/>
<offset>
<position x="-1599.667" z="1528.185"/>
</offset>
</entry>
<entry index="8" macro="defence_arg_disc_01_macro" connection="connectionsnap001">
<predecessor index="4" connection="connectionsnap004"/>
<offset>
<position x="400.332" z="3528.186"/>
</offset>
</entry>
<entry index="9" macro="defence_arg_disc_01_macro" connection="connectionsnap004">
<predecessor index="5" connection="connectionsnap004"/>
<offset>
<position x="2400.333" z="1528.186"/>
</offset>
</entry>
<entry index="10" macro="struct_arg_cross_01_macro" connection="connectionsnap001">
<predecessor index="1" connection="connectionsnap001"/>
<offset>
<position x="400.333" z="-1271.814"/>
</offset>
</entry>
<entry index="11" macro="defence_arg_tube_01_macro" connection="connectionsnap001">
<predecessor index="10" connection="connectionsnap003"/>
<offset>
<position x="0.3326" z="-1271.814"/>
<rotation yaw="-90.00001"/>
</offset>
</entry>
<entry index="12" macro="defence_arg_tube_01_macro" connection="connectionsnap002">
<predecessor index="10" connection="connectionsnap004"/>
<offset>
<position x="800.333" z="-1271.814"/>
<rotation yaw="-89.99998"/>
</offset>
</entry>
<entry index="13" macro="struct_arg_base_02_macro" connection="connectionsnap001">
<predecessor index="10" connection="connectionsnap002"/>
<offset>
<position x="400.332" z="-1871.814"/>
</offset>
</entry>
<entry index="14" macro="dockarea_arg_m_station_02_hightech_macro" connection="connectionsnap001">
<predecessor index="13" connection="connectionsnap002"/>
<offset>
<position x="400.332" z="-2471.814"/>
<rotation yaw="90.00002"/>
</offset>
</entry>
<entry index="15" macro="dockarea_arg_m_station_02_hightech_macro" connection="connectionsnap004">
<predecessor index="14" connection="connectionsnap003"/>
<offset>
<position x="0.3322" z="-2471.814"/>
<rotation yaw="90.00001"/>
</offset>
</entry>
<entry index="16" macro="dockarea_arg_m_station_02_hightech_macro" connection="connectionsnap003">
<predecessor index="14" connection="connectionsnap004"/>
<offset>
<position x="800.332" z="-2471.814"/>
<rotation yaw="90.00005"/>
</offset>
</entry>
<entry index="17" macro="dockarea_arg_m_station_02_hightech_macro" connection="connectionsnap003">
<predecessor index="16" connection="connectionsnap004"/>
<offset>
<position x="1200.332" z="-2471.815"/>
<rotation yaw="90.00007"/>
</offset>
</entry>
<entry index="18" macro="dockarea_arg_m_station_02_hightech_macro" connection="connectionsnap004">
<predecessor index="15" connection="connectionsnap003"/>
<offset>
<position x="-399.668" z="-2471.814"/>
<rotation yaw="89.99999"/>
</offset>
</entry>
<entry index="19" macro="dockarea_arg_m_station_02_hightech_macro" connection="connectionsnap003">
<predecessor index="17" connection="connectionsnap004"/>
<offset>
<position x="1600.332" z="-2471.815"/>
<rotation yaw="90.00008"/>
</offset>
</entry>
<entry index="20" macro="dockarea_arg_m_station_02_hightech_macro" connection="connectionsnap004">
<predecessor index="18" connection="connectionsnap003"/>
<offset>
<position x="-799.668" z="-2471.814"/>
<rotation yaw="89.99997"/>
</offset>
</entry>
<entry index="21" macro="struct_arg_base_03_macro" connection="connectionsnap001">
<predecessor index="1" connection="connectionsnap004"/>
<offset>
<position x="-1399.667" z="-71.814"/>
<rotation yaw="89.99999"/>
</offset>
</entry>
<entry index="22" macro="struct_arg_base_03_macro" connection="connectionsnap002">
<predecessor index="1" connection="connectionsnap003"/>
<offset>
<position x="2200.333" z="-71.814"/>
<rotation yaw="89.99999"/>
</offset>
</entry>
<entry index="23" macro="defence_arg_disc_01_macro" connection="connectionsnap003">
<predecessor index="20" connection="connectionsnap003"/>
<offset>
<position x="-1199.668" z="-2471.814"/>
</offset>
</entry>
<entry index="24" macro="defence_arg_disc_01_macro" connection="connectionsnap004">
<predecessor index="19" connection="connectionsnap004"/>
<offset>
<position x="2000.332" z="-2471.816"/>
</offset>
</entry>
<entry index="25" macro="pier_arg_harbor_03_macro" connection="connectionsnap001">
<predecessor index="21" connection="connectionsnap002"/>
<offset>
<position x="-2399.667" z="-71.814"/>
</offset>
</entry>
<entry index="26" macro="pier_arg_harbor_03_macro" connection="connectionsnap001">
<predecessor index="22" connection="connectionsnap001"/>
<offset>
<position x="3200.333" z="-71.814"/>
<rotation yaw="179.99998"/>
</offset>
</entry>
<entry index="27" macro="struct_arg_vertical_02_macro" connection="connectionsnap002">
<predecessor index="10" connection="connectionsnap006"/>
<offset>
<position x="400.333" y="600" z="-1271.814"/>
</offset>
</entry>
<entry index="28" macro="struct_arg_vertical_02_macro" connection="connectionsnap002">
<predecessor index="27" connection="connectionsnap001"/>
<offset>
<position x="400.333" y="1400" z="-1271.814"/>
</offset>
</entry>
<entry index="29" macro="struct_arg_vertical_02_macro" connection="connectionsnap002">
<predecessor index="28" connection="connectionsnap001"/>
<offset>
<position x="400.333" y="2200" z="-1271.814"/>
</offset>
</entry>
<entry index="30" macro="struct_arg_cross_01_macro" connection="connectionsnap005">
<predecessor index="29" connection="connectionsnap001"/>
<offset>
<position x="400.333" y="2800" z="-1271.814"/>
</offset>
</entry>
<entry index="31" macro="buildmodule_gen_ships_m_dockarea_01_macro" connection="connectionsnap003">
<predecessor index="30" connection="connectionsnap003"/>
<offset>
<position x="-199.667" y="2800" z="-1271.814"/>
<rotation yaw="-89.99998"/>
</offset>
</entry>
<entry index="32" macro="buildmodule_gen_ships_m_dockarea_01_macro" connection="connectionsnap003">
<predecessor index="30" connection="connectionsnap004"/>
<offset>
<position x="1000.333" y="2800" z="-1271.814"/>
<rotation yaw="90.00002"/>
</offset>
</entry>
<entry index="33" macro="hab_arg_l_01_macro" connection="connectionsnap001">
<predecessor index="25" connection="connectionsnap003"/>
<offset>
<position x="-2399.667" y="1000" z="-71.814"/>
</offset>
</entry>
<entry index="34" macro="hab_arg_l_01_macro" connection="connectionsnap001">
<predecessor index="26" connection="connectionsnap003"/>
<offset>
<position x="3200.333" y="1000" z="-71.814"/>
</offset>
</entry>
</plan>
<!-- PAR Tradestation -->
<plan id="dapar_tradestation" name="{20102,1211}">
<entry index="1" macro="defence_par_claim_01_macro">
<offset>
<position x="-196.13" z="-41.059"/>
</offset>
</entry>
<entry index="2" macro="defence_par_tube_01_macro" connection="connectionsnap001">
<predecessor index="1" connection="connectionsnap002"/>
<offset>
<position x="-196.13" z="758.941"/>
</offset>
</entry>
<entry index="3" macro="struct_par_base_02_macro" connection="connectionsnap002">
<predecessor index="2" connection="connectionsnap002"/>
<offset>
<position x="-196.13" z="1358.941"/>
</offset>
</entry>
<entry index="4" macro="struct_par_cross_01_macro" connection="connectionsnap002">
<predecessor index="3" connection="connectionsnap001"/>
<offset>
<position x="-196.13" z="1958.941"/>
</offset>
</entry>
<entry index="5" macro="struct_par_base_02_macro" connection="connectionsnap001">
<predecessor index="4" connection="connectionsnap006"/>
<offset>
<position x="403.87" z="1958.941"/>
<rotation yaw="-90"/>
</offset>
</entry>
<entry index="6" macro="struct_par_cross_01_macro" connection="connectionsnap005">
<predecessor index="5" connection="connectionsnap002"/>
<offset>
<position x="1003.87" y="-0.00013" z="1958.941"/>
</offset>
</entry>
<entry index="7" macro="struct_par_base_02_macro" connection="connectionsnap002">
<predecessor index="4" connection="connectionsnap005"/>
<offset>
<position x="-796.13" z="1958.941"/>
<rotation yaw="-90.00001"/>
</offset>
</entry>
<entry index="8" macro="struct_par_cross_01_macro" connection="connectionsnap006">
<predecessor index="7" connection="connectionsnap001"/>
<offset>
<position x="-1396.13" z="1958.941"/>
</offset>
</entry>
<entry index="9" macro="storage_par_l_container_01_macro" connection="connectionsnap001">
<predecessor index="8" connection="connectionsnap004"/>
<offset>
<position x="-1396.13" y="-800" z="1958.941"/>
</offset>
</entry>
<entry index="10" macro="storage_par_l_container_01_macro" connection="connectionsnap001">
<predecessor index="4" connection="connectionsnap004"/>
<offset>
<position x="-196.13" y="-800" z="1958.941"/>
</offset>
</entry>
<entry index="11" macro="storage_par_l_container_01_macro" connection="connectionsnap001">
<predecessor index="6" connection="connectionsnap004"/>
<offset>
<position x="1003.87" y="-800" z="1958.941"/>
</offset>
</entry>
<entry index="12" macro="defence_par_disc_01_macro" connection="connectionsnap003">
<predecessor index="8" connection="connectionsnap005"/>
<offset>
<position x="-1796.13" y="0.0002173" z="1958.941"/>
</offset>
</entry>
<entry index="13" macro="defence_par_disc_01_macro" connection="connectionsnap001">
<predecessor index="4" connection="connectionsnap001"/>
<offset>
<position x="-196.13" z="2358.941"/>
</offset>
</entry>
<entry index="14" macro="defence_par_disc_01_macro" connection="connectionsnap004">
<predecessor index="6" connection="connectionsnap006"/>
<offset>
<position x="1403.87" z="1958.941"/>
</offset>
</entry>
<entry index="15" macro="struct_par_cross_01_macro" connection="connectionsnap001">
<predecessor index="1" connection="connectionsnap001"/>
<offset>
<position x="-196.13" z="-841.059"/>
</offset>
</entry>
<entry index="16" macro="defence_par_tube_01_macro" connection="connectionsnap001">
<predecessor index="15" connection="connectionsnap005"/>
<offset>
<position x="-596.13" z="-841.059"/>
<rotation yaw="-90.00001"/>
</offset>
</entry>
<entry index="17" macro="defence_par_tube_01_macro" connection="connectionsnap002">
<predecessor index="15" connection="connectionsnap006"/>
<offset>
<position x="203.87" z="-841.059"/>
<rotation yaw="-89.99998"/>
</offset>
</entry>
<entry index="18" macro="struct_par_base_03_macro" connection="connectionsnap001">
<predecessor index="15" connection="connectionsnap002"/>
<offset>
<position x="-196.13" z="-1841.059"/>
</offset>
</entry>
<entry index="19" macro="dockarea_arg_m_station_02_hightech_macro" connection="connectionsnap001">
<predecessor index="18" connection="connectionsnap002"/>
<offset>
<position x="-196.131" z="-2841.059"/>
<rotation yaw="90.00001"/>
</offset>
</entry>
<entry index="20" macro="dockarea_arg_m_station_02_hightech_macro" connection="connectionsnap003">
<predecessor index="19" connection="connectionsnap004"/>
<offset>
<position x="203.869" z="-2841.059"/>
<rotation yaw="90.00003"/>
</offset>
</entry>
<entry index="21" macro="dockarea_arg_m_station_02_hightech_macro" connection="connectionsnap004">
<predecessor index="19" connection="connectionsnap003"/>
<offset>
<position x="-596.131" z="-2841.059"/>
<rotation yaw="89.99999"/>
</offset>
</entry>
<entry index="22" macro="dockarea_arg_m_station_02_hightech_macro" connection="connectionsnap004">
<predecessor index="21" connection="connectionsnap003"/>
<offset>
<position x="-996.131" z="-2841.059"/>
<rotation yaw="89.99997"/>
</offset>
</entry>
<entry index="23" macro="dockarea_arg_m_station_02_hightech_macro" connection="connectionsnap003">
<predecessor index="20" connection="connectionsnap004"/>
<offset>
<position x="603.869" z="-2841.059"/>
<rotation yaw="90.00005"/>
</offset>
</entry>
<entry index="24" macro="dockarea_arg_m_station_02_hightech_macro" connection="connectionsnap004">
<predecessor index="22" connection="connectionsnap003"/>
<offset>
<position x="-1396.131" z="-2841.059"/>
<rotation yaw="89.99995"/>
</offset>
</entry>
<entry index="25" macro="dockarea_arg_m_station_02_hightech_macro" connection="connectionsnap003">
<predecessor index="23" connection="connectionsnap004"/>
<offset>
<position x="1003.869" z="-2841.06"/>
<rotation yaw="90.00007"/>
</offset>
</entry>
<entry index="26" macro="defence_par_disc_01_macro" connection="connectionsnap003">
<predecessor index="24" connection="connectionsnap003"/>
<offset>
<position x="-1796.131" z="-2841.06"/>
</offset>
</entry>
<entry index="27" macro="defence_par_disc_01_macro" connection="connectionsnap004">
<predecessor index="25" connection="connectionsnap004"/>
<offset>
<position x="1403.869" z="-2841.06"/>
</offset>
</entry>
<entry index="28" macro="struct_par_base_03_macro" connection="connectionsnap002">
<predecessor index="1" connection="connectionsnap004"/>
<offset>
<position x="-1596.13" z="-41.059"/>
<rotation yaw="-89.99999"/>
</offset>
</entry>
<entry index="29" macro="struct_par_base_03_macro" connection="connectionsnap001">
<predecessor index="1" connection="connectionsnap003"/>
<offset>
<position x="1203.87" z="-41.059"/>
<rotation yaw="-89.99999"/>
</offset>
</entry>
<entry index="30" macro="pier_par_harbor_03_macro" connection="connectionsnap001">
<predecessor index="28" connection="connectionsnap001"/>
<offset>
<position x="-2596.13" z="-41.059"/>
</offset>
</entry>
<entry index="31" macro="pier_par_harbor_03_macro" connection="connectionsnap001">
<predecessor index="29" connection="connectionsnap002"/>
<offset>
<position x="2203.87" z="-41.059"/>
<rotation yaw="179.99998"/>
</offset>
</entry>
</plan>
<!-- PAR Shipyard -->
<plan id="dapar_shipyard" name="{20102,1231}">
<entry index="1" macro="defence_par_claim_01_macro">
<offset>
<position x="-196.13" z="-41.059"/>
</offset>
</entry>
<entry index="2" macro="defence_par_tube_01_macro" connection="connectionsnap001">
<predecessor index="1" connection="connectionsnap002"/>
<offset>
<position x="-196.13" z="758.941"/>
</offset>
</entry>
<entry index="3" macro="struct_par_base_02_macro" connection="connectionsnap002">
<predecessor index="2" connection="connectionsnap002"/>
<offset>
<position x="-196.13" z="1358.941"/>
</offset>
</entry>
<entry index="4" macro="struct_par_cross_01_macro" connection="connectionsnap002">
<predecessor index="3" connection="connectionsnap001"/>
<offset>
<position x="-196.13" z="1958.941"/>
</offset>
</entry>
<entry index="5" macro="struct_par_base_02_macro" connection="connectionsnap001">
<predecessor index="4" connection="connectionsnap006"/>
<offset>
<position x="403.87" z="1958.941"/>
<rotation yaw="-90"/>
</offset>
</entry>
<entry index="6" macro="struct_par_cross_01_macro" connection="connectionsnap005">
<predecessor index="5" connection="connectionsnap002"/>
<offset>
<position x="1003.87" y="-0.00013" z="1958.941"/>
</offset>
</entry>
<entry index="7" macro="struct_par_base_02_macro" connection="connectionsnap002">
<predecessor index="4" connection="connectionsnap005"/>
<offset>
<position x="-796.13" z="1958.941"/>
<rotation yaw="-90.00001"/>
</offset>
</entry>
<entry index="8" macro="struct_par_cross_01_macro" connection="connectionsnap006">
<predecessor index="7" connection="connectionsnap001"/>
<offset>
<position x="-1396.13" z="1958.941"/>
</offset>
</entry>
<entry index="9" macro="storage_par_l_container_01_macro" connection="connectionsnap001">
<predecessor index="8" connection="connectionsnap004"/>
<offset>
<position x="-1396.13" y="-800" z="1958.941"/>
</offset>
</entry>
<entry index="10" macro="storage_par_l_container_01_macro" connection="connectionsnap001">
<predecessor index="4" connection="connectionsnap004"/>
<offset>
<position x="-196.13" y="-800" z="1958.941"/>
</offset>
</entry>
<entry index="11" macro="storage_par_l_container_01_macro" connection="connectionsnap001">
<predecessor index="6" connection="connectionsnap004"/>
<offset>
<position x="1003.87" y="-800" z="1958.941"/>
</offset>
</entry>
<entry index="12" macro="defence_par_disc_01_macro" connection="connectionsnap003">
<predecessor index="8" connection="connectionsnap005"/>
<offset>
<position x="-1796.13" y="0.0002173" z="1958.941"/>
</offset>
</entry>
<entry index="13" macro="defence_par_disc_01_macro" connection="connectionsnap001">
<predecessor index="4" connection="connectionsnap001"/>
<offset>
<position x="-196.13" z="2358.941"/>
</offset>
</entry>
<entry index="14" macro="defence_par_disc_01_macro" connection="connectionsnap004">
<predecessor index="6" connection="connectionsnap006"/>
<offset>
<position x="1403.87" z="1958.941"/>
</offset>
</entry>
<entry index="15" macro="struct_par_cross_01_macro" connection="connectionsnap001">
<predecessor index="1" connection="connectionsnap001"/>
<offset>
<position x="-196.13" z="-841.059"/>
</offset>
</entry>
<entry index="16" macro="defence_par_tube_01_macro" connection="connectionsnap001">
<predecessor index="15" connection="connectionsnap005"/>
<offset>
<position x="-596.13" z="-841.059"/>
<rotation yaw="-90.00001"/>
</offset>
</entry>
<entry index="17" macro="defence_par_tube_01_macro" connection="connectionsnap002">
<predecessor index="15" connection="connectionsnap006"/>
<offset>
<position x="203.87" z="-841.059"/>
<rotation yaw="-89.99998"/>
</offset>
</entry>
<entry index="18" macro="struct_par_base_03_macro" connection="connectionsnap001">
<predecessor index="15" connection="connectionsnap002"/>
<offset>
<position x="-196.13" z="-1841.059"/>
</offset>
</entry>
<entry index="19" macro="dockarea_arg_m_station_02_hightech_macro" connection="connectionsnap001">
<predecessor index="18" connection="connectionsnap002"/>
<offset>
<position x="-196.131" z="-2841.059"/>
<rotation yaw="90.00001"/>
</offset>
</entry>
<entry index="20" macro="dockarea_arg_m_station_02_hightech_macro" connection="connectionsnap003">
<predecessor index="19" connection="connectionsnap004"/>
<offset>
<position x="203.869" z="-2841.059"/>
<rotation yaw="90.00003"/>
</offset>
</entry>
<entry index="21" macro="dockarea_arg_m_station_02_hightech_macro" connection="connectionsnap004">
<predecessor index="19" connection="connectionsnap003"/>
<offset>
<position x="-596.131" z="-2841.059"/>
<rotation yaw="89.99999"/>
</offset>
</entry>
<entry index="22" macro="dockarea_arg_m_station_02_hightech_macro" connection="connectionsnap004">
<predecessor index="21" connection="connectionsnap003"/>
<offset>
<position x="-996.131" z="-2841.059"/>
<rotation yaw="89.99997"/>
</offset>
</entry>
<entry index="23" macro="dockarea_arg_m_station_02_hightech_macro" connection="connectionsnap003">
<predecessor index="20" connection="connectionsnap004"/>
<offset>
<position x="603.869" z="-2841.059"/>
<rotation yaw="90.00005"/>
</offset>
</entry>
<entry index="24" macro="dockarea_arg_m_station_02_hightech_macro" connection="connectionsnap004">
<predecessor index="22" connection="connectionsnap003"/>
<offset>
<position x="-1396.131" z="-2841.059"/>
<rotation yaw="89.99995"/>
</offset>
</entry>
<entry index="25" macro="dockarea_arg_m_station_02_hightech_macro" connection="connectionsnap003">
<predecessor index="23" connection="connectionsnap004"/>
<offset>
<position x="1003.869" z="-2841.06"/>
<rotation yaw="90.00007"/>
</offset>
</entry>
<entry index="26" macro="defence_par_disc_01_macro" connection="connectionsnap003">
<predecessor index="24" connection="connectionsnap003"/>
<offset>
<position x="-1796.131" z="-2841.06"/>
</offset>
</entry>
<entry index="27" macro="defence_par_disc_01_macro" connection="connectionsnap004">
<predecessor index="25" connection="connectionsnap004"/>
<offset>
<position x="1403.869" z="-2841.06"/>
</offset>
</entry>
<entry index="28" macro="struct_par_base_03_macro" connection="connectionsnap002">
<predecessor index="1" connection="connectionsnap004"/>
<offset>
<position x="-1596.13" z="-41.059"/>
<rotation yaw="-89.99999"/>
</offset>
</entry>
<entry index="29" macro="struct_par_base_03_macro" connection="connectionsnap001">
<predecessor index="1" connection="connectionsnap003"/>
<offset>
<position x="1203.87" z="-41.059"/>
<rotation yaw="-89.99999"/>
</offset>
</entry>
<entry index="30" macro="pier_par_harbor_03_macro" connection="connectionsnap001">
<predecessor index="28" connection="connectionsnap001"/>
<offset>
<position x="-2596.13" z="-41.059"/>
</offset>
</entry>
<entry index="31" macro="pier_par_harbor_03_macro" connection="connectionsnap001">
<predecessor index="29" connection="connectionsnap002"/>
<offset>
<position x="2203.87" z="-41.059"/>
<rotation yaw="179.99998"/>
</offset>
</entry>
<entry index="32" macro="struct_par_vertical_02_macro" connection="connectionsnap002">
<predecessor index="15" connection="connectionsnap003"/>
<offset>
<position x="-196.13" y="600" z="-841.059"/>
</offset>
</entry>
<entry index="33" macro="struct_par_vertical_02_macro" connection="connectionsnap002">
<predecessor index="32" connection="connectionsnap001"/>
<offset>
<position x="-196.13" y="1400" z="-841.059"/>
</offset>
</entry>
<entry index="34" macro="struct_par_cross_02_macro" connection="connectionsnap006">
<predecessor index="33" connection="connectionsnap001"/>
<offset>
<position x="-196.13" y="2000" z="-841.059"/>
</offset>
</entry>
<entry index="35" macro="buildmodule_gen_ships_l_macro" connection="connectionsnap001">
<predecessor index="34" connection="connectionsnap001"/>
<offset>
<position x="-1396.13" y="2000" z="-841.058"/>
</offset>
</entry>
<entry index="36" macro="buildmodule_gen_ships_l_macro" connection="connectionsnap001">
<predecessor index="34" connection="connectionsnap002"/>
<offset>
<position x="1003.87" y="2000" z="-841.059"/>
<rotation yaw="-179.99995"/>
</offset>
</entry>
<entry index="37" macro="struct_par_base_01_macro" connection="connectionsnap001">
<predecessor index="16" connection="connectionsnap002"/>
<offset>
<position x="-996.13" y="0.0001012" z="-841.059"/>
<rotation yaw="89.99999"/>
</offset>
</entry>
<entry index="38" macro="struct_par_cross_02_macro" connection="connectionsnap002">
<predecessor index="37" connection="connectionsnap002"/>
<offset>
<position x="-1596.13" y="0.0001864" z="-841.059"/>
</offset>
</entry>
<entry index="39" macro="struct_par_vertical_02_macro" connection="connectionsnap001">
<predecessor index="38" connection="connectionsnap006"/>
<offset>
<position x="-1596.13" y="-600" z="-841.059"/>
</offset>
</entry>
<entry index="40" macro="struct_par_base_01_macro" connection="connectionsnap002">
<predecessor index="17" connection="connectionsnap001"/>
<offset>
<position x="603.87" z="-841.059"/>
<rotation yaw="90.00002"/>
</offset>
</entry>
<entry index="41" macro="struct_par_cross_02_macro" connection="connectionsnap001">
<predecessor index="40" connection="connectionsnap001"/>
<offset>
<position x="1203.87" y="-0.0002511" z="-841.059"/>
</offset>
</entry>
<entry index="42" macro="struct_par_vertical_02_macro" connection="connectionsnap001">
<predecessor index="41" connection="connectionsnap006"/>
<offset>
<position x="1203.87" y="-600" z="-841.059"/>
</offset>
</entry>
<entry index="43" macro="struct_par_cross_01_macro" connection="connectionsnap003">
<predecessor index="39" connection="connectionsnap002"/>
<offset>
<position x="-1596.13" y="-1200" z="-841.059"/>
</offset>
</entry>
<entry index="44" macro="defence_par_tube_01_macro" connection="connectionsnap001">
<predecessor index="43" connection="connectionsnap005"/>
<offset>
<position x="-1996.129" y="-1200" z="-841.059"/>
<rotation yaw="-90.00001"/>
</offset>
</entry>
<entry index="45" macro="struct_par_cross_01_macro" connection="connectionsnap006">
<predecessor index="44" connection="connectionsnap002"/>
<offset>
<position x="-2396.129" y="-1200" z="-841.059"/>
</offset>
</entry>
<entry index="46" macro="struct_par_vertical_02_macro" connection="connectionsnap001">
<predecessor index="45" connection="connectionsnap004"/>
<offset>
<position x="-2396.129" y="-1800" z="-841.059"/>
</offset>
</entry>
<entry index="47" macro="struct_par_cross_01_macro" connection="connectionsnap003">
<predecessor index="42" connection="connectionsnap002"/>
<offset>
<position x="1203.87" y="-1200" z="-841.059"/>
</offset>
</entry>
<entry index="48" macro="defence_par_tube_01_macro" connection="connectionsnap002">
<predecessor index="47" connection="connectionsnap006"/>
<offset>
<position x="1603.869" y="-1200" z="-841.059"/>
<rotation yaw="-89.99999"/>
</offset>
</entry>
<entry index="49" macro="struct_par_cross_01_macro" connection="connectionsnap005">
<predecessor index="48" connection="connectionsnap001"/>
<offset>
<position x="2003.868" y="-1200" z="-841.059"/>
</offset>
</entry>
<entry index="50" macro="struct_par_vertical_02_macro" connection="connectionsnap001">
<predecessor index="49" connection="connectionsnap004"/>
<offset>
<position x="2003.868" y="-1800" z="-841.059"/>
</offset>
</entry>
<entry index="51" macro="struct_par_vertical_02_macro" connection="connectionsnap001">
<predecessor index="46" connection="connectionsnap002"/>
<offset>
<position x="-2396.129" y="-2600" z="-841.06"/>
</offset>
</entry>
<entry index="52" macro="struct_par_vertical_02_macro" connection="connectionsnap001">
<predecessor index="50" connection="connectionsnap002"/>
<offset>
<position x="2003.868" y="-2600" z="-841.06"/>
</offset>
</entry>
<entry index="53" macro="struct_par_vertical_02_macro" connection="connectionsnap001">
<predecessor index="52" connection="connectionsnap002"/>
<offset>
<position x="2003.868" y="-3400" z="-841.059"/>
</offset>
</entry>
<entry index="54" macro="struct_par_vertical_02_macro" connection="connectionsnap001">
<predecessor index="51" connection="connectionsnap002"/>
<offset>
<position x="-2396.129" y="-3400" z="-841.059"/>
</offset>
</entry>
<entry index="55" macro="struct_par_cross_02_macro" connection="connectionsnap004">
<predecessor index="54" connection="connectionsnap002"/>
<offset>
<position x="-2396.129" y="-4000" z="-841.06"/>
</offset>
</entry>
<entry index="56" macro="buildmodule_gen_ships_xl_macro" connection="connectionsnap002">
<predecessor index="55" connection="connectionsnap002"/>
<offset>
<position x="-196.129" y="-3999.999" z="-841.059"/>
</offset>
</entry>
<entry index="57" macro="struct_par_cross_02_macro" connection="connectionsnap001">
<predecessor index="56" connection="connectionsnap001"/>
<offset>
<position x="2003.871" y="-3999.999" z="-841.058"/>
</offset>
</entry>
<entry index="58" macro="defence_par_disc_01_macro" connection="connectionsnap004">
<predecessor index="57" connection="connectionsnap002"/>
<offset>
<position x="2603.871" y="-3999.999" z="-841.057"/>
</offset>
</entry>
<entry index="59" macro="defence_par_disc_01_macro" connection="connectionsnap003">
<predecessor index="55" connection="connectionsnap001"/>
<offset>
<position x="-2996.129" y="-4000" z="-841.06"/>
</offset>
</entry>
<entry index="60" macro="hab_par_l_01_macro" connection="connectionsnap001">
<predecessor index="30" connection="connectionsnap003"/>
<offset>
<position x="-2596.13" y="200" z="-41.059"/>
</offset>
</entry>
<entry index="61" macro="hab_par_l_01_macro" connection="connectionsnap001">
<predecessor index="31" connection="connectionsnap003"/>
<offset>
<position x="2203.87" y="200" z="-41.059"/>
</offset>
</entry>
</plan>
<!-- PAR Wharf -->
<plan id="dapar_wharf" name="{20102,1241}">
<entry index="1" macro="defence_par_claim_01_macro">
<offset>
<position x="-196.13" z="-41.059"/>
</offset>
</entry>
<entry index="2" macro="defence_par_tube_01_macro" connection="connectionsnap001">
<predecessor index="1" connection="connectionsnap002"/>
<offset>
<position x="-196.13" z="758.941"/>
</offset>
</entry>
<entry index="3" macro="struct_par_base_02_macro" connection="connectionsnap002">
<predecessor index="2" connection="connectionsnap002"/>
<offset>
<position x="-196.13" z="1358.941"/>
</offset>
</entry>
<entry index="4" macro="struct_par_cross_01_macro" connection="connectionsnap002">
<predecessor index="3" connection="connectionsnap001"/>
<offset>
<position x="-196.13" z="1958.941"/>
</offset>
</entry>
<entry index="5" macro="struct_par_base_02_macro" connection="connectionsnap001">
<predecessor index="4" connection="connectionsnap006"/>
<offset>
<position x="403.87" z="1958.941"/>
<rotation yaw="-90"/>
</offset>
</entry>
<entry index="6" macro="struct_par_cross_01_macro" connection="connectionsnap005">
<predecessor index="5" connection="connectionsnap002"/>
<offset>
<position x="1003.87" y="-0.00013" z="1958.941"/>
</offset>
</entry>
<entry index="7" macro="struct_par_base_02_macro" connection="connectionsnap002">
<predecessor index="4" connection="connectionsnap005"/>
<offset>
<position x="-796.13" z="1958.941"/>
<rotation yaw="-90.00001"/>
</offset>
</entry>
<entry index="8" macro="struct_par_cross_01_macro" connection="connectionsnap006">
<predecessor index="7" connection="connectionsnap001"/>
<offset>
<position x="-1396.13" z="1958.941"/>
</offset>
</entry>
<entry index="9" macro="storage_par_l_container_01_macro" connection="connectionsnap001">
<predecessor index="8" connection="connectionsnap004"/>
<offset>
<position x="-1396.13" y="-800" z="1958.941"/>
</offset>
</entry>
<entry index="10" macro="storage_par_l_container_01_macro" connection="connectionsnap001">
<predecessor index="4" connection="connectionsnap004"/>
<offset>
<position x="-196.13" y="-800" z="1958.941"/>
</offset>
</entry>
<entry index="11" macro="storage_par_l_container_01_macro" connection="connectionsnap001">
<predecessor index="6" connection="connectionsnap004"/>
<offset>
<position x="1003.87" y="-800" z="1958.941"/>
</offset>
</entry>
<entry index="12" macro="defence_par_disc_01_macro" connection="connectionsnap003">
<predecessor index="8" connection="connectionsnap005"/>
<offset>
<position x="-1796.13" y="0.0002173" z="1958.941"/>
</offset>
</entry>
<entry index="13" macro="defence_par_disc_01_macro" connection="connectionsnap001">
<predecessor index="4" connection="connectionsnap001"/>
<offset>
<position x="-196.13" z="2358.941"/>
</offset>
</entry>
<entry index="14" macro="defence_par_disc_01_macro" connection="connectionsnap004">
<predecessor index="6" connection="connectionsnap006"/>
<offset>
<position x="1403.87" z="1958.941"/>
</offset>
</entry>
<entry index="15" macro="struct_par_cross_01_macro" connection="connectionsnap001">
<predecessor index="1" connection="connectionsnap001"/>
<offset>
<position x="-196.13" z="-841.059"/>
</offset>
</entry>
<entry index="16" macro="defence_par_tube_01_macro" connection="connectionsnap001">
<predecessor index="15" connection="connectionsnap005"/>
<offset>
<position x="-596.13" z="-841.059"/>
<rotation yaw="-90.00001"/>
</offset>
</entry>
<entry index="17" macro="defence_par_tube_01_macro" connection="connectionsnap002">
<predecessor index="15" connection="connectionsnap006"/>
<offset>
<position x="203.87" z="-841.059"/>
<rotation yaw="-89.99998"/>
</offset>
</entry>
<entry index="18" macro="struct_par_base_03_macro" connection="connectionsnap001">
<predecessor index="15" connection="connectionsnap002"/>
<offset>
<position x="-196.13" z="-1841.059"/>
</offset>
</entry>
<entry index="19" macro="dockarea_arg_m_station_02_hightech_macro" connection="connectionsnap001">
<predecessor index="18" connection="connectionsnap002"/>
<offset>
<position x="-196.131" z="-2841.059"/>
<rotation yaw="90.00001"/>
</offset>
</entry>
<entry index="20" macro="dockarea_arg_m_station_02_hightech_macro" connection="connectionsnap003">
<predecessor index="19" connection="connectionsnap004"/>
<offset>
<position x="203.869" z="-2841.059"/>
<rotation yaw="90.00003"/>
</offset>
</entry>
<entry index="21" macro="dockarea_arg_m_station_02_hightech_macro" connection="connectionsnap004">
<predecessor index="19" connection="connectionsnap003"/>
<offset>
<position x="-596.131" z="-2841.059"/>
<rotation yaw="89.99999"/>
</offset>
</entry>
<entry index="22" macro="dockarea_arg_m_station_02_hightech_macro" connection="connectionsnap004">
<predecessor index="21" connection="connectionsnap003"/>
<offset>
<position x="-996.131" z="-2841.059"/>
<rotation yaw="89.99997"/>
</offset>
</entry>
<entry index="23" macro="dockarea_arg_m_station_02_hightech_macro" connection="connectionsnap003">
<predecessor index="20" connection="connectionsnap004"/>
<offset>
<position x="603.869" z="-2841.059"/>
<rotation yaw="90.00005"/>
</offset>
</entry>
<entry index="24" macro="dockarea_arg_m_station_02_hightech_macro" connection="connectionsnap004">
<predecessor index="22" connection="connectionsnap003"/>
<offset>
<position x="-1396.131" z="-2841.059"/>
<rotation yaw="89.99995"/>
</offset>
</entry>
<entry index="25" macro="dockarea_arg_m_station_02_hightech_macro" connection="connectionsnap003">
<predecessor index="23" connection="connectionsnap004"/>
<offset>
<position x="1003.869" z="-2841.06"/>
<rotation yaw="90.00007"/>
</offset>
</entry>
<entry index="26" macro="defence_par_disc_01_macro" connection="connectionsnap003">
<predecessor index="24" connection="connectionsnap003"/>
<offset>
<position x="-1796.131" z="-2841.06"/>
</offset>
</entry>
<entry index="27" macro="defence_par_disc_01_macro" connection="connectionsnap004">
<predecessor index="25" connection="connectionsnap004"/>
<offset>
<position x="1403.869" z="-2841.06"/>
</offset>
</entry>
<entry index="28" macro="struct_par_base_03_macro" connection="connectionsnap002">
<predecessor index="1" connection="connectionsnap004"/>
<offset>
<position x="-1596.13" z="-41.059"/>
<rotation yaw="-89.99999"/>
</offset>
</entry>
<entry index="29" macro="struct_par_base_03_macro" connection="connectionsnap001">
<predecessor index="1" connection="connectionsnap003"/>
<offset>
<position x="1203.87" z="-41.059"/>
<rotation yaw="-89.99999"/>
</offset>
</entry>
<entry index="30" macro="pier_par_harbor_03_macro" connection="connectionsnap001">
<predecessor index="28" connection="connectionsnap001"/>
<offset>
<position x="-2596.13" z="-41.059"/>
</offset>
</entry>
<entry index="31" macro="pier_par_harbor_03_macro" connection="connectionsnap001">
<predecessor index="29" connection="connectionsnap002"/>
<offset>
<position x="2203.87" z="-41.059"/>
<rotation yaw="179.99998"/>
</offset>
</entry>
<entry index="32" macro="struct_par_vertical_02_macro" connection="connectionsnap002">
<predecessor index="15" connection="connectionsnap003"/>
<offset>
<position x="-196.13" y="600" z="-841.059"/>
</offset>
</entry>
<entry index="33" macro="struct_par_vertical_02_macro" connection="connectionsnap002">
<predecessor index="32" connection="connectionsnap001"/>
<offset>
<position x="-196.13" y="1400" z="-841.059"/>
</offset>
</entry>
<entry index="34" macro="struct_par_cross_02_macro" connection="connectionsnap006">
<predecessor index="33" connection="connectionsnap001"/>
<offset>
<position x="-196.13" y="2000" z="-841.059"/>
</offset>
</entry>
<entry index="35" macro="buildmodule_gen_ships_m_dockarea_01_macro" connection="connectionsnap004">
<predecessor index="34" connection="connectionsnap001"/>
<offset>
<position x="-996.13" y="2000" z="-841.058"/>
<rotation yaw="90.00002"/>
</offset>
</entry>
<entry index="36" macro="buildmodule_gen_ships_m_dockarea_01_macro" connection="connectionsnap003">
<predecessor index="34" connection="connectionsnap002"/>
<offset>
<position x="603.87" y="2000" z="-841.059"/>
<rotation yaw="90.00002"/>
</offset>
</entry>
<entry index="37" macro="hab_par_l_01_macro" connection="connectionsnap001">
<predecessor index="30" connection="connectionsnap003"/>
<offset>
<position x="-2596.13" y="200" z="-41.059"/>
</offset>
</entry>
<entry index="38" macro="hab_par_l_01_macro" connection="connectionsnap001">
<predecessor index="31" connection="connectionsnap003"/>
<offset>
<position x="2203.87" y="200" z="-41.059"/>
</offset>
</entry>
</plan>
<!-- TEL Tradestation -->
<plan id="datel_tradestation" name="{20102,1311}">
<entry index="1" macro="defence_tel_claim_01_macro">
<offset>
<position x="209.405" z="293.212"/>
</offset>
</entry>
<entry index="2" macro="defence_tel_tube_01_macro" connection="connectionsnap001">
<predecessor index="1" connection="connectionsnap002"/>
<offset>
<position x="209.405" z="1093.212"/>
</offset>
</entry>
<entry index="3" macro="struct_tel_base_02_macro" connection="connectionsnap002">
<predecessor index="2" connection="connectionsnap002"/>
<offset>
<position x="209.405" z="1693.212"/>
</offset>
</entry>
<entry index="4" macro="storage_tel_l_container_01_macro" connection="connectionsnap003">
<predecessor index="3" connection="connectionsnap001"/>
<offset>
<position x="209.405" y="-400" z="2493.212"/>
</offset>
</entry>
<entry index="5" macro="struct_tel_base_01_macro" connection="connectionsnap002">
<predecessor index="4" connection="connectionsnap005"/>
<offset>
<position x="809.405" z="2493.212"/>
<rotation yaw="89.99993"/>
</offset>
</entry>
<entry index="6" macro="struct_tel_base_01_macro" connection="connectionsnap002">
<predecessor index="4" connection="connectionsnap001"/>
<offset>
<position x="-390.595" z="2493.212"/>
<rotation yaw="-90"/>
</offset>
</entry>
<entry index="7" macro="storage_tel_l_container_01_macro" connection="connectionsnap001">
<predecessor index="5" connection="connectionsnap001"/>
<offset>
<position x="1409.405" y="-400" z="2493.213"/>
</offset>
</entry>
<entry index="8" macro="storage_tel_l_container_01_macro" connection="connectionsnap005">
<predecessor index="6" connection="connectionsnap001"/>
<offset>
<position x="-990.595" y="-400" z="2493.212"/>
</offset>
</entry>
<entry index="9" macro="defence_tel_disc_01_macro" connection="connectionsnap003">
<predecessor index="8" connection="connectionsnap001"/>
<offset>
<position x="-1590.595" z="2493.212"/>
</offset>
</entry>
<entry index="10" macro="defence_tel_disc_01_macro" connection="connectionsnap001">
<predecessor index="4" connection="connectionsnap006"/>
<offset>
<position x="209.404" z="3093.212"/>
</offset>
</entry>
<entry index="11" macro="defence_tel_disc_01_macro" connection="connectionsnap004">
<predecessor index="7" connection="connectionsnap005"/>
<offset>
<position x="2009.405" z="2493.214"/>
<rotation yaw="-0.000119983"/>
</offset>
</entry>
<entry index="12" macro="struct_tel_cross_01_macro" connection="connectionsnap001">
<predecessor index="1" connection="connectionsnap001"/>
<offset>
<position x="209.405" z="-506.788"/>
</offset>
</entry>
<entry index="13" macro="defence_tel_tube_01_macro" connection="connectionsnap002">
<predecessor index="12" connection="connectionsnap004"/>
<offset>
<position x="609.405" z="-506.788"/>
<rotation yaw="-89.99998"/>
</offset>
</entry>
<entry index="14" macro="defence_tel_tube_01_macro" connection="connectionsnap001">
<predecessor index="12" connection="connectionsnap003"/>
<offset>
<position x="-190.595" z="-506.788"/>
<rotation yaw="-90.00001"/>
</offset>
</entry>
<entry index="15" macro="struct_tel_base_03_macro" connection="connectionsnap001">
<predecessor index="12" connection="connectionsnap002"/>
<offset>
<position x="209.405" z="-1506.788"/>
</offset>
</entry>
<entry index="16" macro="dockarea_arg_m_station_02_hightech_macro" connection="connectionsnap001">
<predecessor index="15" connection="connectionsnap002"/>
<offset>
<position x="209.405" z="-2506.788"/>
<rotation yaw="90.00002"/>
</offset>
</entry>
<entry index="17" macro="dockarea_arg_m_station_02_hightech_macro" connection="connectionsnap003">
<predecessor index="16" connection="connectionsnap004"/>
<offset>
<position x="609.405" z="-2506.788"/>
<rotation yaw="90.00005"/>
</offset>
</entry>
<entry index="18" macro="dockarea_arg_m_station_02_hightech_macro" connection="connectionsnap004">
<predecessor index="16" connection="connectionsnap003"/>
<offset>
<position x="-190.595" z="-2506.788"/>
<rotation yaw="90.00001"/>
</offset>
</entry>
<entry index="19" macro="dockarea_arg_m_station_02_hightech_macro" connection="connectionsnap003">
<predecessor index="17" connection="connectionsnap004"/>
<offset>
<position x="1009.405" z="-2506.789"/>
<rotation yaw="90.00007"/>
</offset>
</entry>
<entry index="20" macro="dockarea_arg_m_station_02_hightech_macro" connection="connectionsnap004">
<predecessor index="18" connection="connectionsnap003"/>
<offset>
<position x="-590.595" z="-2506.788"/>
<rotation yaw="89.99999"/>
</offset>
</entry>
<entry index="21" macro="dockarea_arg_m_station_02_hightech_macro" connection="connectionsnap003">
<predecessor index="19" connection="connectionsnap004"/>
<offset>
<position x="1409.405" z="-2506.789"/>
<rotation yaw="90.00008"/>
</offset>
</entry>
<entry index="22" macro="dockarea_arg_m_station_02_hightech_macro" connection="connectionsnap004">
<predecessor index="20" connection="connectionsnap003"/>
<offset>
<position x="-990.595" z="-2506.788"/>
<rotation yaw="89.99997"/>
</offset>
</entry>
<entry index="23" macro="defence_tel_disc_01_macro" connection="connectionsnap003">
<predecessor index="22" connection="connectionsnap003"/>
<offset>
<position x="-1390.595" z="-2506.788"/>
</offset>
</entry>
<entry index="24" macro="defence_tel_disc_01_macro" connection="connectionsnap004">
<predecessor index="21" connection="connectionsnap004"/>
<offset>
<position x="1809.405" z="-2506.79"/>
</offset>
</entry>
<entry index="25" macro="struct_tel_base_03_macro" connection="connectionsnap002">
<predecessor index="1" connection="connectionsnap004"/>
<offset>
<position x="-1190.595" z="293.212"/>
<rotation yaw="-90.00001"/>
</offset>
</entry>
<entry index="26" macro="struct_tel_base_03_macro" connection="connectionsnap001">
<predecessor index="1" connection="connectionsnap003"/>
<offset>
<position x="1609.405" z="293.212"/>
<rotation yaw="-89.99999"/>
</offset>
</entry>
<entry index="27" macro="pier_tel_harbor_03_macro" connection="connectionsnap001">
<predecessor index="25" connection="connectionsnap001"/>
<offset>
<position x="-2190.595" z="293.212"/>
</offset>
</entry>
<entry index="28" macro="pier_tel_harbor_03_macro" connection="connectionsnap001">
<predecessor index="26" connection="connectionsnap002"/>
<offset>
<position x="2609.406" z="293.212"/>
<rotation yaw="-179.99998"/>
</offset>
</entry>
</plan>
<!-- TEL Shipyard -->
<plan id="datel_shipyard" name="{20102,1331}">
<entry index="1" macro="defence_tel_claim_01_macro">
<offset>
<position x="209.405" z="293.212"/>
</offset>
</entry>
<entry index="2" macro="defence_tel_tube_01_macro" connection="connectionsnap001">
<predecessor index="1" connection="connectionsnap002"/>
<offset>
<position x="209.405" z="1093.212"/>
</offset>
</entry>
<entry index="3" macro="struct_tel_base_02_macro" connection="connectionsnap002">
<predecessor index="2" connection="connectionsnap002"/>
<offset>
<position x="209.405" z="1693.212"/>
</offset>
</entry>
<entry index="4" macro="storage_tel_l_container_01_macro" connection="connectionsnap003">
<predecessor index="3" connection="connectionsnap001"/>
<offset>
<position x="209.405" y="-400" z="2493.212"/>
</offset>
</entry>
<entry index="5" macro="struct_tel_base_01_macro" connection="connectionsnap002">
<predecessor index="4" connection="connectionsnap005"/>
<offset>
<position x="809.405" z="2493.212"/>
<rotation yaw="89.99993"/>
</offset>
</entry>
<entry index="6" macro="struct_tel_base_01_macro" connection="connectionsnap002">
<predecessor index="4" connection="connectionsnap001"/>
<offset>
<position x="-390.595" z="2493.212"/>
<rotation yaw="-90"/>
</offset>
</entry>
<entry index="7" macro="storage_tel_l_container_01_macro" connection="connectionsnap001">
<predecessor index="5" connection="connectionsnap001"/>
<offset>
<position x="1409.405" y="-400" z="2493.213"/>
</offset>
</entry>
<entry index="8" macro="storage_tel_l_container_01_macro" connection="connectionsnap005">
<predecessor index="6" connection="connectionsnap001"/>
<offset>
<position x="-990.595" y="-400" z="2493.212"/>
</offset>
</entry>
<entry index="9" macro="defence_tel_disc_01_macro" connection="connectionsnap003">
<predecessor index="8" connection="connectionsnap001"/>
<offset>
<position x="-1590.595" z="2493.212"/>
</offset>
</entry>
<entry index="10" macro="defence_tel_disc_01_macro" connection="connectionsnap001">
<predecessor index="4" connection="connectionsnap006"/>
<offset>
<position x="209.404" z="3093.212"/>
</offset>
</entry>
<entry index="11" macro="defence_tel_disc_01_macro" connection="connectionsnap004">
<predecessor index="7" connection="connectionsnap005"/>
<offset>
<position x="2009.405" z="2493.214"/>
<rotation yaw="-0.000119983"/>
</offset>
</entry>
<entry index="12" macro="struct_tel_cross_01_macro" connection="connectionsnap001">
<predecessor index="1" connection="connectionsnap001"/>
<offset>
<position x="209.405" z="-506.788"/>
</offset>
</entry>
<entry index="13" macro="defence_tel_tube_01_macro" connection="connectionsnap002">
<predecessor index="12" connection="connectionsnap004"/>
<offset>
<position x="609.405" z="-506.788"/>
<rotation yaw="-89.99998"/>
</offset>
</entry>
<entry index="14" macro="defence_tel_tube_01_macro" connection="connectionsnap001">
<predecessor index="12" connection="connectionsnap003"/>
<offset>
<position x="-190.595" z="-506.788"/>
<rotation yaw="-90.00001"/>
</offset>
</entry>
<entry index="15" macro="struct_tel_base_03_macro" connection="connectionsnap001">
<predecessor index="12" connection="connectionsnap002"/>
<offset>
<position x="209.405" z="-1506.788"/>
</offset>
</entry>
<entry index="16" macro="dockarea_arg_m_station_02_hightech_macro" connection="connectionsnap001">
<predecessor index="15" connection="connectionsnap002"/>
<offset>
<position x="209.405" z="-2506.788"/>
<rotation yaw="90.00002"/>
</offset>
</entry>
<entry index="17" macro="dockarea_arg_m_station_02_hightech_macro" connection="connectionsnap003">
<predecessor index="16" connection="connectionsnap004"/>
<offset>
<position x="609.405" z="-2506.788"/>
<rotation yaw="90.00005"/>
</offset>
</entry>
<entry index="18" macro="dockarea_arg_m_station_02_hightech_macro" connection="connectionsnap004">
<predecessor index="16" connection="connectionsnap003"/>
<offset>
<position x="-190.595" z="-2506.788"/>
<rotation yaw="90.00001"/>
</offset>
</entry>
<entry index="19" macro="dockarea_arg_m_station_02_hightech_macro" connection="connectionsnap003">
<predecessor index="17" connection="connectionsnap004"/>
<offset>
<position x="1009.405" z="-2506.789"/>
<rotation yaw="90.00007"/>
</offset>
</entry>
<entry index="20" macro="dockarea_arg_m_station_02_hightech_macro" connection="connectionsnap004">
<predecessor index="18" connection="connectionsnap003"/>
<offset>
<position x="-590.595" z="-2506.788"/>
<rotation yaw="89.99999"/>
</offset>
</entry>
<entry index="21" macro="dockarea_arg_m_station_02_hightech_macro" connection="connectionsnap003">
<predecessor index="19" connection="connectionsnap004"/>
<offset>
<position x="1409.405" z="-2506.789"/>
<rotation yaw="90.00008"/>
</offset>
</entry>
<entry index="22" macro="dockarea_arg_m_station_02_hightech_macro" connection="connectionsnap004">
<predecessor index="20" connection="connectionsnap003"/>
<offset>
<position x="-990.595" z="-2506.788"/>
<rotation yaw="89.99997"/>
</offset>
</entry>
<entry index="23" macro="defence_tel_disc_01_macro" connection="connectionsnap003">
<predecessor index="22" connection="connectionsnap003"/>
<offset>
<position x="-1390.595" z="-2506.788"/>
</offset>
</entry>
<entry index="24" macro="defence_tel_disc_01_macro" connection="connectionsnap004">
<predecessor index="21" connection="connectionsnap004"/>
<offset>
<position x="1809.405" z="-2506.79"/>
</offset>
</entry>
<entry index="25" macro="struct_tel_base_03_macro" connection="connectionsnap002">
<predecessor index="1" connection="connectionsnap004"/>
<offset>
<position x="-1190.595" z="293.212"/>
<rotation yaw="-90.00001"/>
</offset>
</entry>
<entry index="26" macro="struct_tel_base_03_macro" connection="connectionsnap001">
<predecessor index="1" connection="connectionsnap003"/>
<offset>
<position x="1609.405" z="293.212"/>
<rotation yaw="-89.99999"/>
</offset>
</entry>
<entry index="27" macro="pier_tel_harbor_03_macro" connection="connectionsnap001">
<predecessor index="25" connection="connectionsnap001"/>
<offset>
<position x="-2190.595" z="293.212"/>
</offset>
</entry>
<entry index="28" macro="pier_tel_harbor_03_macro" connection="connectionsnap001">
<predecessor index="26" connection="connectionsnap002"/>
<offset>
<position x="2609.406" z="293.212"/>
<rotation yaw="-179.99998"/>
</offset>
</entry>
<entry index="29" macro="struct_tel_vertical_02_macro" connection="connectionsnap002">
<predecessor index="12" connection="connectionsnap006"/>
<offset>
<position x="209.405" y="600" z="-506.788"/>
</offset>
</entry>
<entry index="30" macro="struct_tel_vertical_02_macro" connection="connectionsnap002">
<predecessor index="29" connection="connectionsnap001"/>
<offset>
<position x="209.405" y="1400" z="-506.788"/>
</offset>
</entry>
<entry index="31" macro="struct_tel_vertical_02_macro" connection="connectionsnap002">
<predecessor index="30" connection="connectionsnap001"/>
<offset>
<position x="209.405" y="2200" z="-506.788"/>
</offset>
</entry>
<entry index="32" macro="struct_tel_cross_01_macro" connection="connectionsnap005">
<predecessor index="31" connection="connectionsnap001"/>
<offset>
<position x="209.405" y="2800" z="-506.788"/>
</offset>
</entry>
<entry index="33" macro="buildmodule_gen_ships_l_macro" connection="connectionsnap001">
<predecessor index="32" connection="connectionsnap003"/>
<offset>
<position x="-790.595" y="2800" z="-506.788"/>
</offset>
</entry>
<entry index="34" macro="buildmodule_gen_ships_l_macro" connection="connectionsnap001">
<predecessor index="32" connection="connectionsnap004"/>
<offset>
<position x="1209.405" y="2800" z="-506.788"/>
<rotation yaw="-179.99995"/>
</offset>
</entry>
<entry index="35" macro="struct_tel_base_01_macro" connection="connectionsnap002">
<predecessor index="14" connection="connectionsnap002"/>
<offset>
<position x="-590.595" z="-506.788"/>
<rotation yaw="-90.00001"/>
</offset>
</entry>
<entry index="36" macro="struct_tel_base_01_macro" connection="connectionsnap001">
<predecessor index="13" connection="connectionsnap001"/>
<offset>
<position x="1009.405" z="-506.788"/>
<rotation yaw="-89.99997"/>
</offset>
</entry>
<entry index="37" macro="struct_tel_cross_01_macro" connection="connectionsnap004">
<predecessor index="35" connection="connectionsnap001"/>
<offset>
<position x="-990.595" z="-506.788"/>
</offset>
</entry>
<entry index="38" macro="struct_tel_cross_01_macro" connection="connectionsnap003">
<predecessor index="36" connection="connectionsnap002"/>
<offset>
<position x="1409.405" z="-506.788"/>
</offset>
</entry>
<entry index="39" macro="struct_tel_vertical_02_macro" connection="connectionsnap001">
<predecessor index="37" connection="connectionsnap005"/>
<offset>
<position x="-990.595" y="-600" z="-506.788"/>
</offset>
</entry>
<entry index="40" macro="struct_tel_vertical_02_macro" connection="connectionsnap001">
<predecessor index="38" connection="connectionsnap005"/>
<offset>
<position x="1409.405" y="-600" z="-506.788"/>
</offset>
</entry>
<entry index="41" macro="struct_tel_cross_01_macro" connection="connectionsnap006">
<predecessor index="39" connection="connectionsnap002"/>
<offset>
<position x="-990.595" y="-1200" z="-506.788"/>
</offset>
</entry>
<entry index="42" macro="struct_tel_cross_01_macro" connection="connectionsnap006">
<predecessor index="40" connection="connectionsnap002"/>
<offset>
<position x="1409.405" y="-1200" z="-506.788"/>
</offset>
</entry>
<entry index="43" macro="defence_tel_tube_01_macro" connection="connectionsnap001">
<predecessor index="41" connection="connectionsnap003"/>
<offset>
<position x="-1390.595" y="-1200" z="-506.788"/>
<rotation yaw="-90.00001"/>
</offset>
</entry>
<entry index="44" macro="defence_tel_tube_01_macro" connection="connectionsnap002">
<predecessor index="42" connection="connectionsnap004"/>
<offset>
<position x="1809.405" y="-1200" z="-506.788"/>
<rotation yaw="-89.99999"/>
</offset>
</entry>
<entry index="45" macro="struct_tel_cross_01_macro" connection="connectionsnap004">
<predecessor index="43" connection="connectionsnap002"/>
<offset>
<position x="-1790.595" y="-1200" z="-506.788"/>
</offset>
</entry>
<entry index="46" macro="struct_tel_cross_01_macro" connection="connectionsnap003">
<predecessor index="44" connection="connectionsnap001"/>
<offset>
<position x="2209.406" y="-1200" z="-506.789"/>
</offset>
</entry>
<entry index="47" macro="struct_tel_vertical_02_macro" connection="connectionsnap001">
<predecessor index="45" connection="connectionsnap005"/>
<offset>
<position x="-1790.595" y="-1800" z="-506.788"/>
</offset>
</entry>
<entry index="48" macro="struct_tel_vertical_02_macro" connection="connectionsnap001">
<predecessor index="47" connection="connectionsnap002"/>
<offset>
<position x="-1790.595" y="-2600" z="-506.788"/>
</offset>
</entry>
<entry index="49" macro="struct_tel_vertical_02_macro" connection="connectionsnap001">
<predecessor index="46" connection="connectionsnap005"/>
<offset>
<position x="2209.406" y="-1800" z="-506.789"/>
</offset>
</entry>
<entry index="50" macro="struct_tel_vertical_02_macro" connection="connectionsnap001">
<predecessor index="49" connection="connectionsnap002"/>
<offset>
<position x="2209.406" y="-2600" z="-506.789"/>
</offset>
</entry>
<entry index="51" macro="struct_tel_vertical_02_macro" connection="connectionsnap001">
<predecessor index="48" connection="connectionsnap002"/>
<offset>
<position x="-1790.595" y="-3400" z="-506.788"/>
</offset>
</entry>
<entry index="52" macro="struct_tel_vertical_02_macro" connection="connectionsnap001">
<predecessor index="50" connection="connectionsnap002"/>
<offset>
<position x="2209.406" y="-3400" z="-506.788"/>
</offset>
</entry>
<entry index="53" macro="struct_tel_cross_01_macro" connection="connectionsnap006">
<predecessor index="51" connection="connectionsnap002"/>
<offset>
<position x="-1790.595" y="-4000" z="-506.788"/>
</offset>
</entry>
<entry index="54" macro="struct_tel_cross_01_macro" connection="connectionsnap006">
<predecessor index="52" connection="connectionsnap002"/>
<offset>
<position x="2209.406" y="-4000" z="-506.789"/>
</offset>
</entry>
<entry index="55" macro="buildmodule_gen_ships_xl_macro" connection="connectionsnap001">
<predecessor index="54" connection="connectionsnap003"/>
<offset>
<position x="209.406" y="-4000" z="-506.788"/>
</offset>
</entry>
<entry index="56" macro="hab_tel_l_01_macro" connection="connectionsnap001">
<predecessor index="45" connection="connectionsnap001"/>
<offset>
<position x="-1790.595" y="-1200" z="93.212"/>
</offset>
</entry>
<entry index="57" macro="hab_tel_l_01_macro" connection="connectionsnap001">
<predecessor index="46" connection="connectionsnap001"/>
<offset>
<position x="2209.406" y="-1200" z="93.212"/>
</offset>
</entry>
</plan>
<!-- TEL Wharf -->
<plan id="datel_wharf" name="{20102,1341}">
<entry index="1" macro="defence_tel_claim_01_macro">
<offset>
<position x="209.405" z="293.212"/>
</offset>
</entry>
<entry index="2" macro="defence_tel_tube_01_macro" connection="connectionsnap001">
<predecessor index="1" connection="connectionsnap002"/>
<offset>
<position x="209.405" z="1093.212"/>
</offset>
</entry>
<entry index="3" macro="struct_tel_base_02_macro" connection="connectionsnap002">
<predecessor index="2" connection="connectionsnap002"/>
<offset>
<position x="209.405" z="1693.212"/>
</offset>
</entry>
<entry index="4" macro="storage_tel_l_container_01_macro" connection="connectionsnap003">
<predecessor index="3" connection="connectionsnap001"/>
<offset>
<position x="209.405" y="-400" z="2493.212"/>
</offset>
</entry>
<entry index="5" macro="struct_tel_base_01_macro" connection="connectionsnap002">
<predecessor index="4" connection="connectionsnap005"/>
<offset>
<position x="809.405" z="2493.212"/>
<rotation yaw="89.99993"/>
</offset>
</entry>
<entry index="6" macro="struct_tel_base_01_macro" connection="connectionsnap002">
<predecessor index="4" connection="connectionsnap001"/>
<offset>
<position x="-390.595" z="2493.212"/>
<rotation yaw="-90"/>
</offset>
</entry>
<entry index="7" macro="storage_tel_l_container_01_macro" connection="connectionsnap001">
<predecessor index="5" connection="connectionsnap001"/>
<offset>
<position x="1409.405" y="-400" z="2493.213"/>
</offset>
</entry>
<entry index="8" macro="storage_tel_l_container_01_macro" connection="connectionsnap005">
<predecessor index="6" connection="connectionsnap001"/>
<offset>
<position x="-990.595" y="-400" z="2493.212"/>
</offset>
</entry>
<entry index="9" macro="defence_tel_disc_01_macro" connection="connectionsnap003">
<predecessor index="8" connection="connectionsnap001"/>
<offset>
<position x="-1590.595" z="2493.212"/>
</offset>
</entry>
<entry index="10" macro="defence_tel_disc_01_macro" connection="connectionsnap001">
<predecessor index="4" connection="connectionsnap006"/>
<offset>
<position x="209.404" z="3093.212"/>
</offset>
</entry>
<entry index="11" macro="defence_tel_disc_01_macro" connection="connectionsnap004">
<predecessor index="7" connection="connectionsnap005"/>
<offset>
<position x="2009.405" z="2493.214"/>
<rotation yaw="-0.000119983"/>
</offset>
</entry>
<entry index="12" macro="struct_tel_cross_01_macro" connection="connectionsnap001">
<predecessor index="1" connection="connectionsnap001"/>
<offset>
<position x="209.405" z="-506.788"/>
</offset>
</entry>
<entry index="13" macro="defence_tel_tube_01_macro" connection="connectionsnap002">
<predecessor index="12" connection="connectionsnap004"/>
<offset>
<position x="609.405" z="-506.788"/>
<rotation yaw="-89.99998"/>
</offset>
</entry>
<entry index="14" macro="defence_tel_tube_01_macro" connection="connectionsnap001">
<predecessor index="12" connection="connectionsnap003"/>
<offset>
<position x="-190.595" z="-506.788"/>
<rotation yaw="-90.00001"/>
</offset>
</entry>
<entry index="15" macro="struct_tel_base_03_macro" connection="connectionsnap001">
<predecessor index="12" connection="connectionsnap002"/>
<offset>
<position x="209.405" z="-1506.788"/>
</offset>
</entry>
<entry index="16" macro="dockarea_arg_m_station_02_hightech_macro" connection="connectionsnap001">
<predecessor index="15" connection="connectionsnap002"/>
<offset>
<position x="209.405" z="-2506.788"/>
<rotation yaw="90.00002"/>
</offset>
</entry>
<entry index="17" macro="dockarea_arg_m_station_02_hightech_macro" connection="connectionsnap003">
<predecessor index="16" connection="connectionsnap004"/>
<offset>
<position x="609.405" z="-2506.788"/>
<rotation yaw="90.00005"/>
</offset>
</entry>
<entry index="18" macro="dockarea_arg_m_station_02_hightech_macro" connection="connectionsnap004">
<predecessor index="16" connection="connectionsnap003"/>
<offset>
<position x="-190.595" z="-2506.788"/>
<rotation yaw="90.00001"/>
</offset>
</entry>
<entry index="19" macro="dockarea_arg_m_station_02_hightech_macro" connection="connectionsnap003">
<predecessor index="17" connection="connectionsnap004"/>
<offset>
<position x="1009.405" z="-2506.789"/>
<rotation yaw="90.00007"/>
</offset>
</entry>
<entry index="20" macro="dockarea_arg_m_station_02_hightech_macro" connection="connectionsnap004">
<predecessor index="18" connection="connectionsnap003"/>
<offset>
<position x="-590.595" z="-2506.788"/>
<rotation yaw="89.99999"/>
</offset>
</entry>
<entry index="21" macro="dockarea_arg_m_station_02_hightech_macro" connection="connectionsnap003">
<predecessor index="19" connection="connectionsnap004"/>
<offset>
<position x="1409.405" z="-2506.789"/>
<rotation yaw="90.00008"/>
</offset>
</entry>
<entry index="22" macro="dockarea_arg_m_station_02_hightech_macro" connection="connectionsnap004">
<predecessor index="20" connection="connectionsnap003"/>
<offset>
<position x="-990.595" z="-2506.788"/>
<rotation yaw="89.99997"/>
</offset>
</entry>
<entry index="23" macro="defence_tel_disc_01_macro" connection="connectionsnap003">
<predecessor index="22" connection="connectionsnap003"/>
<offset>
<position x="-1390.595" z="-2506.788"/>
</offset>
</entry>
<entry index="24" macro="defence_tel_disc_01_macro" connection="connectionsnap004">
<predecessor index="21" connection="connectionsnap004"/>
<offset>
<position x="1809.405" z="-2506.79"/>
</offset>
</entry>
<entry index="25" macro="struct_tel_base_03_macro" connection="connectionsnap002">
<predecessor index="1" connection="connectionsnap004"/>
<offset>
<position x="-1190.595" z="293.212"/>
<rotation yaw="-90.00001"/>
</offset>
</entry>
<entry index="26" macro="struct_tel_base_03_macro" connection="connectionsnap001">
<predecessor index="1" connection="connectionsnap003"/>
<offset>
<position x="1609.405" z="293.212"/>
<rotation yaw="-89.99999"/>
</offset>
</entry>
<entry index="27" macro="pier_tel_harbor_03_macro" connection="connectionsnap001">
<predecessor index="25" connection="connectionsnap001"/>
<offset>
<position x="-2190.595" z="293.212"/>
</offset>
</entry>
<entry index="28" macro="pier_tel_harbor_03_macro" connection="connectionsnap001">
<predecessor index="26" connection="connectionsnap002"/>
<offset>
<position x="2609.406" z="293.212"/>
<rotation yaw="-179.99998"/>
</offset>
</entry>
<entry index="29" macro="struct_tel_vertical_02_macro" connection="connectionsnap002">
<predecessor index="12" connection="connectionsnap006"/>
<offset>
<position x="209.405" y="600" z="-506.788"/>
</offset>
</entry>
<entry index="30" macro="struct_tel_vertical_02_macro" connection="connectionsnap002">
<predecessor index="29" connection="connectionsnap001"/>
<offset>
<position x="209.405" y="1400" z="-506.788"/>
</offset>
</entry>
<entry index="31" macro="struct_tel_vertical_02_macro" connection="connectionsnap002">
<predecessor index="30" connection="connectionsnap001"/>
<offset>
<position x="209.405" y="2200" z="-506.788"/>
</offset>
</entry>
<entry index="32" macro="struct_tel_cross_01_macro" connection="connectionsnap005">
<predecessor index="31" connection="connectionsnap001"/>
<offset>
<position x="209.405" y="2800" z="-506.788"/>
</offset>
</entry>
<entry index="33" macro="buildmodule_gen_ships_m_dockarea_01_macro" connection="connectionsnap003">
<predecessor index="32" connection="connectionsnap003"/>
<offset>
<position x="-390.595" y="2800" z="-506.788"/>
<rotation yaw="-89.99998"/>
</offset>
</entry>
<entry index="34" macro="buildmodule_gen_ships_m_dockarea_01_macro" connection="connectionsnap003">
<predecessor index="32" connection="connectionsnap004"/>
<offset>
<position x="809.405" y="2800" z="-506.788"/>
<rotation yaw="90.00002"/>
</offset>
</entry>
<entry index="35" macro="hab_tel_l_01_macro" connection="connectionsnap002">
<predecessor index="8" connection="connectionsnap003"/>
<offset>
<position x="-990.596" z="1693.212"/>
</offset>
</entry>
<entry index="36" macro="hab_tel_l_01_macro" connection="connectionsnap002">
<predecessor index="7" connection="connectionsnap003"/>
<offset>
<position x="1409.406" z="1693.214"/>
</offset>
</entry>
</plan>
</add>
</diff>