<?xml version="1.0" encoding="utf-8"?>
<!-- NB:
      chance is a float from 0 to 1
      entering a min with no max or max with no min can result in a value below min or above max.
      the min property in <bonus min=""/> doesn't do anything.
      min and max for capacity mods such as countermeasurecapacity require ints.-->
<equipmentmods>
  <weapon>
    <!-- tp ******************************** -->
    <damage ware="tp_war_damage_mk1" quality="1" min="1.25" max="1.5"/>
    <damage ware="tp_war_damage_mk2" quality="2" min="1.5" max="2.0"/>
    <damage ware="tp_war_damage_mk3" quality="3" min="2.0" max="2.5"/>
    <damage ware="tp_war_damage_mk4" quality="4" min="2.5" max="3.0"/>
    <!-- LOW: 1.05 - 1.2 -->
    <damage ware="mod_weapon_damage_01_mk1" quality="1" min="1.05" max="1.2"/>
    <cooling ware="mod_weapon_cooling_01_mk1" quality="1" min="1.048" max="1.216"/>
    <reload ware="mod_weapon_reload_01_mk1" quality="1" min="0.682" max="2"/>
    <speed ware="mod_weapon_speed_01_mk1" quality="1" min="1.05" max="1.1"/>
    <beamlength ware="mod_weapon_beamlength_01_mk1" quality="1" min="1.05" max="1.1"/>
    <lifetime ware="mod_weapon_lifetime_01_mk1" quality="1" min="1.05" max="1.2"/>
    <chargetime ware="mod_weapon_chargetime_01_mk1" quality="1" min="0.8" max="0.95"/>
    <mining ware="mod_weapon_mining_01_mk1" quality="1" min="5.25" max="6"/>
    <rotationspeed ware="mod_weapon_rotationspeed_01_mk1" quality="1" min="1.05" max="1.2"/>
    <sticktime ware="mod_weapon_sticktime_01_mk1" quality="1" min="1.05" max="1.2"/>

    <!-- LOW: pos - neg: negative properties allow higher positive properties thereby resulting in mods that have effects that are more tangible -->
    <damage ware="mod_weapon_damage_02_mk1" quality="1" min="1.35" max="1.45">
      <bonus chance="1.0" max="1">
        <cooling min="0.684" max="0.736"/>
      </bonus>
    </damage>
    <cooling ware="mod_weapon_cooling_02_mk1" quality="1" min="1.38" max="1.49">
      <bonus chance="1.0" max="1">
        <damage min="0.7" max="0.75"/>
      </bonus>
    </cooling>
    <damage ware="mod_weapon_damage_03_mk1" quality="1" min="1.338" max="1.503">
      <bonus chance="1.0" max="2">
        <cooling min="0.681" max="0.74"/>
        <reload min="0.682" max="2"/>
      </bonus>
    </damage>
    <cooling ware="mod_weapon_cooling_03_mk1" quality="1" min="1.356" max="1.525">
      <bonus chance="1.0" max="2">
        <damage min="0.677" max="0.757"/>
        <reload min="0.682" max="2"/>
      </bonus>
    </cooling>

    <!-- MEDIUM: 1.1 - 1.2
          separate: damage, cooling, sticktime
          no speed
          range increase reduces max
          noisy -->
    <!-- med variant 1: +reload rate, no range increase -->
    <damage ware="mod_weapon_damage_01_mk2" quality="2" min="1.062" max="1.244">
      <bonus chance="1.0" max="2">
        <reload min="0.682" max="2" weight="1"/>
        <chargetime min="0.8" max="0.9" weight="3"/>
        <mining min="1.01" max="6.22" weight="3"/>
        <rotationspeed min="1.1" max="1.2" weight="3"/>
      </bonus>
    </damage>
    <cooling ware="mod_weapon_cooling_01_mk2" quality="2" min="1.056" max="1.252">
      <bonus chance="1.0" max="2">
        <reload min="0.682" max="2" weight="1"/>
        <chargetime min="0.8" max="0.9" weight="3"/>
        <mining min="1.01" max="6.22" weight="3"/>
        <rotationspeed min="1.1" max="1.2" weight="3"/>
      </bonus>
    </cooling>
    <sticktime ware="mod_weapon_sticktime_01_mk2" quality="2" min="1.1" max="1.2">
      <bonus chance="1.0" max="2">
        <reload min="0.682" max="2" weight="1"/>
        <chargetime min="0.8" max="0.9" weight="3"/>
        <mining min="1.01" max="6.22" weight="3"/>
        <rotationspeed min="1.1" max="1.2" weight="3"/>
      </bonus>
    </sticktime>

    <!-- med variant 2: +reload rate, +range increase, reduced max -->
    <damage ware="mod_weapon_damage_02_mk2" quality="2" min="1.062" max="1.192">
      <bonus chance="1.0" max="2">
        <reload min="0.682" max="2" weight="1"/>
        <chargetime min="0.8" max="0.9" weight="2"/>
        <mining min="1.01" max="5.96" weight="2"/>
        <rotationspeed min="1.1" max="1.2" weight="2"/>
        <lifetime min="1.1" max="1.2" weight="3"/>
      </bonus>
    </damage>
    <cooling ware="mod_weapon_cooling_02_mk2" quality="2" min="1.056" max="1.199">
      <bonus chance="1.0" max="2">
        <reload min="0.682" max="2" weight="1"/>
        <chargetime min="0.8" max="0.9" weight="2"/>
        <mining min="1.01" max="5.96" weight="2"/>
        <rotationspeed min="1.1" max="1.2" weight="2"/>
        <lifetime min="1.1" max="1.2" weight="3"/>
      </bonus>
    </cooling>
    <sticktime ware="mod_weapon_sticktime_02_mk2" quality="2" min="1.1" max="1.15">
      <bonus chance="1.0" max="2">
        <reload min="0.682" max="2" weight="1"/>
        <chargetime min="0.8" max="0.9" weight="2"/>
        <mining min="1.01" max="5.96" weight="2"/>
        <rotationspeed min="1.1" max="1.2" weight="2"/>
        <lifetime min="1.1" max="1.2" weight="3"/>
      </bonus>
    </sticktime>

    <!-- med variant 3: +range increase, reduced max -->
    <damage ware="mod_weapon_damage_03_mk2" quality="2" min="1.1" max="1.15">
      <bonus chance="1.0" max="2">
        <chargetime min="0.8" max="0.9" weight="2"/>
        <mining min="1.01" max="5.75" weight="2"/>
        <rotationspeed min="1.1" max="1.2" weight="2"/>
        <lifetime min="1.1" max="1.2" weight="4"/>
      </bonus>
    </damage>
    <cooling ware="mod_weapon_cooling_03_mk2" quality="2" min="1.095" max="1.162">
      <bonus chance="1.0" max="2">
        <chargetime min="0.8" max="0.9" weight="2"/>
        <mining min="1.01" max="5.75" weight="2"/>
        <rotationspeed min="1.1" max="1.2" weight="2"/>
        <lifetime min="1.1" max="1.2" weight="4"/>
      </bonus>
    </cooling>
    <sticktime ware="mod_weapon_sticktime_03_mk2" quality="2" min="1.1" max="1.15">
      <bonus chance="1.0" max="2">
        <chargetime min="0.8" max="0.9" weight="2"/>
        <mining min="1.01" max="5.75" weight="2"/>
        <rotationspeed min="1.1" max="1.2" weight="2"/>
        <lifetime min="1.1" max="1.2" weight="4"/>
      </bonus>
    </sticktime>

    <!-- MEDIUM: pos - neg: negative properties allow higher positive properties thereby resulting in mods that have effects that are more tangible -->
    <damage ware="mod_weapon_damage_04_mk2" quality="2" min="1.2" max="1.25">
      <bonus chance="1.0" max="1">
        <cooling min="0.893" max="0.943"/>
      </bonus>
    </damage>
    <cooling ware="mod_weapon_cooling_04_mk2" quality="2" min="1.216" max="1.271">
      <bonus chance="1.0" max="1">
        <damage min="0.9" max="0.95"/>
      </bonus>
    </cooling>
    <damage ware="mod_weapon_damage_05_mk2" quality="2" min="1.19" max="1.294">
      <bonus chance="1.0" max="2">
        <cooling min="0.879" max="0.955"/>
        <reload min="0.682" max="2"/>
      </bonus>
    </damage>
    <cooling ware="mod_weapon_cooling_05_mk2" quality="2" min="1.199" max="1.305">
      <bonus chance="1.0" max="2">
        <damage min="0.87" max="0.959"/>
        <reload min="0.682" max="2"/>
      </bonus>
    </cooling>

    <!-- HIGH: 1.1 - 1.3
          can combine: damage, cooling, sticktime
          can combine: lifetime, speed, beamlength
          focused -->
    <!-- heavy hitter -->
    <damage ware="mod_weapon_damage_01_mk3" quality="3" min="1.1" max="1.3">
      <bonus chance="1.0" max="3">
        <cooling min="1.095" max="1.325"/>
        <sticktime min="1.1" max="1.3"/>
        <rotationspeed min="1.1" max="1.3"/>
      </bonus>
    </damage>
    <damage ware="mod_weapon_damage_02_mk3" quality="3" min="1.062" max="1.348">
      <bonus chance="1.0" max="3">
        <cooling min="1.056" max="1.358" weight="4"/>
        <reload min="0.682" max="2" weight="3"/>
        <sticktime min="1.1" max="1.3" weight="2"/>
        <rotationspeed min="1.1" max="1.3" weight="1"/>
      </bonus>
    </damage>

    <!-- sniper special -->
    <speed ware="mod_weapon_speed_01_mk3" quality="3" min="1.1" max="1.15">
      <bonus chance="1.0" max="3">
        <damage min="1.062" max="1.3" weight="4"/>
        <reload min="0.682" max="0.99" weight="2"/>
        <lifetime min="1.1" max="1.3" weight="3"/>
        <rotationspeed min="1.1" max="1.3" weight="1"/>
      </bonus>
    </speed>

    <!-- hyper miner -->
    <mining ware="mod_weapon_mining_01_mk3" quality="3" min="5.31" max="6.74">
      <bonus chance="1.0" max="3">
        <damage min="1.062" max="1.348" weight="4"/>
        <cooling min="1.056" max="1.358" weight="3"/>
        <reload min="1.01" max="2" weight="2"/>
        <rotationspeed min="1.1" max="1.3" weight="1"/>
      </bonus>
    </mining>
  </weapon>
  <engine>
  
    
    <!-- LOW: 1.05 - 1.2
          forwardthrust min and max reduced to half -->
    <forwardthrust ware="mod_engine_forwardthrust_01_mk1" quality="1" min="1.025" max="1.1"/>

    <boostthrust ware="mod_engine_boostthrust_01_mk1" quality="1" min="1.05" max="1.2"/>
    <boostduration ware="mod_engine_boostduration_01_mk1" quality="1" min="1.05" max="1.2"/>
    <!--<boostattacktime ware="mod_engine_boostattacktime_01_mk1" quality="1" min="0.8" max="0.95"/>-->
    <!--<boostchargetime ware="mod_engine_boostchargetime_01_mk1" quality="1" min="0.8" max="0.95"/>-->
    <!--<boostrechargetime ware="mod_engine_boostrechargetime_01_mk1" quality="1" min="0.8" max="0.95"/>-->
    <!--<boostreleasetime ware="mod_engine_boostreleasetime_01_mk1" quality="1" min="0.8" max="0.95"/>-->

    <travelthrust ware="mod_engine_travelthrust_01_mk1" quality="1" min="1.05" max="1.2"/>
    <travelstartthrust ware="mod_engine_travelstartthrust_01_mk1" quality="1" min="1.05" max="1.2"/>
    <travelattacktime ware="mod_engine_travelattacktime_01_mk1" quality="1" min="0.8" max="0.95"/>
    <travelchargetime ware="mod_engine_travelchargetime_01_mk1" quality="1" min="0.8" max="0.95"/>
    <travelreleasetime ware="mod_engine_travelreleasetime_01_mk1" quality="1" min="0.8" max="0.95"/>

    <rotationthrust ware="mod_engine_rotationthrust_01_mk1" quality="1" min="1.05" max="1.2"/>
    <strafethrust ware="mod_engine_strafethrust_01_mk1" quality="1" min="1.05" max="1.2"/>

    <!-- LOW: pos - neg: negative properties allow higher positive properties thereby resulting in mods that have effects that are more tangible -->
    <forwardthrust ware="mod_engine_forwardthrust_02_mk1" quality="1" min="1.35" max="1.45">
      <bonus chance="1.0" max="2">
        <boostthrust min="0.7" max="0.75"/>
        <travelthrust min="0.7" max="0.75"/>
      </bonus>
    </forwardthrust>
    <boostthrust ware="mod_engine_boostthrust_02_mk1" quality="1" min="1.35" max="1.45">
      <bonus chance="1.0" max="1">
        <travelthrust min="0.7" max="0.75"/>
      </bonus>
    </boostthrust>
    <travelthrust ware="mod_engine_travelthrust_02_mk1" quality="1" min="1.35" max="1.45">
      <bonus chance="1.0" max="1">
        <boostthrust min="0.7" max="0.75"/>
      </bonus>
    </travelthrust>
    <rotationthrust ware="mod_engine_rotationthrust_02_mk1" quality="1" min="1.35" max="1.45">
      <bonus chance="1.0" max="1">
        <strafethrust min="0.7" max="0.75"/>
      </bonus>
    </rotationthrust>
    <strafethrust ware="mod_engine_strafethrust_02_mk1" quality="1" min="1.35" max="1.45">
      <bonus chance="1.0" max="1">
        <rotationthrust min="0.7" max="0.75"/>
      </bonus>
    </strafethrust>

    <!-- MEDIUM: 1.1 - 1.2
          forwardthrust min and max reduced to half
          separate forwardthrust, boostthrust, and travelthrust
          tend to separate strafethrust and rotation thrust -->
    <forwardthrust ware="mod_engine_forwardthrust_01_mk2" quality="2" min="1.05" max="1.1">
      <bonus chance="1.0" max="1">
        <rotationthrust min="1.1" max="1.2"/>
        <strafethrust min="1.1" max="1.2"/>
      </bonus>
    </forwardthrust>
    <boostthrust ware="mod_engine_boostthrust_01_mk2" quality="2" min="1.1" max="1.2">
      <bonus chance="1.0" max="2">
        <boostduration min="1.1" max="1.2" weight="3"/>
        <rotationthrust min="1.1" max="1.2" weight="2"/>
        <strafethrust min="1.1" max="1.2" weight="2"/>
      </bonus>
    </boostthrust>
    <travelthrust ware="mod_engine_travelthrust_01_mk2" quality="2" min="1.1" max="1.2">
      <bonus chance="1.0" max="2">
        <travelstartthrust min="1.1" max="1.2" weight="2"/>
        <travelattacktime min="0.8" max="0.95" weight="2"/>
        <travelchargetime min="0.8" max="0.95" weight="2"/>
        <travelreleasetime min="0.8" max="0.95" weight="2"/>
        <rotationthrust min="1.1" max="1.2" weight="1"/>
        <strafethrust min="1.1" max="1.2" weight="1"/>
      </bonus>
    </travelthrust>

    <!-- MEDIUM: pos - neg: negative properties allow higher positive properties thereby resulting in mods that have effects that are more tangible -->
    <forwardthrust ware="mod_engine_forwardthrust_02_mk2" quality="2" min="1.2" max="1.25">
      <bonus chance="1.0" max="2">
        <boostthrust min="0.9" max="0.95"/>
        <travelthrust min="0.9" max="0.95"/>
      </bonus>
    </forwardthrust>
    <boostthrust ware="mod_engine_boostthrust_02_mk2" quality="2" min="1.2" max="1.25">
      <bonus chance="1.0" max="1">
        <travelthrust min="0.9" max="0.95"/>
      </bonus>
    </boostthrust>
    <travelthrust ware="mod_engine_travelthrust_02_mk2" quality="2" min="1.2" max="1.25">
      <bonus chance="1.0" max="1">
        <boostthrust min="0.9" max="0.95"/>
      </bonus>
    </travelthrust>

    <!-- HIGH: 1.1 - 1.3
          forwardthrust min and max reduced to half
          forwardthrust can be combined with boostthrust or travelthrust -->
    <!-- fast -->
    <forwardthrust ware="mod_engine_forwardthrust_01_mk3" quality="3" min="1.1" max="1.3">
      <bonus chance="1.0" max="4">
        <boostthrust min="1.2" max="1.5"/>
        <travelthrust min="1.2" max="1.5"/>
        <rotationthrust min="1.1" max="1.3"/>
        <strafethrust min="1.1" max="1.3"/>
      </bonus>
    </forwardthrust>

    <!-- dogfighter -->
    <rotationthrust ware="mod_engine_rotationthrust_01_mk3" quality="3" min="1.2" max="1.5">
      <bonus chance="1.0" max="3">
        <forwardthrust min="1.05" max="1.15"/>
        <strafethrust min="1.2" max="1.5"/>
      </bonus>
    </rotationthrust>

    <!-- boooooooooosssst -->
    <boostthrust ware="mod_engine_boostthrust_01_mk3" quality="3" min="1.1" max="1.3">
      <bonus chance="1.0" max="5">
        <forwardthrust min="1.05" max="1.15"/>
        <boostduration min="1.1" max="1.3"/>
        <rotationthrust min="1.1" max="1.3"/>
        <strafethrust min="1.1" max="1.3"/>
      </bonus>
    </boostthrust>

    <!-- extreme travel -->
    <travelthrust ware="mod_engine_travelthrust_01_mk3" quality="3" min="1.1" max="1.3">
      <bonus chance="1.0" max="7">
        <forwardthrust min="1.05" max="1.15"/>
        <travelstartthrust min="1.1" max="1.3"/>
        <travelattacktime min="0.7" max="0.9"/>
        <travelchargetime min="0.7" max="0.9"/>
        <travelreleasetime min="0.7" max="0.9"/>
        <rotationthrust min="1.1" max="1.3"/>
        <strafethrust min="1.1" max="1.3"/>
      </bonus>
    </travelthrust>
  </engine>
  <ship>
    <!-- tp****************************************** -->
    <maxhull ware="tp_war_maxhull_mk1" quality="1" min="1.25" max="1.5"/>
    <maxhull ware="tp_war_maxhull_mk2" quality="2" min="1.5" max="2.0"/>
    <maxhull ware="tp_war_maxhull_mk3" quality="3" min="2.0" max="2.5"/>
    <maxhull ware="tp_war_maxhull_mk4" quality="4" min="2.5" max="3.0"/>
    <!-- LOW: 1.05 - 1.2 -->
    <mass ware="mod_ship_mass_01_mk1" quality="1" min="0.833" max="0.953"/>
    <drag ware="mod_ship_drag_01_mk1" quality="1" min="0.833" max="0.953"/>
    <maxhull ware="mod_ship_maxhull_01_mk1" quality="1" min="1.05" max="1.2"/>
    <maxhull ware="tp_war_maxhull_mk1" quality="1" min="25" max="25"/>
    <radarrange ware="mod_ship_radarrange_01_mk1" quality="1" min="1.05" max="1.2"/>
    <countermeasurecapacity ware="mod_ship_countermeasurecapacity_01_mk1" quality="1" min="1" max="4"/>
    <deployablecapacity ware="mod_ship_deployablecapacity_01_mk1" quality="1" min="1" max="4"/>
    <missilecapacity ware="mod_ship_missilecapacity_01_mk1" quality="1" min="1" max="4"/>
    <unitcapacity ware="mod_ship_unitcapacity_01_mk1" quality="1" min="1" max="4"/>

    <!-- MEDIUM: 1.1 - 1.2
          separate: mass, drag
          noisy -->
    <mass ware="mod_ship_mass_01_mk2" quality="2" min="0.833" max="0.909">
      <bonus chance="1.0" max="2">
        <maxhull min="1.1" max="1.2" weight="1"/>
        <radarrange min="1.1" max="1.2" weight="1"/>
        <countermeasurecapacity min="2" max="4" weight="1"/>
        <deployablecapacity min="2" max="4" weight="1"/>
        <missilecapacity min="2" max="4" weight="1"/>
        <unitcapacity min="2" max="4" weight="1"/>
      </bonus>
    </mass>
    <drag ware="mod_ship_drag_01_mk2" quality="2" min="0.833" max="0.909">
      <bonus chance="1.0" max="2">
        <maxhull min="1.1" max="1.2" weight="1"/>
        <radarrange min="1.1" max="1.2" weight="1"/>
        <countermeasurecapacity min="2" max="4" weight="1"/>
        <deployablecapacity min="2" max="4" weight="1"/>
        <missilecapacity min="2" max="4" weight="1"/>
        <unitcapacity min="2" max="4" weight="1"/>
      </bonus>
    </drag>

    <!-- HIGH: 1.1 - 1.3
          can combine: mass and drag
          focused -->
    <!-- speed demon -->
    <mass ware="mod_ship_mass_01_mk3" quality="3" min="0.769" max="0.909">
      <bonus chance="1.0" max="1">
        <drag min="0.769" max="0.909"/>
      </bonus>
    </mass>
  </ship>
  <shield>
    <!-- tp************************ -->
    <capacity ware="tp_war_capacity_mk1" quality="1" min="1.25" max="1.5"/>
    <capacity ware="tp_war_capacity_mk2" quality="2" min="1.5" max="2.0"/>
    <capacity ware="tp_war_capacity_mk3" quality="3" min="2.0" max="2.5"/>
    <capacity ware="tp_war_capacity_mk4" quality="4" min="2.5" max="3.0"/>
    <!-- LOW: 1.05 - 1.2 -->
    <capacity ware="mod_shield_capacity_01_mk1" quality="1" min="1.05" max="1.2"/>
    <rechargedelay ware="mod_shield_rechargedelay_01_mk1" quality="1" min="0.8" max="0.95"/>
    <rechargerate ware="mod_shield_rechargerate_01_mk1" quality="1" min="1.05" max="1.2"/>

    <!-- MEDIUM: 1.1 - 1.2, combine 2 -->
    <capacity ware="mod_shield_capacity_01_mk2" quality="2" min="1.1" max="1.2">
      <bonus chance="1.0" max="1">
        <rechargedelay min="0.8" max="0.9"/>
        <rechargerate min="1.1" max="1.2"/>
      </bonus>
    </capacity>
    <rechargerate ware="mod_shield_rechargerate_01_mk2" quality="2" min="1.1" max="1.2">
      <bonus chance="1.0" max="1">
        <rechargedelay min="0.8" max="0.9"/>
        <capacity min="1.1" max="1.2"/>
      </bonus>
    </rechargerate>

    <!-- HIGH: ostensibly 1.1 - 1.3
          very focused: 1.3 - 1.7 -->
    <!-- bastion shields -->
    <capacity ware="mod_shield_capacity_01_mk3" quality="3" min="1.3" max="1.7"/>

    <!-- fast-cycling -->
    <rechargerate ware="mod_shield_rechargerate_01_mk3" quality="3" min="1.3" max="1.7">
      <bonus chance="1.0" max="1">
        <rechargedelay min="0.3" max="0.7"/>
      </bonus>
    </rechargerate>

    <!-- the generalist -->
    <capacity ware="mod_shield_capacity_02_mk3" quality="3" min="1.1" max="1.3">
      <bonus chance="1.0" max="2">
        <rechargerate min="1.1" max="1.3"/>
        <rechargedelay min="0.7" max="0.9"/>
      </bonus>
    </capacity>
  </shield>
</equipmentmods>
