<?xml version="1.0" encoding="utf-8"?>
<!-- Community Alternate Start - Create gamestarts -->
<diff>
  <add sel="/gamestarts">
    <gamestart id="x4ep1_gamestart_TESTER" name="TEST START FOR MISSILES" description="TEST START WITH COOL SHIT" image="gamestart_1" group="9">
      <info>
        <item name="{1021,8}" value="AlbySmith" /> <!-- Name -->
        <item name="{1021,1}" value="Heretics End" /> <!-- Location -->
        <item name="{1021,2}" value="Ship" /> <!-- Starting Ship -->
        <item name="{1021,3}" value="500000000" /> <!-- Cash -->
      </info>
      <location galaxy="xu_ep2_universe_macro" zone="zone002_cluster_15_sector001_macro">
        <position x="-28685" y="-1240" z="10695" />
        <rotation yaw="-115" pitch="0" roll="0" />
      </location>
      <player macro="character_player_tutorial_macro" money="500000000" name="Albysmith">
        <ship macro="ship_gen_s_fighter_01_a_macro">
          <loadout>
            <macros>
              <engine macro="engine_par_s_travel_01_mk1_macro" path="../con_engine_01" />
              <engine macro="engine_par_s_travel_01_mk1_macro" path="../con_engine_02" />
              <engine macro="engine_par_s_travel_01_mk1_macro" path="../con_engine_03" />
              <weapon macro="weapon_gen_s_dumbfire_01_mk1_macro" path="../con_weapon_01" optional="true" />
              <!-- <weapon macro="weapon_gen_s_dumbfire_01_mk1_macro" path="../con_weapon_02" optional="true" /> -->
              <shield macro="shield_tel_s_standard_01_mk1_macro" path="../con_shield_01" optional="true" />
            </macros>
            <ammunition>
              <ammunition macro="eq_arg_satellite_01_macro" exact="10" optional="true" />
              <ammunition macro="eq_arg_satellite_10_macro" exact="10" optional="true" />
              <ammunition macro="test_jump_beacon_t1_macro" exact="5" optional="true" />
              <ammunition macro="missile_dumbfire_light_mk1_macro" exact="5" optional="1" />
            </ammunition>
            <software>
              <software ware="software_dockmk2" />
              <software ware="software_trademk1" />
              <software ware="software_scannerlongrangemk2" />
              <software ware="software_scannerobjectmk2" />
            </software>
            <virtualmacros>
              <thruster macro="thruster_gen_s_allround_01_mk3_macro" />
            </virtualmacros>
          </loadout>
        </ship>
        <inventory>
          <ware ware="inv_timewarp" amount="1" />
          <ware ware="inv_interfaceunit" amount="6" />
          <ware ware="weapon_gen_spacesuit_repairlaser_01_mk1" amount="1" />
          <ware ware="software_scannerobjectmk3" amount="1" />
        </inventory>
        <blueprints>
          <ware ware="paintmod_0006" />
          <ware ware="paintmod_0048" />
          <ware ware="paintmod_0049" />
          <ware ware="paintmod_0050" />
          <ware ware="module_arg_dock_m_01_lowtech" />
          <ware ware="module_arg_pier_l_01" />
          <ware ware="module_arg_stor_container_s_01" />
          <ware ware="module_arg_conn_base_01" />
          <ware ware="module_arg_conn_cross_01" />
          <ware ware="module_arg_conn_vertical_01" />
          <ware ware="module_gen_prod_energycells_01" />
          <ware ware="module_arg_prod_meat_01" />
          <ware ware="module_gen_prod_combofactory" />
        </blueprints>
        <research>
          <ware ware="research_radioreceiver" />
          <ware ware="research_sensorbooster" />
          <ware ware="research_tradeinterface" />
        </research>
      </player>
    </gamestart>
    <gamestart id="x4ep1_gamestart_addingsector_meditech2" name="Path to Profit Start" description="Path to Profit Start" image="gamestart_1" group="9">
      <info>
        <item name="{1021,8}" value="AlbySmith" /> <!-- Name -->
        <item name="{1021,1}" value="Heretics End" /> <!-- Location -->
        <item name="{1021,2}" value="Ship" /> <!-- Starting Ship -->
        <item name="{1021,3}" value="500000000" /> <!-- Cash -->
      </info>
      <location galaxy="xu_ep2_universe_macro" zone="zone002_cluster_05_sector001_macro">
        <position x="-28685" y="-1240" z="10695" />
        <rotation yaw="-115" pitch="0" roll="0" />
      </location>
      <player macro="character_player_tutorial_macro" money="500000000" name="Albysmith">
        <ship macro="ship_gen_s_fighter_01_a_macro">
          <loadout>
            <macros>
              <engine macro="engine_par_s_travel_01_mk1_macro" path="../con_engine_01" />
              <engine macro="engine_par_s_travel_01_mk1_macro" path="../con_engine_02" />
              <weapon macro="weapon_gen_s_laser_01_mk1_macro" path="../con_primaryweapon_01" optional="true" />
              <weapon macro="weapon_gen_s_laser_01_mk1_macro" path="../con_primaryweapon_02" optional="true" />
              <shield macro="shield_tel_s_standard_01_mk1_macro" path="../con_shield_01" optional="true" />
            </macros>
            <ammunition>
              <ammunition macro="eq_arg_satellite_01_macro" exact="10" optional="true" />
              <ammunition macro="eq_arg_satellite_10_macro" exact="10" optional="true" />
              <ammunition macro="test_jump_beacon_t1_macro" exact="5" optional="true" />
            </ammunition>
            <software>
              <software ware="software_dockmk2" />
              <software ware="software_trademk1" />
              <software ware="software_scannerlongrangemk2" />
              <software ware="software_scannerobjectmk2" />
            </software>
            <virtualmacros>
              <thruster macro="thruster_gen_s_allround_01_mk3_macro" />
            </virtualmacros>
          </loadout>
        </ship>
        <inventory>
          <ware ware="inv_timewarp" amount="1" />
          <ware ware="inv_interfaceunit" amount="6" />
          <ware ware="weapon_gen_spacesuit_repairlaser_01_mk1" amount="1" />
          <ware ware="software_scannerobjectmk3" amount="1" />
        </inventory>
        <blueprints>
          <ware ware="paintmod_0006" />
          <ware ware="paintmod_0048" />
          <ware ware="paintmod_0049" />
          <ware ware="paintmod_0050" />
          <ware ware="module_arg_dock_m_01_lowtech" />
          <ware ware="module_arg_pier_l_01" />
          <ware ware="module_arg_stor_container_s_01" />
          <ware ware="module_arg_conn_base_01" />
          <ware ware="module_arg_conn_cross_01" />
          <ware ware="module_arg_conn_vertical_01" />
          <ware ware="module_gen_prod_energycells_01" />
          <ware ware="module_arg_prod_meat_01" />
        </blueprints>
        <research>
          <ware ware="research_radioreceiver" />
          <ware ware="research_sensorbooster" />
          <ware ware="research_tradeinterface" />
        </research>
      </player>
    </gamestart>
    <gamestart id="x4ep1_gamestart_addingsector_meditech" name="Meditech Start" description="Test Start" image="gamestart_1" group="9">
      <info>
        <item name="{1021,8}" value="AlbySmith" /> <!-- Name -->
        <item name="{1021,1}" value="Test Sector" /> <!-- Location -->
        <item name="{1021,2}" value="Ship" /> <!-- Starting Ship -->
        <item name="{1021,3}" value="500000000" /> <!-- Cash -->
      </info>
      <location galaxy="xu_ep2_universe_macro" zone="meditech_zone002_cluster_01_sector001_macro">
        <position x="-28685" y="-1240" z="10695" />
        <rotation yaw="-115" pitch="0" roll="0" />
      </location>
      <player macro="character_player_tutorial_macro" money="500000000" name="Albysmith">
        <ship macro="ship_gen_s_fighter_01_a_macro">
          <loadout>
            <macros>
              <engine macro="engine_par_s_travel_01_mk1_macro" path="../con_engine_01" />
              <engine macro="engine_par_s_travel_01_mk1_macro" path="../con_engine_02" />
              <weapon macro="weapon_gen_s_laser_01_mk1_macro" path="../con_primaryweapon_01" optional="true" />
              <weapon macro="weapon_gen_s_laser_01_mk1_macro" path="../con_primaryweapon_02" optional="true" />
              <shield macro="shield_tel_s_standard_01_mk1_macro" path="../con_shield_01" optional="true" />
            </macros>
            <ammunition>
              <ammunition macro="eq_arg_satellite_01_macro" exact="10" optional="true" />
              <ammunition macro="eq_arg_satellite_10_macro" exact="10" optional="true" />
            </ammunition>
            <software>
              <software ware="software_dockmk2" />
              <software ware="software_trademk1" />
              <software ware="software_scannerlongrangemk2" />
              <software ware="software_scannerobjectmk2" />
            </software>
            <virtualmacros>
              <thruster macro="thruster_gen_s_allround_01_mk1_macro" />
            </virtualmacros>
          </loadout>
        </ship>
        <inventory>
          <ware ware="inv_timewarp" amount="1" />
          <ware ware="inv_interfaceunit" amount="6" />
          <ware ware="weapon_gen_spacesuit_repairlaser_01_mk1" amount="1" />
          <ware ware="software_scannerobjectmk3" amount="1" />
        </inventory>
        <blueprints>
          <ware ware="paintmod_0006" />
          <ware ware="paintmod_0048" />
          <ware ware="paintmod_0049" />
          <ware ware="paintmod_0050" />
          <ware ware="module_arg_dock_m_01_lowtech" />
          <ware ware="module_arg_pier_l_01" />
          <ware ware="module_arg_stor_container_s_01" />
          <ware ware="module_arg_conn_base_01" />
          <ware ware="module_arg_conn_cross_01" />
          <ware ware="module_arg_conn_vertical_01" />
          <ware ware="module_gen_prod_energycells_01" />
          <ware ware="module_arg_prod_meat_01" />
        </blueprints>
        <research>
          <ware ware="research_radioreceiver" />
          <ware ware="research_sensorbooster" />
          <ware ware="research_tradeinterface" />
        </research>
      </player>
    </gamestart>
    <!-- The Humble Merchant -->
    <!-- TODO: Awaiting permission to include, included as an example -->
    <gamestart id="x4ep1_gamestart_cas_5060_HM" name="ArgonPrime Start" description="Argon Prime Start" image="gamestart_1" group="9">
      <info>
        <item name="{1021,8}" value="AlbySmith" /> <!-- Name -->
        <item name="{1021,1}" value="Argon Prime" /> <!-- Location -->
        <item name="{1021,2}" value="Ship" /> <!-- Starting Ship -->
        <item name="{1021,3}" value="500000000" /> <!-- Cash -->
      </info>
      <location galaxy="xu_ep2_universe_macro" zone="zone002_cluster_14_sector001_macro">
        <position x="-28685" y="-1240" z="10695" />
        <rotation yaw="-115" pitch="0" roll="0" />
      </location>
      <player macro="character_player_tutorial_macro" money="500000000" name="Albysmith">
        <ship macro="ship_gen_s_fighter_01_a_macro">
          <loadout>
            <macros>
              <engine macro="engine_par_s_travel_01_mk1_macro" path="../con_engine_01" />
              <engine macro="engine_par_s_travel_01_mk1_macro" path="../con_engine_02" />
              <engine macro="engine_par_s_travel_01_mk1_macro" path="../con_engine_03" />
              <weapon macro="weapon_gen_s_dumbfire_01_mk1_macro" path="../con_weapon_01" optional="true" />
              <!-- <weapon macro="weapon_gen_s_dumbfire_01_mk1_macro" path="../con_weapon_02" optional="true" /> -->
              <shield macro="shield_tel_s_standard_01_mk1_macro" path="../con_shield_01" optional="true" />
            </macros>
            <ammunition>
              <ammunition macro="eq_arg_satellite_01_macro" exact="10" optional="true" />
              <ammunition macro="eq_arg_satellite_10_macro" exact="10" optional="true" />
              <ammunition macro="env_deco_nav_beacon_t1_macro" exact="5" optional="true" />
              <ammunition macro="env_deco_nav_beacon_t1_macro" exact="5" optional="true" />
              <ammunition macro="tpwar_jump_beacon_t1_macro" exact="5" optional="true" />
              <ammunition macro="tpwar_teleportation_beacon_t1_macro" exact="5" optional="true" />
              <ammunition macro="tpwar_salvage_beacon_t1_macro" exact="5" optional="true" />
              <ammunition macro="missile_guided_heavy_mk1_macro" exact="100" optional="1" />
              <ammunition macro="missile_heatseeker_heavy_mk1_macro" exact="100" optional="1" />
              <ammunition macro="missile_dumbfire_light_mk1_macro" exact="100" optional="1" />
              <ammunition macro="missile_swarm_heavy_mk1_macro" exact="100" optional="1" />
            </ammunition>
            <software>
              <software ware="software_dockmk2" />
              <software ware="software_trademk1" />
              <software ware="software_scannerlongrangemk2" />
              <software ware="software_scannerobjectmk2" />
            </software>
            <virtualmacros>
              <thruster macro="thruster_gen_s_allround_01_mk3_macro" />
            </virtualmacros>
          </loadout>
        </ship>
        <inventory>
          <ware ware="inv_timewarp" amount="1" />
          <ware ware="inv_interfaceunit" amount="6" />
          <ware ware="inv_slave1" amount="6" />
          <ware ware="inv_treasuremap" amount="6" />
          <ware ware="inv_distressbeaconfreq" amount="6" />
          <ware ware="inv_battlelog" amount="6" />
          <ware ware="inv_prisonerzero" amount="6" />
          <ware ware="inv_prisoner1" amount="6" />
          <ware ware="inv_prisoner2" amount="6" />
          <ware ware="inv_prisoner3" amount="6" />
          <ware ware="inv_prisoner4" amount="6" />
          <ware ware="inventorytestthing" amount="6" />
          <ware ware="weapon_gen_spacesuit_repairlaser_01_mk1" amount="1" />
          <ware ware="software_scannerobjectmk3" amount="1" />
          <ware ware="inv_stellarmap" amount="6" />
          <ware ware="inv_locationpiratehideout" amount="6" />
        </inventory>
        <blueprints>
          <ware ware="paintmod_0006" />
          <ware ware="paintmod_0048" />
          <ware ware="paintmod_0049" />
          <ware ware="paintmod_0050" />
          <ware ware="module_arg_dock_m_01_lowtech" />
          <ware ware="module_arg_pier_l_01" />
          <ware ware="module_arg_stor_container_s_01" />
          <ware ware="module_arg_conn_base_01" />
          <ware ware="module_arg_conn_cross_01" />
          <ware ware="module_arg_conn_vertical_01" />
          <ware ware="module_gen_prod_energycells_01" />
          <ware ware="module_arg_prod_meat_01" />
          <!-- <ware ware="stellar_cartography_module" /> -->
        </blueprints>
        <research>
          <ware ware="research_radioreceiver" />
          <ware ware="research_sensorbooster" />
          <ware ware="research_tradeinterface" />
        </research>
      </player>
    </gamestart>
    <gamestart id="x4ep1_gamestart_addingsector_tppirate2" name="Heretic's End Start" description="Heretic's End Start" image="gamestart_1" group="9">
      <info>
        <item name="{1021,8}" value="AlbySmith" /> <!-- Name -->
        <item name="{1021,1}" value="Heretics End" /> <!-- Location -->
        <item name="{1021,2}" value="Ship" /> <!-- Starting Ship -->
        <item name="{1021,3}" value="500000000" /> <!-- Cash -->
      </info>
      <location galaxy="xu_ep2_universe_macro" zone="zone003_cluster_31_sector001_macro">
        <position x="-28685" y="-1240" z="10695" />
        <rotation yaw="-115" pitch="0" roll="0" />
      </location>
      <player macro="character_player_tutorial_macro" money="500000000" name="Albysmith">
        <ship macro="ship_gen_s_fighter_01_a_macro">
          <loadout>
            <macros>
              <engine macro="engine_par_s_travel_01_mk1_macro" path="../con_engine_01" />
              <engine macro="engine_par_s_travel_01_mk1_macro" path="../con_engine_02" />
              <weapon macro="weapon_gen_s_laser_01_mk1_macro" path="../con_primaryweapon_01" optional="true" />
              <weapon macro="weapon_gen_s_laser_01_mk1_macro" path="../con_primaryweapon_02" optional="true" />
              <shield macro="shield_tel_s_standard_01_mk1_macro" path="../con_shield_01" optional="true" />
            </macros>
            <ammunition>
              <ammunition macro="eq_arg_satellite_01_macro" exact="10" optional="true" />
              <ammunition macro="eq_arg_satellite_10_macro" exact="10" optional="true" />
            </ammunition>
            <software>
              <software ware="software_dockmk2" />
              <software ware="software_trademk1" />
              <software ware="software_scannerlongrangemk2" />
              <software ware="software_scannerobjectmk2" />
            </software>
            <virtualmacros>
              <thruster macro="thruster_gen_s_allround_01_mk1_macro" />
            </virtualmacros>
          </loadout>
        </ship>
        <inventory>
          <ware ware="inv_timewarp" amount="1" />
          <ware ware="inv_interfaceunit" amount="6" />
          <ware ware="weapon_gen_spacesuit_repairlaser_01_mk1" amount="1" />
          <ware ware="software_scannerobjectmk3" amount="1" />
        </inventory>
        <blueprints>
          <ware ware="paintmod_0006" />
          <ware ware="paintmod_0048" />
          <ware ware="paintmod_0049" />
          <ware ware="paintmod_0050" />
          <ware ware="module_arg_dock_m_01_lowtech" />
          <ware ware="module_arg_pier_l_01" />
          <ware ware="module_arg_stor_container_s_01" />
          <ware ware="module_arg_conn_base_01" />
          <ware ware="module_arg_conn_cross_01" />
          <ware ware="module_arg_conn_vertical_01" />
          <ware ware="module_gen_prod_energycells_01" />
          <ware ware="module_arg_prod_meat_01" />
        </blueprints>
        <research>
          <ware ware="research_radioreceiver" />
          <ware ware="research_sensorbooster" />
          <ware ware="research_tradeinterface" />
        </research>
      </player>
    </gamestart>
    <gamestart id="x4ep1_gamestart_addingsector_tppirate99" name="Sector 99 Start" description="Test Start" image="gamestart_1" group="9">
      <info>
        <item name="{1021,8}" value="AlbySmith" /> <!-- Name -->
        <item name="{1021,1}" value="Test Sector" /> <!-- Location -->
        <item name="{1021,2}" value="Ship" /> <!-- Starting Ship -->
        <item name="{1021,3}" value="500000000" /> <!-- Cash -->
      </info>
      <location galaxy="xu_ep2_universe_macro" zone="tppirate_zone001_cluster_99_sector001_macro">
        <position x="-28685" y="-1240" z="10695" />
        <rotation yaw="-115" pitch="0" roll="0" />
      </location>
      <player macro="character_player_tutorial_macro" money="500000000" name="Albysmith">
        <ship macro="ship_gen_s_fighter_01_a_macro">
          <loadout>
            <macros>
              <engine macro="engine_par_s_travel_01_mk1_macro" path="../con_engine_01" />
              <engine macro="engine_par_s_travel_01_mk1_macro" path="../con_engine_02" />
              <weapon macro="weapon_gen_s_laser_01_mk1_macro" path="../con_primaryweapon_01" optional="true" />
              <weapon macro="weapon_gen_s_laser_01_mk1_macro" path="../con_primaryweapon_02" optional="true" />
              <shield macro="shield_tel_s_standard_01_mk1_macro" path="../con_shield_01" optional="true" />
            </macros>
            <ammunition>
              <ammunition macro="eq_arg_satellite_01_macro" exact="10" optional="true" />
              <ammunition macro="eq_arg_satellite_10_macro" exact="10" optional="true" />
            </ammunition>
            <software>
              <software ware="software_dockmk2" />
              <software ware="software_trademk1" />
              <software ware="software_scannerlongrangemk2" />
              <software ware="software_scannerobjectmk2" />
            </software>
            <virtualmacros>
              <thruster macro="thruster_gen_s_allround_01_mk1_macro" />
            </virtualmacros>
          </loadout>
        </ship>
        <inventory>
          <ware ware="inv_timewarp" amount="1" />
          <ware ware="inv_interfaceunit" amount="6" />
          <ware ware="weapon_gen_spacesuit_repairlaser_01_mk1" amount="1" />
          <ware ware="software_scannerobjectmk3" amount="1" />
        </inventory>
        <blueprints>
          <ware ware="paintmod_0006" />
          <ware ware="paintmod_0048" />
          <ware ware="paintmod_0049" />
          <ware ware="paintmod_0050" />
          <ware ware="module_arg_dock_m_01_lowtech" />
          <ware ware="module_arg_pier_l_01" />
          <ware ware="module_arg_stor_container_s_01" />
          <ware ware="module_arg_conn_base_01" />
          <ware ware="module_arg_conn_cross_01" />
          <ware ware="module_arg_conn_vertical_01" />
          <ware ware="module_gen_prod_energycells_01" />
          <ware ware="module_arg_prod_meat_01" />
        </blueprints>
        <research>
          <ware ware="research_radioreceiver" />
          <ware ware="research_sensorbooster" />
          <ware ware="research_tradeinterface" />
        </research>
      </player>
    </gamestart>
    <gamestart id="x4ep1_gamestart_addingsector_tppirate98" name="Sector 98 Start" description="Test Start" image="gamestart_1" group="9">
      <info>
        <item name="{1021,8}" value="AlbySmith" /> <!-- Name -->
        <item name="{1021,1}" value="Test Sector" /> <!-- Location -->
        <item name="{1021,2}" value="Ship" /> <!-- Starting Ship -->
        <item name="{1021,3}" value="500000000" /> <!-- Cash -->
      </info>
      <location galaxy="xu_ep2_universe_macro" zone="tppirate_zone001_cluster_98_sector001_macro">
        <position x="-28685" y="-1240" z="10695" />
        <rotation yaw="-115" pitch="0" roll="0" />
      </location>
      <player macro="character_player_tutorial_macro" money="500000000" name="Albysmith">
        <ship macro="ship_gen_s_fighter_01_a_macro">
          <loadout>
            <macros>
              <engine macro="engine_par_s_travel_01_mk1_macro" path="../con_engine_01" />
              <engine macro="engine_par_s_travel_01_mk1_macro" path="../con_engine_02" />
              <weapon macro="weapon_gen_s_laser_01_mk1_macro" path="../con_primaryweapon_01" optional="true" />
              <weapon macro="weapon_gen_s_laser_01_mk1_macro" path="../con_primaryweapon_02" optional="true" />
              <shield macro="shield_tel_s_standard_01_mk1_macro" path="../con_shield_01" optional="true" />
            </macros>
            <ammunition>
              <ammunition macro="eq_arg_satellite_01_macro" exact="10" optional="true" />
              <ammunition macro="eq_arg_satellite_10_macro" exact="10" optional="true" />
            </ammunition>
            <software>
              <software ware="software_dockmk2" />
              <software ware="software_trademk1" />
              <software ware="software_scannerlongrangemk2" />
              <software ware="software_scannerobjectmk2" />
            </software>
            <virtualmacros>
              <thruster macro="thruster_gen_s_allround_01_mk1_macro" />
            </virtualmacros>
          </loadout>
        </ship>
        <inventory>
          <ware ware="inv_timewarp" amount="1" />
          <ware ware="inv_interfaceunit" amount="6" />
          <ware ware="weapon_gen_spacesuit_repairlaser_01_mk1" amount="1" />
          <ware ware="software_scannerobjectmk3" amount="1" />
        </inventory>
        <blueprints>
          <ware ware="paintmod_0006" />
          <ware ware="paintmod_0048" />
          <ware ware="paintmod_0049" />
          <ware ware="paintmod_0050" />
          <ware ware="module_arg_dock_m_01_lowtech" />
          <ware ware="module_arg_pier_l_01" />
          <ware ware="module_arg_stor_container_s_01" />
          <ware ware="module_arg_conn_base_01" />
          <ware ware="module_arg_conn_cross_01" />
          <ware ware="module_arg_conn_vertical_01" />
          <ware ware="module_gen_prod_energycells_01" />
          <ware ware="module_arg_prod_meat_01" />
        </blueprints>
        <research>
          <ware ware="research_radioreceiver" />
          <ware ware="research_sensorbooster" />
          <ware ware="research_tradeinterface" />
        </research>
      </player>
    </gamestart>
    <gamestart id="x4ep1_gamestart_addingsector_tppirate97" name="Sector 97 Start" description="Test Start" image="gamestart_1" group="9">
      <info>
        <item name="{1021,8}" value="AlbySmith" /> <!-- Name -->
        <item name="{1021,1}" value="Test Sector" /> <!-- Location -->
        <item name="{1021,2}" value="Ship" /> <!-- Starting Ship -->
        <item name="{1021,3}" value="500000000" /> <!-- Cash -->
      </info>
      <location galaxy="xu_ep2_universe_macro" zone="tppirate_zone001_cluster_97_sector001_macro">
        <position x="-28685" y="-1240" z="10695" />
        <rotation yaw="-115" pitch="0" roll="0" />
      </location>
      <player macro="character_player_tutorial_macro" money="500000000" name="Albysmith">
        <ship macro="ship_gen_s_fighter_01_a_macro">
          <loadout>
            <macros>
              <engine macro="engine_par_s_travel_01_mk1_macro" path="../con_engine_01" />
              <engine macro="engine_par_s_travel_01_mk1_macro" path="../con_engine_02" />
              <weapon macro="weapon_gen_s_laser_01_mk1_macro" path="../con_primaryweapon_01" optional="true" />
              <weapon macro="weapon_gen_s_laser_01_mk1_macro" path="../con_primaryweapon_02" optional="true" />
              <shield macro="shield_tel_s_standard_01_mk1_macro" path="../con_shield_01" optional="true" />
            </macros>
            <ammunition>
              <ammunition macro="eq_arg_satellite_01_macro" exact="10" optional="true" />
              <ammunition macro="eq_arg_satellite_10_macro" exact="10" optional="true" />
            </ammunition>
            <software>
              <software ware="software_dockmk2" />
              <software ware="software_trademk1" />
              <software ware="software_scannerlongrangemk2" />
              <software ware="software_scannerobjectmk2" />
            </software>
            <virtualmacros>
              <thruster macro="thruster_gen_s_allround_01_mk1_macro" />
            </virtualmacros>
          </loadout>
        </ship>
        <inventory>
          <ware ware="inv_timewarp" amount="1" />
          <ware ware="inv_interfaceunit" amount="6" />
          <ware ware="weapon_gen_spacesuit_repairlaser_01_mk1" amount="1" />
          <ware ware="software_scannerobjectmk3" amount="1" />
        </inventory>
        <blueprints>
          <ware ware="paintmod_0006" />
          <ware ware="paintmod_0048" />
          <ware ware="paintmod_0049" />
          <ware ware="paintmod_0050" />
          <ware ware="module_arg_dock_m_01_lowtech" />
          <ware ware="module_arg_pier_l_01" />
          <ware ware="module_arg_stor_container_s_01" />
          <ware ware="module_arg_conn_base_01" />
          <ware ware="module_arg_conn_cross_01" />
          <ware ware="module_arg_conn_vertical_01" />
          <ware ware="module_gen_prod_energycells_01" />
          <ware ware="module_arg_prod_meat_01" />
        </blueprints>
        <research>
          <ware ware="research_radioreceiver" />
          <ware ware="research_sensorbooster" />
          <ware ware="research_tradeinterface" />
        </research>
      </player>
    </gamestart>
    <gamestart id="x4ep1_gamestart_addingsector_tppirate96" name="Sector 96 Start" description="Test Start" image="gamestart_1" group="9">
      <info>
        <item name="{1021,8}" value="AlbySmith" /> <!-- Name -->
        <item name="{1021,1}" value="Test Sector" /> <!-- Location -->
        <item name="{1021,2}" value="Ship" /> <!-- Starting Ship -->
        <item name="{1021,3}" value="500000000" /> <!-- Cash -->
      </info>
      <location galaxy="xu_ep2_universe_macro" zone="tppirate_zone001_cluster_96_sector001_macro">
        <position x="-28685" y="-1240" z="10695" />
        <rotation yaw="-115" pitch="0" roll="0" />
      </location>
      <player macro="character_player_tutorial_macro" money="500000000" name="Albysmith">
        <ship macro="ship_gen_s_fighter_01_a_macro">
          <loadout>
            <macros>
              <engine macro="engine_par_s_travel_01_mk1_macro" path="../con_engine_01" />
              <engine macro="engine_par_s_travel_01_mk1_macro" path="../con_engine_02" />
              <weapon macro="weapon_gen_s_laser_01_mk1_macro" path="../con_primaryweapon_01" optional="true" />
              <weapon macro="weapon_gen_s_laser_01_mk1_macro" path="../con_primaryweapon_02" optional="true" />
              <shield macro="shield_tel_s_standard_01_mk1_macro" path="../con_shield_01" optional="true" />
            </macros>
            <ammunition>
              <ammunition macro="eq_arg_satellite_01_macro" exact="10" optional="true" />
              <ammunition macro="eq_arg_satellite_10_macro" exact="10" optional="true" />
            </ammunition>
            <software>
              <software ware="software_dockmk2" />
              <software ware="software_trademk1" />
              <software ware="software_scannerlongrangemk2" />
              <software ware="software_scannerobjectmk2" />
            </software>
            <virtualmacros>
              <thruster macro="thruster_gen_s_allround_01_mk1_macro" />
            </virtualmacros>
          </loadout>
        </ship>
        <inventory>
          <ware ware="inv_timewarp" amount="1" />
          <ware ware="inv_interfaceunit" amount="6" />
          <ware ware="weapon_gen_spacesuit_repairlaser_01_mk1" amount="1" />
          <ware ware="software_scannerobjectmk3" amount="1" />
        </inventory>
        <blueprints>
          <ware ware="paintmod_0006" />
          <ware ware="paintmod_0048" />
          <ware ware="paintmod_0049" />
          <ware ware="paintmod_0050" />
          <ware ware="module_arg_dock_m_01_lowtech" />
          <ware ware="module_arg_pier_l_01" />
          <ware ware="module_arg_stor_container_s_01" />
          <ware ware="module_arg_conn_base_01" />
          <ware ware="module_arg_conn_cross_01" />
          <ware ware="module_arg_conn_vertical_01" />
          <ware ware="module_gen_prod_energycells_01" />
          <ware ware="module_arg_prod_meat_01" />
        </blueprints>
        <research>
          <ware ware="research_radioreceiver" />
          <ware ware="research_sensorbooster" />
          <ware ware="research_tradeinterface" />
        </research>
      </player>
    </gamestart>
    <gamestart id="x4ep1_gamestart_addingsector_tppirate95" name="Sector 95 Start" description="Test Start" image="gamestart_1" group="9">
      <info>
        <item name="{1021,8}" value="AlbySmith" /> <!-- Name -->
        <item name="{1021,1}" value="Test Sector" /> <!-- Location -->
        <item name="{1021,2}" value="Ship" /> <!-- Starting Ship -->
        <item name="{1021,3}" value="500000000" /> <!-- Cash -->
      </info>
      <location galaxy="xu_ep2_universe_macro" zone="tppirate_zone001_cluster_95_sector001_macro">
        <position x="-28685" y="-1240" z="10695" />
        <rotation yaw="-115" pitch="0" roll="0" />
      </location>
      <player macro="character_player_tutorial_macro" money="500000000" name="Albysmith">
        <ship macro="ship_gen_s_fighter_01_a_macro">
          <loadout>
            <macros>
              <engine macro="engine_par_s_travel_01_mk1_macro" path="../con_engine_01" />
              <engine macro="engine_par_s_travel_01_mk1_macro" path="../con_engine_02" />
              <weapon macro="weapon_gen_s_laser_01_mk1_macro" path="../con_primaryweapon_01" optional="true" />
              <weapon macro="weapon_gen_s_laser_01_mk1_macro" path="../con_primaryweapon_02" optional="true" />
              <shield macro="shield_tel_s_standard_01_mk1_macro" path="../con_shield_01" optional="true" />
            </macros>
            <ammunition>
              <ammunition macro="eq_arg_satellite_01_macro" exact="10" optional="true" />
              <ammunition macro="eq_arg_satellite_10_macro" exact="10" optional="true" />
            </ammunition>
            <software>
              <software ware="software_dockmk2" />
              <software ware="software_trademk1" />
              <software ware="software_scannerlongrangemk2" />
              <software ware="software_scannerobjectmk2" />
            </software>
            <virtualmacros>
              <thruster macro="thruster_gen_s_allround_01_mk1_macro" />
            </virtualmacros>
          </loadout>
        </ship>
        <inventory>
          <ware ware="inv_timewarp" amount="1" />
          <ware ware="inv_interfaceunit" amount="6" />
          <ware ware="weapon_gen_spacesuit_repairlaser_01_mk1" amount="1" />
          <ware ware="software_scannerobjectmk3" amount="1" />
        </inventory>
        <blueprints>
          <ware ware="paintmod_0006" />
          <ware ware="paintmod_0048" />
          <ware ware="paintmod_0049" />
          <ware ware="paintmod_0050" />
          <ware ware="module_arg_dock_m_01_lowtech" />
          <ware ware="module_arg_pier_l_01" />
          <ware ware="module_arg_stor_container_s_01" />
          <ware ware="module_arg_conn_base_01" />
          <ware ware="module_arg_conn_cross_01" />
          <ware ware="module_arg_conn_vertical_01" />
          <ware ware="module_gen_prod_energycells_01" />
          <ware ware="module_arg_prod_meat_01" />
        </blueprints>
        <research>
          <ware ware="research_radioreceiver" />
          <ware ware="research_sensorbooster" />
          <ware ware="research_tradeinterface" />
        </research>
      </player>
    </gamestart>
    <gamestart id="x4ep1_gamestart_addingsector_tppirate94" name="Sector 94 Start" description="Test Start" image="gamestart_1" group="9">
      <info>
        <item name="{1021,8}" value="AlbySmith" /> <!-- Name -->
        <item name="{1021,1}" value="Test Sector" /> <!-- Location -->
        <item name="{1021,2}" value="Ship" /> <!-- Starting Ship -->
        <item name="{1021,3}" value="500000000" /> <!-- Cash -->
      </info>
      <location galaxy="xu_ep2_universe_macro" zone="tppirate_zone001_cluster_94_sector001_macro">
        <position x="-28685" y="-1240" z="10695" />
        <rotation yaw="-115" pitch="0" roll="0" />
      </location>
      <player macro="character_player_tutorial_macro" money="500000000" name="Albysmith">
        <ship macro="ship_gen_s_fighter_01_a_macro">
          <loadout>
            <macros>
              <engine macro="engine_par_s_travel_01_mk1_macro" path="../con_engine_01" />
              <engine macro="engine_par_s_travel_01_mk1_macro" path="../con_engine_02" />
              <weapon macro="weapon_gen_s_laser_01_mk1_macro" path="../con_primaryweapon_01" optional="true" />
              <weapon macro="weapon_gen_s_laser_01_mk1_macro" path="../con_primaryweapon_02" optional="true" />
              <shield macro="shield_tel_s_standard_01_mk1_macro" path="../con_shield_01" optional="true" />
            </macros>
            <ammunition>
              <ammunition macro="eq_arg_satellite_01_macro" exact="10" optional="true" />
              <ammunition macro="eq_arg_satellite_10_macro" exact="10" optional="true" />
            </ammunition>
            <software>
              <software ware="software_dockmk2" />
              <software ware="software_trademk1" />
              <software ware="software_scannerlongrangemk2" />
              <software ware="software_scannerobjectmk2" />
            </software>
            <virtualmacros>
              <thruster macro="thruster_gen_s_allround_01_mk1_macro" />
            </virtualmacros>
          </loadout>
        </ship>
        <inventory>
          <ware ware="inv_timewarp" amount="1" />
          <ware ware="inv_interfaceunit" amount="6" />
          <ware ware="weapon_gen_spacesuit_repairlaser_01_mk1" amount="1" />
          <ware ware="software_scannerobjectmk3" amount="1" />
        </inventory>
        <blueprints>
          <ware ware="paintmod_0006" />
          <ware ware="paintmod_0048" />
          <ware ware="paintmod_0049" />
          <ware ware="paintmod_0050" />
          <ware ware="module_arg_dock_m_01_lowtech" />
          <ware ware="module_arg_pier_l_01" />
          <ware ware="module_arg_stor_container_s_01" />
          <ware ware="module_arg_conn_base_01" />
          <ware ware="module_arg_conn_cross_01" />
          <ware ware="module_arg_conn_vertical_01" />
          <ware ware="module_gen_prod_energycells_01" />
          <ware ware="module_arg_prod_meat_01" />
        </blueprints>
        <research>
          <ware ware="research_radioreceiver" />
          <ware ware="research_sensorbooster" />
          <ware ware="research_tradeinterface" />
        </research>
      </player>
    </gamestart>
    <gamestart id="x4ep1_gamestart_addingsector_tppirate93" name="Sector 93 Start" description="Test Start" image="gamestart_1" group="9">
      <info>
        <item name="{1021,8}" value="AlbySmith" /> <!-- Name -->
        <item name="{1021,1}" value="Test Sector" /> <!-- Location -->
        <item name="{1021,2}" value="Ship" /> <!-- Starting Ship -->
        <item name="{1021,3}" value="500000000" /> <!-- Cash -->
      </info>
      <location galaxy="xu_ep2_universe_macro" zone="tppirate_zone001_cluster_93_sector001_macro">
        <position x="-28685" y="-1240" z="10695" />
        <rotation yaw="-115" pitch="0" roll="0" />
      </location>
      <player macro="character_player_tutorial_macro" money="500000000" name="Albysmith">
        <ship macro="ship_gen_s_fighter_01_a_macro">
          <loadout>
            <macros>
              <engine macro="engine_par_s_travel_01_mk1_macro" path="../con_engine_01" />
              <engine macro="engine_par_s_travel_01_mk1_macro" path="../con_engine_02" />
              <weapon macro="weapon_gen_s_laser_01_mk1_macro" path="../con_primaryweapon_01" optional="true" />
              <weapon macro="weapon_gen_s_laser_01_mk1_macro" path="../con_primaryweapon_02" optional="true" />
              <shield macro="shield_tel_s_standard_01_mk1_macro" path="../con_shield_01" optional="true" />
            </macros>
            <ammunition>
              <ammunition macro="eq_arg_satellite_01_macro" exact="10" optional="true" />
              <ammunition macro="eq_arg_satellite_10_macro" exact="10" optional="true" />
            </ammunition>
            <software>
              <software ware="software_dockmk2" />
              <software ware="software_trademk1" />
              <software ware="software_scannerlongrangemk2" />
              <software ware="software_scannerobjectmk2" />
            </software>
            <virtualmacros>
              <thruster macro="thruster_gen_s_allround_01_mk1_macro" />
            </virtualmacros>
          </loadout>
        </ship>
        <inventory>
          <ware ware="inv_timewarp" amount="1" />
          <ware ware="inv_interfaceunit" amount="6" />
          <ware ware="weapon_gen_spacesuit_repairlaser_01_mk1" amount="1" />
          <ware ware="software_scannerobjectmk3" amount="1" />
        </inventory>
        <blueprints>
          <ware ware="paintmod_0006" />
          <ware ware="paintmod_0048" />
          <ware ware="paintmod_0049" />
          <ware ware="paintmod_0050" />
          <ware ware="module_arg_dock_m_01_lowtech" />
          <ware ware="module_arg_pier_l_01" />
          <ware ware="module_arg_stor_container_s_01" />
          <ware ware="module_arg_conn_base_01" />
          <ware ware="module_arg_conn_cross_01" />
          <ware ware="module_arg_conn_vertical_01" />
          <ware ware="module_gen_prod_energycells_01" />
          <ware ware="module_arg_prod_meat_01" />
        </blueprints>
        <research>
          <ware ware="research_radioreceiver" />
          <ware ware="research_sensorbooster" />
          <ware ware="research_tradeinterface" />
        </research>
      </player>
    </gamestart>
    <gamestart id="x4ep1_gamestart_addingsector_tppirate92" name="Sector 92 Start" description="Test Start" image="gamestart_1" group="9">
      <info>
        <item name="{1021,8}" value="AlbySmith" /> <!-- Name -->
        <item name="{1021,1}" value="Test Sector" /> <!-- Location -->
        <item name="{1021,2}" value="Ship" /> <!-- Starting Ship -->
        <item name="{1021,3}" value="500000000" /> <!-- Cash -->
      </info>
      <location galaxy="xu_ep2_universe_macro" zone="tppirate_zone001_cluster_92_sector001_macro">
        <position x="-28685" y="-1240" z="10695" />
        <rotation yaw="-115" pitch="0" roll="0" />
      </location>
      <player macro="character_player_tutorial_macro" money="500000000" name="Albysmith">
        <ship macro="ship_gen_s_fighter_01_a_macro">
          <loadout>
            <macros>
              <engine macro="engine_par_s_travel_01_mk1_macro" path="../con_engine_01" />
              <engine macro="engine_par_s_travel_01_mk1_macro" path="../con_engine_02" />
              <weapon macro="weapon_gen_s_laser_01_mk1_macro" path="../con_primaryweapon_01" optional="true" />
              <weapon macro="weapon_gen_s_laser_01_mk1_macro" path="../con_primaryweapon_02" optional="true" />
              <shield macro="shield_tel_s_standard_01_mk1_macro" path="../con_shield_01" optional="true" />
            </macros>
            <ammunition>
              <ammunition macro="eq_arg_satellite_01_macro" exact="10" optional="true" />
              <ammunition macro="eq_arg_satellite_10_macro" exact="10" optional="true" />
            </ammunition>
            <software>
              <software ware="software_dockmk2" />
              <software ware="software_trademk1" />
              <software ware="software_scannerlongrangemk2" />
              <software ware="software_scannerobjectmk2" />
            </software>
            <virtualmacros>
              <thruster macro="thruster_gen_s_allround_01_mk1_macro" />
            </virtualmacros>
          </loadout>
        </ship>
        <inventory>
          <ware ware="inv_timewarp" amount="1" />
          <ware ware="inv_interfaceunit" amount="6" />
          <ware ware="weapon_gen_spacesuit_repairlaser_01_mk1" amount="1" />
          <ware ware="software_scannerobjectmk3" amount="1" />
        </inventory>
        <blueprints>
          <ware ware="paintmod_0006" />
          <ware ware="paintmod_0048" />
          <ware ware="paintmod_0049" />
          <ware ware="paintmod_0050" />
          <ware ware="module_arg_dock_m_01_lowtech" />
          <ware ware="module_arg_pier_l_01" />
          <ware ware="module_arg_stor_container_s_01" />
          <ware ware="module_arg_conn_base_01" />
          <ware ware="module_arg_conn_cross_01" />
          <ware ware="module_arg_conn_vertical_01" />
          <ware ware="module_gen_prod_energycells_01" />
          <ware ware="module_arg_prod_meat_01" />
        </blueprints>
        <research>
          <ware ware="research_radioreceiver" />
          <ware ware="research_sensorbooster" />
          <ware ware="research_tradeinterface" />
        </research>
      </player>
    </gamestart>
    <gamestart id="x4ep1_gamestart_addingsector_tppirate91" name="Sector 91 Start" description="Test Start" image="gamestart_1" group="9">
      <info>
        <item name="{1021,8}" value="AlbySmith" /> <!-- Name -->
        <item name="{1021,1}" value="Test Sector" /> <!-- Location -->
        <item name="{1021,2}" value="Ship" /> <!-- Starting Ship -->
        <item name="{1021,3}" value="500000000" /> <!-- Cash -->
      </info>
      <location galaxy="xu_ep2_universe_macro" zone="tppirate_zone001_cluster_91_sector001_macro">
        <position x="-28685" y="-1240" z="10695" />
        <rotation yaw="-115" pitch="0" roll="0" />
      </location>
      <player macro="character_player_tutorial_macro" money="500000000" name="Albysmith">
        <ship macro="ship_gen_s_fighter_01_a_macro">
          <loadout>
            <macros>
              <engine macro="engine_par_s_travel_01_mk1_macro" path="../con_engine_01" />
              <engine macro="engine_par_s_travel_01_mk1_macro" path="../con_engine_02" />
              <weapon macro="weapon_gen_s_laser_01_mk1_macro" path="../con_primaryweapon_01" optional="true" />
              <weapon macro="weapon_gen_s_laser_01_mk1_macro" path="../con_primaryweapon_02" optional="true" />
              <shield macro="shield_tel_s_standard_01_mk1_macro" path="../con_shield_01" optional="true" />
            </macros>
            <ammunition>
              <ammunition macro="eq_arg_satellite_01_macro" exact="10" optional="true" />
              <ammunition macro="eq_arg_satellite_10_macro" exact="10" optional="true" />
            </ammunition>
            <software>
              <software ware="software_dockmk2" />
              <software ware="software_trademk1" />
              <software ware="software_scannerlongrangemk2" />
              <software ware="software_scannerobjectmk2" />
            </software>
            <virtualmacros>
              <thruster macro="thruster_gen_s_allround_01_mk1_macro" />
            </virtualmacros>
          </loadout>
        </ship>
        <inventory>
          <ware ware="inv_timewarp" amount="1" />
          <ware ware="inv_interfaceunit" amount="6" />
          <ware ware="weapon_gen_spacesuit_repairlaser_01_mk1" amount="1" />
          <ware ware="software_scannerobjectmk3" amount="1" />
        </inventory>
        <blueprints>
          <ware ware="paintmod_0006" />
          <ware ware="paintmod_0048" />
          <ware ware="paintmod_0049" />
          <ware ware="paintmod_0050" />
          <ware ware="module_arg_dock_m_01_lowtech" />
          <ware ware="module_arg_pier_l_01" />
          <ware ware="module_arg_stor_container_s_01" />
          <ware ware="module_arg_conn_base_01" />
          <ware ware="module_arg_conn_cross_01" />
          <ware ware="module_arg_conn_vertical_01" />
          <ware ware="module_gen_prod_energycells_01" />
          <ware ware="module_arg_prod_meat_01" />
        </blueprints>
        <research>
          <ware ware="research_radioreceiver" />
          <ware ware="research_sensorbooster" />
          <ware ware="research_tradeinterface" />
        </research>
      </player>
    </gamestart>
    <gamestart id="x4ep1_gamestart_addingsector_tppirate90" name="Sector 90 Start" description="Test Start" image="gamestart_1" group="9">
      <info>
        <item name="{1021,8}" value="AlbySmith" /> <!-- Name -->
        <item name="{1021,1}" value="Test Sector" /> <!-- Location -->
        <item name="{1021,2}" value="Ship" /> <!-- Starting Ship -->
        <item name="{1021,3}" value="500000000" /> <!-- Cash -->
      </info>
      <location galaxy="xu_ep2_universe_macro" zone="tppirate_zone001_cluster_90_sector001_macro">
        <position x="-28685" y="-1240" z="10695" />
        <rotation yaw="-115" pitch="0" roll="0" />
      </location>
      <player macro="character_player_tutorial_macro" money="500000000" name="Albysmith">
        <ship macro="ship_gen_s_fighter_01_a_macro">
          <loadout>
            <macros>
              <engine macro="engine_par_s_travel_01_mk1_macro" path="../con_engine_01" />
              <engine macro="engine_par_s_travel_01_mk1_macro" path="../con_engine_02" />
              <weapon macro="weapon_gen_s_laser_01_mk1_macro" path="../con_primaryweapon_01" optional="true" />
              <weapon macro="weapon_gen_s_laser_01_mk1_macro" path="../con_primaryweapon_02" optional="true" />
              <shield macro="shield_tel_s_standard_01_mk1_macro" path="../con_shield_01" optional="true" />
            </macros>
            <ammunition>
              <ammunition macro="eq_arg_satellite_01_macro" exact="10" optional="true" />
              <ammunition macro="eq_arg_satellite_10_macro" exact="10" optional="true" />
            </ammunition>
            <software>
              <software ware="software_dockmk2" />
              <software ware="software_trademk1" />
              <software ware="software_scannerlongrangemk2" />
              <software ware="software_scannerobjectmk2" />
            </software>
            <virtualmacros>
              <thruster macro="thruster_gen_s_allround_01_mk1_macro" />
            </virtualmacros>
          </loadout>
        </ship>
        <inventory>
          <ware ware="inv_timewarp" amount="1" />
          <ware ware="inv_interfaceunit" amount="6" />
          <ware ware="weapon_gen_spacesuit_repairlaser_01_mk1" amount="1" />
          <ware ware="software_scannerobjectmk3" amount="1" />
        </inventory>
        <blueprints>
          <ware ware="paintmod_0006" />
          <ware ware="paintmod_0048" />
          <ware ware="paintmod_0049" />
          <ware ware="paintmod_0050" />
          <ware ware="module_arg_dock_m_01_lowtech" />
          <ware ware="module_arg_pier_l_01" />
          <ware ware="module_arg_stor_container_s_01" />
          <ware ware="module_arg_conn_base_01" />
          <ware ware="module_arg_conn_cross_01" />
          <ware ware="module_arg_conn_vertical_01" />
          <ware ware="module_gen_prod_energycells_01" />
          <ware ware="module_arg_prod_meat_01" />
        </blueprints>
        <research>
          <ware ware="research_radioreceiver" />
          <ware ware="research_sensorbooster" />
          <ware ware="research_tradeinterface" />
        </research>
      </player>
    </gamestart>
    <gamestart id="x4ep1_gamestart_addingsector_tppirate89" name="Sector 89 Start" description="Test Start" image="gamestart_1" group="9">
      <info>
        <item name="{1021,8}" value="AlbySmith" /> <!-- Name -->
        <item name="{1021,1}" value="Test Sector" /> <!-- Location -->
        <item name="{1021,2}" value="Ship" /> <!-- Starting Ship -->
        <item name="{1021,3}" value="500000000" /> <!-- Cash -->
      </info>
      <location galaxy="xu_ep2_universe_macro" zone="tppirate_zone001_cluster_89_sector001_macro">
        <position x="-28685" y="-1240" z="10695" />
        <rotation yaw="-115" pitch="0" roll="0" />
      </location>
      <player macro="character_player_tutorial_macro" money="500000000" name="Albysmith">
        <ship macro="ship_gen_s_fighter_01_a_macro">
          <loadout>
            <macros>
              <engine macro="engine_par_s_travel_01_mk1_macro" path="../con_engine_01" />
              <engine macro="engine_par_s_travel_01_mk1_macro" path="../con_engine_02" />
              <weapon macro="weapon_gen_s_laser_01_mk1_macro" path="../con_primaryweapon_01" optional="true" />
              <weapon macro="weapon_gen_s_laser_01_mk1_macro" path="../con_primaryweapon_02" optional="true" />
              <shield macro="shield_tel_s_standard_01_mk1_macro" path="../con_shield_01" optional="true" />
            </macros>
            <ammunition>
              <ammunition macro="eq_arg_satellite_01_macro" exact="10" optional="true" />
              <ammunition macro="eq_arg_satellite_10_macro" exact="10" optional="true" />
            </ammunition>
            <software>
              <software ware="software_dockmk2" />
              <software ware="software_trademk1" />
              <software ware="software_scannerlongrangemk2" />
              <software ware="software_scannerobjectmk2" />
            </software>
            <virtualmacros>
              <thruster macro="thruster_gen_s_allround_01_mk1_macro" />
            </virtualmacros>
          </loadout>
        </ship>
        <inventory>
          <ware ware="inv_timewarp" amount="1" />
          <ware ware="inv_interfaceunit" amount="6" />
          <ware ware="weapon_gen_spacesuit_repairlaser_01_mk1" amount="1" />
          <ware ware="software_scannerobjectmk3" amount="1" />
        </inventory>
        <blueprints>
          <ware ware="paintmod_0006" />
          <ware ware="paintmod_0048" />
          <ware ware="paintmod_0049" />
          <ware ware="paintmod_0050" />
          <ware ware="module_arg_dock_m_01_lowtech" />
          <ware ware="module_arg_pier_l_01" />
          <ware ware="module_arg_stor_container_s_01" />
          <ware ware="module_arg_conn_base_01" />
          <ware ware="module_arg_conn_cross_01" />
          <ware ware="module_arg_conn_vertical_01" />
          <ware ware="module_gen_prod_energycells_01" />
          <ware ware="module_arg_prod_meat_01" />
        </blueprints>
        <research>
          <ware ware="research_radioreceiver" />
          <ware ware="research_sensorbooster" />
          <ware ware="research_tradeinterface" />
        </research>
      </player>
    </gamestart>
    <gamestart id="x4ep1_gamestart_addingsector_tppirate88" name="Sector 88 Start" description="Test Start" image="gamestart_1" group="9">
      <info>
        <item name="{1021,8}" value="AlbySmith" /> <!-- Name -->
        <item name="{1021,1}" value="Test Sector" /> <!-- Location -->
        <item name="{1021,2}" value="Ship" /> <!-- Starting Ship -->
        <item name="{1021,3}" value="500000000" /> <!-- Cash -->
      </info>
      <location galaxy="xu_ep2_universe_macro" zone="tppirate_zone001_cluster_88_sector001_macro">
        <position x="-28685" y="-1240" z="10695" />
        <rotation yaw="-115" pitch="0" roll="0" />
      </location>
      <player macro="character_player_tutorial_macro" money="500000000" name="Albysmith">
        <ship macro="ship_gen_s_fighter_01_a_macro">
          <loadout>
            <macros>
              <engine macro="engine_par_s_travel_01_mk1_macro" path="../con_engine_01" />
              <engine macro="engine_par_s_travel_01_mk1_macro" path="../con_engine_02" />
              <weapon macro="weapon_gen_s_laser_01_mk1_macro" path="../con_primaryweapon_01" optional="true" />
              <weapon macro="weapon_gen_s_laser_01_mk1_macro" path="../con_primaryweapon_02" optional="true" />
              <shield macro="shield_tel_s_standard_01_mk1_macro" path="../con_shield_01" optional="true" />
            </macros>
            <ammunition>
              <ammunition macro="eq_arg_satellite_01_macro" exact="10" optional="true" />
              <ammunition macro="eq_arg_satellite_10_macro" exact="10" optional="true" />
            </ammunition>
            <software>
              <software ware="software_dockmk2" />
              <software ware="software_trademk1" />
              <software ware="software_scannerlongrangemk2" />
              <software ware="software_scannerobjectmk2" />
            </software>
            <virtualmacros>
              <thruster macro="thruster_gen_s_allround_01_mk1_macro" />
            </virtualmacros>
          </loadout>
        </ship>
        <inventory>
          <ware ware="inv_timewarp" amount="1" />
          <ware ware="inv_interfaceunit" amount="6" />
          <ware ware="weapon_gen_spacesuit_repairlaser_01_mk1" amount="1" />
          <ware ware="software_scannerobjectmk3" amount="1" />
        </inventory>
        <blueprints>
          <ware ware="paintmod_0006" />
          <ware ware="paintmod_0048" />
          <ware ware="paintmod_0049" />
          <ware ware="paintmod_0050" />
          <ware ware="module_arg_dock_m_01_lowtech" />
          <ware ware="module_arg_pier_l_01" />
          <ware ware="module_arg_stor_container_s_01" />
          <ware ware="module_arg_conn_base_01" />
          <ware ware="module_arg_conn_cross_01" />
          <ware ware="module_arg_conn_vertical_01" />
          <ware ware="module_gen_prod_energycells_01" />
          <ware ware="module_arg_prod_meat_01" />
        </blueprints>
        <research>
          <ware ware="research_radioreceiver" />
          <ware ware="research_sensorbooster" />
          <ware ware="research_tradeinterface" />
        </research>
      </player>
    </gamestart>
    <gamestart id="x4ep1_gamestart_addingsector_tppirate87" name="Sector 87 Start" description="Test Start" image="gamestart_1" group="9">
      <info>
        <item name="{1021,8}" value="AlbySmith" /> <!-- Name -->
        <item name="{1021,1}" value="Test Sector" /> <!-- Location -->
        <item name="{1021,2}" value="Ship" /> <!-- Starting Ship -->
        <item name="{1021,3}" value="500000000" /> <!-- Cash -->
      </info>
      <location galaxy="xu_ep2_universe_macro" zone="tppirate_zone001_cluster_87_sector001_macro">
        <position x="-28685" y="-1240" z="10695" />
        <rotation yaw="-115" pitch="0" roll="0" />
      </location>
      <player macro="character_player_tutorial_macro" money="500000000" name="Albysmith">
        <ship macro="ship_gen_s_fighter_01_a_macro">
          <loadout>
            <macros>
              <engine macro="engine_par_s_travel_01_mk1_macro" path="../con_engine_01" />
              <engine macro="engine_par_s_travel_01_mk1_macro" path="../con_engine_02" />
              <weapon macro="weapon_gen_s_laser_01_mk1_macro" path="../con_primaryweapon_01" optional="true" />
              <weapon macro="weapon_gen_s_laser_01_mk1_macro" path="../con_primaryweapon_02" optional="true" />
              <shield macro="shield_tel_s_standard_01_mk1_macro" path="../con_shield_01" optional="true" />
            </macros>
            <ammunition>
              <ammunition macro="eq_arg_satellite_01_macro" exact="10" optional="true" />
              <ammunition macro="eq_arg_satellite_10_macro" exact="10" optional="true" />
            </ammunition>
            <software>
              <software ware="software_dockmk2" />
              <software ware="software_trademk1" />
              <software ware="software_scannerlongrangemk2" />
              <software ware="software_scannerobjectmk2" />
            </software>
            <virtualmacros>
              <thruster macro="thruster_gen_s_allround_01_mk1_macro" />
            </virtualmacros>
          </loadout>
        </ship>
        <inventory>
          <ware ware="inv_timewarp" amount="1" />
          <ware ware="inv_interfaceunit" amount="6" />
          <ware ware="weapon_gen_spacesuit_repairlaser_01_mk1" amount="1" />
          <ware ware="software_scannerobjectmk3" amount="1" />
        </inventory>
        <blueprints>
          <ware ware="paintmod_0006" />
          <ware ware="paintmod_0048" />
          <ware ware="paintmod_0049" />
          <ware ware="paintmod_0050" />
          <ware ware="module_arg_dock_m_01_lowtech" />
          <ware ware="module_arg_pier_l_01" />
          <ware ware="module_arg_stor_container_s_01" />
          <ware ware="module_arg_conn_base_01" />
          <ware ware="module_arg_conn_cross_01" />
          <ware ware="module_arg_conn_vertical_01" />
          <ware ware="module_gen_prod_energycells_01" />
          <ware ware="module_arg_prod_meat_01" />
        </blueprints>
        <research>
          <ware ware="research_radioreceiver" />
          <ware ware="research_sensorbooster" />
          <ware ware="research_tradeinterface" />
        </research>
      </player>
    </gamestart>
    <gamestart id="x4ep1_gamestart_addingsector_tppirate86" name="Sector 86 Start" description="Test Start" image="gamestart_1" group="9">
      <info>
        <item name="{1021,8}" value="AlbySmith" /> <!-- Name -->
        <item name="{1021,1}" value="Test Sector" /> <!-- Location -->
        <item name="{1021,2}" value="Ship" /> <!-- Starting Ship -->
        <item name="{1021,3}" value="500000000" /> <!-- Cash -->
      </info>
      <location galaxy="xu_ep2_universe_macro" zone="tppirate_zone001_cluster_86_sector001_macro">
        <position x="-28685" y="-1240" z="10695" />
        <rotation yaw="-115" pitch="0" roll="0" />
      </location>
      <player macro="character_player_tutorial_macro" money="500000000" name="Albysmith">
        <ship macro="ship_gen_s_fighter_01_a_macro">
          <loadout>
            <macros>
              <engine macro="engine_par_s_travel_01_mk1_macro" path="../con_engine_01" />
              <engine macro="engine_par_s_travel_01_mk1_macro" path="../con_engine_02" />
              <weapon macro="weapon_gen_s_laser_01_mk1_macro" path="../con_primaryweapon_01" optional="true" />
              <weapon macro="weapon_gen_s_laser_01_mk1_macro" path="../con_primaryweapon_02" optional="true" />
              <shield macro="shield_tel_s_standard_01_mk1_macro" path="../con_shield_01" optional="true" />
            </macros>
            <ammunition>
              <ammunition macro="eq_arg_satellite_01_macro" exact="10" optional="true" />
              <ammunition macro="eq_arg_satellite_10_macro" exact="10" optional="true" />
            </ammunition>
            <software>
              <software ware="software_dockmk2" />
              <software ware="software_trademk1" />
              <software ware="software_scannerlongrangemk2" />
              <software ware="software_scannerobjectmk2" />
            </software>
            <virtualmacros>
              <thruster macro="thruster_gen_s_allround_01_mk1_macro" />
            </virtualmacros>
          </loadout>
        </ship>
        <inventory>
          <ware ware="inv_timewarp" amount="1" />
          <ware ware="inv_interfaceunit" amount="6" />
          <ware ware="weapon_gen_spacesuit_repairlaser_01_mk1" amount="1" />
          <ware ware="software_scannerobjectmk3" amount="1" />
        </inventory>
        <blueprints>
          <ware ware="paintmod_0006" />
          <ware ware="paintmod_0048" />
          <ware ware="paintmod_0049" />
          <ware ware="paintmod_0050" />
          <ware ware="module_arg_dock_m_01_lowtech" />
          <ware ware="module_arg_pier_l_01" />
          <ware ware="module_arg_stor_container_s_01" />
          <ware ware="module_arg_conn_base_01" />
          <ware ware="module_arg_conn_cross_01" />
          <ware ware="module_arg_conn_vertical_01" />
          <ware ware="module_gen_prod_energycells_01" />
          <ware ware="module_arg_prod_meat_01" />
        </blueprints>
        <research>
          <ware ware="research_radioreceiver" />
          <ware ware="research_sensorbooster" />
          <ware ware="research_tradeinterface" />
        </research>
      </player>
    </gamestart>
    <gamestart id="x4ep1_gamestart_addingsector_tppirate85" name="Sector 85 Start" description="Test Start" image="gamestart_1" group="9">
      <info>
        <item name="{1021,8}" value="AlbySmith" /> <!-- Name -->
        <item name="{1021,1}" value="Test Sector" /> <!-- Location -->
        <item name="{1021,2}" value="Ship" /> <!-- Starting Ship -->
        <item name="{1021,3}" value="500000000" /> <!-- Cash -->
      </info>
      <location galaxy="xu_ep2_universe_macro" zone="tppirate_zone001_cluster_85_sector001_macro">
        <position x="-28685" y="-1240" z="10695" />
        <rotation yaw="-115" pitch="0" roll="0" />
      </location>
      <player macro="character_player_tutorial_macro" money="500000000" name="Albysmith">
        <ship macro="ship_gen_s_fighter_01_a_macro">
          <loadout>
            <macros>
              <engine macro="engine_par_s_travel_01_mk1_macro" path="../con_engine_01" />
              <engine macro="engine_par_s_travel_01_mk1_macro" path="../con_engine_02" />
              <weapon macro="weapon_gen_s_laser_01_mk1_macro" path="../con_primaryweapon_01" optional="true" />
              <weapon macro="weapon_gen_s_laser_01_mk1_macro" path="../con_primaryweapon_02" optional="true" />
              <shield macro="shield_tel_s_standard_01_mk1_macro" path="../con_shield_01" optional="true" />
            </macros>
            <ammunition>
              <ammunition macro="eq_arg_satellite_01_macro" exact="10" optional="true" />
              <ammunition macro="eq_arg_satellite_10_macro" exact="10" optional="true" />
            </ammunition>
            <software>
              <software ware="software_dockmk2" />
              <software ware="software_trademk1" />
              <software ware="software_scannerlongrangemk2" />
              <software ware="software_scannerobjectmk2" />
            </software>
            <virtualmacros>
              <thruster macro="thruster_gen_s_allround_01_mk1_macro" />
            </virtualmacros>
          </loadout>
        </ship>
        <inventory>
          <ware ware="inv_timewarp" amount="1" />
          <ware ware="inv_interfaceunit" amount="6" />
          <ware ware="weapon_gen_spacesuit_repairlaser_01_mk1" amount="1" />
          <ware ware="software_scannerobjectmk3" amount="1" />
        </inventory>
        <blueprints>
          <ware ware="paintmod_0006" />
          <ware ware="paintmod_0048" />
          <ware ware="paintmod_0049" />
          <ware ware="paintmod_0050" />
          <ware ware="module_arg_dock_m_01_lowtech" />
          <ware ware="module_arg_pier_l_01" />
          <ware ware="module_arg_stor_container_s_01" />
          <ware ware="module_arg_conn_base_01" />
          <ware ware="module_arg_conn_cross_01" />
          <ware ware="module_arg_conn_vertical_01" />
          <ware ware="module_gen_prod_energycells_01" />
          <ware ware="module_arg_prod_meat_01" />
        </blueprints>
        <research>
          <ware ware="research_radioreceiver" />
          <ware ware="research_sensorbooster" />
          <ware ware="research_tradeinterface" />
        </research>
      </player>
    </gamestart>
    <gamestart id="x4ep1_gamestart_addingsector_tppirate84" name="Sector 84 Start" description="Test Start" image="gamestart_1" group="9">
      <info>
        <item name="{1021,8}" value="AlbySmith" /> <!-- Name -->
        <item name="{1021,1}" value="Test Sector" /> <!-- Location -->
        <item name="{1021,2}" value="Ship" /> <!-- Starting Ship -->
        <item name="{1021,3}" value="500000000" /> <!-- Cash -->
      </info>
      <location galaxy="xu_ep2_universe_macro" zone="tppirate_zone001_cluster_84_sector001_macro">
        <position x="-28685" y="-1240" z="10695" />
        <rotation yaw="-115" pitch="0" roll="0" />
      </location>
      <player macro="character_player_tutorial_macro" money="500000000" name="Albysmith">
        <ship macro="ship_gen_s_fighter_01_a_macro">
          <loadout>
            <macros>
              <engine macro="engine_par_s_travel_01_mk1_macro" path="../con_engine_01" />
              <engine macro="engine_par_s_travel_01_mk1_macro" path="../con_engine_02" />
              <weapon macro="weapon_gen_s_laser_01_mk1_macro" path="../con_primaryweapon_01" optional="true" />
              <weapon macro="weapon_gen_s_laser_01_mk1_macro" path="../con_primaryweapon_02" optional="true" />
              <shield macro="shield_tel_s_standard_01_mk1_macro" path="../con_shield_01" optional="true" />
            </macros>
            <ammunition>
              <ammunition macro="eq_arg_satellite_01_macro" exact="10" optional="true" />
              <ammunition macro="eq_arg_satellite_10_macro" exact="10" optional="true" />
            </ammunition>
            <software>
              <software ware="software_dockmk2" />
              <software ware="software_trademk1" />
              <software ware="software_scannerlongrangemk2" />
              <software ware="software_scannerobjectmk2" />
            </software>
            <virtualmacros>
              <thruster macro="thruster_gen_s_allround_01_mk1_macro" />
            </virtualmacros>
          </loadout>
        </ship>
        <inventory>
          <ware ware="inv_timewarp" amount="1" />
          <ware ware="inv_interfaceunit" amount="6" />
          <ware ware="weapon_gen_spacesuit_repairlaser_01_mk1" amount="1" />
          <ware ware="software_scannerobjectmk3" amount="1" />
        </inventory>
        <blueprints>
          <ware ware="paintmod_0006" />
          <ware ware="paintmod_0048" />
          <ware ware="paintmod_0049" />
          <ware ware="paintmod_0050" />
          <ware ware="module_arg_dock_m_01_lowtech" />
          <ware ware="module_arg_pier_l_01" />
          <ware ware="module_arg_stor_container_s_01" />
          <ware ware="module_arg_conn_base_01" />
          <ware ware="module_arg_conn_cross_01" />
          <ware ware="module_arg_conn_vertical_01" />
          <ware ware="module_gen_prod_energycells_01" />
          <ware ware="module_arg_prod_meat_01" />
        </blueprints>
        <research>
          <ware ware="research_radioreceiver" />
          <ware ware="research_sensorbooster" />
          <ware ware="research_tradeinterface" />
        </research>
      </player>
    </gamestart>
    <gamestart id="x4ep1_gamestart_addingsector_tppirate83" name="Sector 83 Start" description="Test Start" image="gamestart_1" group="9">
      <info>
        <item name="{1021,8}" value="AlbySmith" /> <!-- Name -->
        <item name="{1021,1}" value="Test Sector" /> <!-- Location -->
        <item name="{1021,2}" value="Ship" /> <!-- Starting Ship -->
        <item name="{1021,3}" value="500000000" /> <!-- Cash -->
      </info>
      <location galaxy="xu_ep2_universe_macro" zone="tppirate_zone001_cluster_83_sector001_macro">
        <position x="-28685" y="-1240" z="10695" />
        <rotation yaw="-115" pitch="0" roll="0" />
      </location>
      <player macro="character_player_tutorial_macro" money="500000000" name="Albysmith">
        <ship macro="ship_gen_s_fighter_01_a_macro">
          <loadout>
            <macros>
              <engine macro="engine_par_s_travel_01_mk1_macro" path="../con_engine_01" />
              <engine macro="engine_par_s_travel_01_mk1_macro" path="../con_engine_02" />
              <weapon macro="weapon_gen_s_laser_01_mk1_macro" path="../con_primaryweapon_01" optional="true" />
              <weapon macro="weapon_gen_s_laser_01_mk1_macro" path="../con_primaryweapon_02" optional="true" />
              <shield macro="shield_tel_s_standard_01_mk1_macro" path="../con_shield_01" optional="true" />
            </macros>
            <ammunition>
              <ammunition macro="eq_arg_satellite_01_macro" exact="10" optional="true" />
              <ammunition macro="eq_arg_satellite_10_macro" exact="10" optional="true" />
            </ammunition>
            <software>
              <software ware="software_dockmk2" />
              <software ware="software_trademk1" />
              <software ware="software_scannerlongrangemk2" />
              <software ware="software_scannerobjectmk2" />
            </software>
            <virtualmacros>
              <thruster macro="thruster_gen_s_allround_01_mk1_macro" />
            </virtualmacros>
          </loadout>
        </ship>
        <inventory>
          <ware ware="inv_timewarp" amount="1" />
          <ware ware="inv_interfaceunit" amount="6" />
          <ware ware="weapon_gen_spacesuit_repairlaser_01_mk1" amount="1" />
          <ware ware="software_scannerobjectmk3" amount="1" />
        </inventory>
        <blueprints>
          <ware ware="paintmod_0006" />
          <ware ware="paintmod_0048" />
          <ware ware="paintmod_0049" />
          <ware ware="paintmod_0050" />
          <ware ware="module_arg_dock_m_01_lowtech" />
          <ware ware="module_arg_pier_l_01" />
          <ware ware="module_arg_stor_container_s_01" />
          <ware ware="module_arg_conn_base_01" />
          <ware ware="module_arg_conn_cross_01" />
          <ware ware="module_arg_conn_vertical_01" />
          <ware ware="module_gen_prod_energycells_01" />
          <ware ware="module_arg_prod_meat_01" />
        </blueprints>
        <research>
          <ware ware="research_radioreceiver" />
          <ware ware="research_sensorbooster" />
          <ware ware="research_tradeinterface" />
        </research>
      </player>
    </gamestart>
    <gamestart id="x4ep1_gamestart_addingsector_tppirate82" name="Sector 82 Start" description="Test Start" image="gamestart_1" group="9">
      <info>
        <item name="{1021,8}" value="AlbySmith" /> <!-- Name -->
        <item name="{1021,1}" value="Test Sector" /> <!-- Location -->
        <item name="{1021,2}" value="Ship" /> <!-- Starting Ship -->
        <item name="{1021,3}" value="500000000" /> <!-- Cash -->
      </info>
      <location galaxy="xu_ep2_universe_macro" zone="tppirate_zone001_cluster_82_sector001_macro">
        <position x="-28685" y="-1240" z="10695" />
        <rotation yaw="-115" pitch="0" roll="0" />
      </location>
      <player macro="character_player_tutorial_macro" money="500000000" name="Albysmith">
        <ship macro="ship_gen_s_fighter_01_a_macro">
          <loadout>
            <macros>
              <engine macro="engine_par_s_travel_01_mk1_macro" path="../con_engine_01" />
              <engine macro="engine_par_s_travel_01_mk1_macro" path="../con_engine_02" />
              <weapon macro="weapon_gen_s_laser_01_mk1_macro" path="../con_primaryweapon_01" optional="true" />
              <weapon macro="weapon_gen_s_laser_01_mk1_macro" path="../con_primaryweapon_02" optional="true" />
              <shield macro="shield_tel_s_standard_01_mk1_macro" path="../con_shield_01" optional="true" />
            </macros>
            <ammunition>
              <ammunition macro="eq_arg_satellite_01_macro" exact="10" optional="true" />
              <ammunition macro="eq_arg_satellite_10_macro" exact="10" optional="true" />
            </ammunition>
            <software>
              <software ware="software_dockmk2" />
              <software ware="software_trademk1" />
              <software ware="software_scannerlongrangemk2" />
              <software ware="software_scannerobjectmk2" />
            </software>
            <virtualmacros>
              <thruster macro="thruster_gen_s_allround_01_mk1_macro" />
            </virtualmacros>
          </loadout>
        </ship>
        <inventory>
          <ware ware="inv_timewarp" amount="1" />
          <ware ware="inv_interfaceunit" amount="6" />
          <ware ware="weapon_gen_spacesuit_repairlaser_01_mk1" amount="1" />
          <ware ware="software_scannerobjectmk3" amount="1" />
        </inventory>
        <blueprints>
          <ware ware="paintmod_0006" />
          <ware ware="paintmod_0048" />
          <ware ware="paintmod_0049" />
          <ware ware="paintmod_0050" />
          <ware ware="module_arg_dock_m_01_lowtech" />
          <ware ware="module_arg_pier_l_01" />
          <ware ware="module_arg_stor_container_s_01" />
          <ware ware="module_arg_conn_base_01" />
          <ware ware="module_arg_conn_cross_01" />
          <ware ware="module_arg_conn_vertical_01" />
          <ware ware="module_gen_prod_energycells_01" />
          <ware ware="module_arg_prod_meat_01" />
        </blueprints>
        <research>
          <ware ware="research_radioreceiver" />
          <ware ware="research_sensorbooster" />
          <ware ware="research_tradeinterface" />
        </research>
      </player>
    </gamestart>
    <gamestart id="x4ep1_gamestart_addingsector_tppirate81" name="Sector 81 Start" description="Test Start" image="gamestart_1" group="9">
      <info>
        <item name="{1021,8}" value="AlbySmith" /> <!-- Name -->
        <item name="{1021,1}" value="Test Sector" /> <!-- Location -->
        <item name="{1021,2}" value="Ship" /> <!-- Starting Ship -->
        <item name="{1021,3}" value="500000000" /> <!-- Cash -->
      </info>
      <location galaxy="xu_ep2_universe_macro" zone="tppirate_zone004_cluster_81_sector001_macro">
        <position x="-28685" y="-1240" z="10695" />
        <rotation yaw="-115" pitch="0" roll="0" />
      </location>
      <player macro="character_player_tutorial_macro" money="500000000" name="Albysmith">
        <ship macro="ship_gen_s_fighter_01_a_macro">
          <loadout>
            <macros>
              <engine macro="engine_par_s_travel_01_mk1_macro" path="../con_engine_01" />
              <engine macro="engine_par_s_travel_01_mk1_macro" path="../con_engine_02" />
              <weapon macro="weapon_gen_s_laser_01_mk1_macro" path="../con_primaryweapon_01" optional="true" />
              <weapon macro="weapon_gen_s_laser_01_mk1_macro" path="../con_primaryweapon_02" optional="true" />
              <shield macro="shield_tel_s_standard_01_mk1_macro" path="../con_shield_01" optional="true" />
            </macros>
            <ammunition>
              <ammunition macro="eq_arg_satellite_01_macro" exact="10" optional="true" />
              <ammunition macro="eq_arg_satellite_10_macro" exact="10" optional="true" />
            </ammunition>
            <software>
              <software ware="software_dockmk2" />
              <software ware="software_trademk1" />
              <software ware="software_scannerlongrangemk2" />
              <software ware="software_scannerobjectmk2" />
            </software>
            <virtualmacros>
              <thruster macro="thruster_gen_s_allround_01_mk1_macro" />
            </virtualmacros>
          </loadout>
        </ship>
        <inventory>
          <ware ware="inv_timewarp" amount="1" />
          <ware ware="inv_interfaceunit" amount="6" />
          <ware ware="weapon_gen_spacesuit_repairlaser_01_mk1" amount="1" />
          <ware ware="software_scannerobjectmk3" amount="1" />
        </inventory>
        <blueprints>
          <ware ware="paintmod_0006" />
          <ware ware="paintmod_0048" />
          <ware ware="paintmod_0049" />
          <ware ware="paintmod_0050" />
          <ware ware="module_arg_dock_m_01_lowtech" />
          <ware ware="module_arg_pier_l_01" />
          <ware ware="module_arg_stor_container_s_01" />
          <ware ware="module_arg_conn_base_01" />
          <ware ware="module_arg_conn_cross_01" />
          <ware ware="module_arg_conn_vertical_01" />
          <ware ware="module_gen_prod_energycells_01" />
          <ware ware="module_arg_prod_meat_01" />
        </blueprints>
        <research>
          <ware ware="research_radioreceiver" />
          <ware ware="research_sensorbooster" />
          <ware ware="research_tradeinterface" />
        </research>
      </player>
    </gamestart>
    <gamestart id="x4ep1_gamestart_addingsector_tppirate80" name="Sector 80 Start" description="Test Start" image="gamestart_1" group="9">
      <info>
        <item name="{1021,8}" value="AlbySmith" /> <!-- Name -->
        <item name="{1021,1}" value="Test Sector" /> <!-- Location -->
        <item name="{1021,2}" value="Ship" /> <!-- Starting Ship -->
        <item name="{1021,3}" value="500000000" /> <!-- Cash -->
      </info>
      <location galaxy="xu_ep2_universe_macro" zone="tppirate_zone001_cluster_80_sector001_macro">
        <position x="-28685" y="-1240" z="10695" />
        <rotation yaw="-115" pitch="0" roll="0" />
      </location>
      <player macro="character_player_tutorial_macro" money="500000000" name="Albysmith">
        <ship macro="ship_gen_s_fighter_01_a_macro">
          <loadout>
            <macros>
              <engine macro="engine_par_s_travel_01_mk1_macro" path="../con_engine_01" />
              <engine macro="engine_par_s_travel_01_mk1_macro" path="../con_engine_02" />
              <weapon macro="weapon_gen_s_laser_01_mk1_macro" path="../con_primaryweapon_01" optional="true" />
              <weapon macro="weapon_gen_s_laser_01_mk1_macro" path="../con_primaryweapon_02" optional="true" />
              <shield macro="shield_tel_s_standard_01_mk1_macro" path="../con_shield_01" optional="true" />
            </macros>
            <ammunition>
              <ammunition macro="eq_arg_satellite_01_macro" exact="10" optional="true" />
              <ammunition macro="eq_arg_satellite_10_macro" exact="10" optional="true" />
            </ammunition>
            <software>
              <software ware="software_dockmk2" />
              <software ware="software_trademk1" />
              <software ware="software_scannerlongrangemk2" />
              <software ware="software_scannerobjectmk2" />
            </software>
            <virtualmacros>
              <thruster macro="thruster_gen_s_allround_01_mk1_macro" />
            </virtualmacros>
          </loadout>
        </ship>
        <inventory>
          <ware ware="inv_timewarp" amount="1" />
          <ware ware="inv_interfaceunit" amount="6" />
          <ware ware="weapon_gen_spacesuit_repairlaser_01_mk1" amount="1" />
          <ware ware="software_scannerobjectmk3" amount="1" />
        </inventory>
        <blueprints>
          <ware ware="paintmod_0006" />
          <ware ware="paintmod_0048" />
          <ware ware="paintmod_0049" />
          <ware ware="paintmod_0050" />
          <ware ware="module_arg_dock_m_01_lowtech" />
          <ware ware="module_arg_pier_l_01" />
          <ware ware="module_arg_stor_container_s_01" />
          <ware ware="module_arg_conn_base_01" />
          <ware ware="module_arg_conn_cross_01" />
          <ware ware="module_arg_conn_vertical_01" />
          <ware ware="module_gen_prod_energycells_01" />
          <ware ware="module_arg_prod_meat_01" />
        </blueprints>
        <research>
          <ware ware="research_radioreceiver" />
          <ware ware="research_sensorbooster" />
          <ware ware="research_tradeinterface" />
        </research>
      </player>
    </gamestart>
    <gamestart id="x4ep1_gamestart_wifeisdumb" name="wifeisdumb" description="wifeisdumb" image="gamestart_2" cutscene="gamestart_2" intro="gamestart2" group="1">
      <info>
        <item name="{1021,8}" value="{1021,202}" />
        <item name="{1021,1}" value="{1021,203}" />
        <item name="{1021,2}" value="{1021,204}" />
        <item name="{1021,3}" value="{1021,205}" />
        <item name="{1021,4}" value="{1021,206}" />
        <item name="{1021,5}" value="{1021,207}" />
      </info>
      <unlock>
        <achievement ref="ACH_PLOT_2" />
      </unlock>
      <location galaxy="xu_ep2_universe_macro" zone="zone001_cluster_47_sector001_macro">
        <position x="-24299.879" y="-249.256" z="-13310.063" />
        <rotation yaw="-61.50683" pitch="14.70719" roll="43.06808" />
      </location>
      <player macro="character_player_fight_macro" money="5000" name="{1021,302}">
        <ship macro="ship_tel_s_scout_01_a_macro">
          <loadout>
            <macros>
              <engine macro="engine_tel_s_travel_01_mk1_macro" path="../con_engine_01" />
              <engine macro="engine_tel_s_travel_01_mk1_macro" path="../con_engine_02" />
              <weapon macro="weapon_gen_s_laser_01_mk1_macro" path="../con_weapon_01" optional="true" />
              <shield macro="shield_tel_s_standard_01_mk1_macro" path="../con_shield_01" optional="true" />
            </macros>
            <ammunition>
              <ammunition macro="eq_arg_satellite_01_macro" exact="5" optional="true" />
              <ammunition macro="env_deco_nav_beacon_t1_macro" exact="5" optional="true" />
              <ammunition macro="eq_arg_resourceprobe_01_macro" exact="5" optional="true" />
            </ammunition>
            <software>
              <software ware="software_trademk1" />
            </software>
            <virtualmacros>
              <thruster macro="thruster_gen_s_allround_01_mk1_macro" />
            </virtualmacros>
          </loadout>
        </ship>
        <inventory>
          <ware ware="weapon_gen_spacesuit_repairlaser_01_mk1" amount="1" />
          <ware ware="software_scannerobjectmk3" amount="1" />
        </inventory>
        <blueprints>
          <ware ware="clothingmod_0001" />
          <ware ware="clothingmod_0002" />
          <ware ware="paintmod_0006" />
          <ware ware="paintmod_0048" />
          <ware ware="paintmod_0049" />
          <ware ware="paintmod_0050" />
        </blueprints>
        <research>
          <ware ware="research_radioreceiver" />
          <ware ware="research_sensorbooster" />
          <ware ware="research_tradeinterface" />
        </research>
        <theme paint="painttheme_player_01" />
      </player>
    </gamestart>
  </add>
</diff>