<?xml version="1.0" encoding="utf-8" ?>
<diff>
    <add sel="/index">
        <!-- BEGIN STATIONS -->
        <entry name="station_arg_shipyard_dabase_01" value="extensions\The Teleportation Wars 3\assets\structures\station_arg_shipyard_dabase_01" />
        <entry name="station_arg_tradestation_dabase_01" value="extensions\The Teleportation Wars 3\assets\structures\station_arg_tradestation_dabase_01" />
        <entry name="station_arg_wharf_dabase_01" value="extensions\The Teleportation Wars 3\assets\structures\station_arg_wharf_dabase_01" />
        <entry name="station_par_shipyard_dabase_01" value="extensions\The Teleportation Wars 3\assets\structures\station_par_shipyard_dabase_01" />
        <entry name="station_par_tradestation_dabase_01" value="extensions\The Teleportation Wars 3\assets\structures\station_par_tradestation_dabase_01" />
        <entry name="station_par_wharf_dabase_01" value="extensions\The Teleportation Wars 3\assets\structures\station_par_wharf_dabase_01" />
        <entry name="station_tel_shipyard_dabase_01" value="extensions\The Teleportation Wars 3\assets\structures\station_tel_shipyard_dabase_01" />
        <entry name="station_tel_tradestation_dabase_01" value="extensions\The Teleportation Wars 3\assets\structures\station_tel_tradestation_dabase_01" />
        <entry name="station_tel_wharf_dabase_01" value="extensions\The Teleportation Wars 3\assets\structures\station_tel_wharf_dabase_01" />
        <!-- END STATIONS -->
        <!-- BEGIN HAT -->
        <entry name="Cluster_DA2HAT1" value="extensions\The Teleportation Wars 3\assets\environments\cluster\cluster_da2hat1" />
        <entry name="Cluster_DA2HAT2" value="extensions\The Teleportation Wars 3\assets\environments\cluster\cluster_da2hat2" />
        <!-- END HAT -->
        <!-- BEGIN ALI -->
        <entry name="Cluster_DA2ALI1" value="extensions\The Teleportation Wars 3\assets\environments\cluster\cluster_da2ali1" />
        <entry name="Cluster_DA2ALI2" value="extensions\The Teleportation Wars 3\assets\environments\cluster\cluster_da2ali2" />
        <!-- END ALI -->
        <!-- BEGIN SCA -->
        <entry name="Cluster_DA2SCA1" value="extensions\The Teleportation Wars 3\assets\environments\cluster\cluster_da2sca1" />
        <entry name="Cluster_DA2SCA2" value="extensions\The Teleportation Wars 3\assets\environments\cluster\cluster_da2sca2" />
        <!-- END SCA -->
        <!-- <entry name="tpwar_Arg_D_test_comp" value="extensions\The Teleportation Wars 3\assets\tpmacrotest\tpwar_Arg_D_test_comp"/>
        <entry name="recharge_test_comp" value="extensions\The Teleportation Wars 3\assets\tpmacrotest\filetreeshields\recharge_test_comp"/> -->
        <!-- <entry name="tpwar_Hypatia_comp" value="extensions\The Teleportation Wars 3\assets\TPWAR_Variants\combat_l\tpwar_Hypatia_comp"/> -->
    </add>
</diff>