<?xml version="1.0" encoding="utf-8"?>
<diff>
  <add sel="/aiscript/interrupts">
    <handler>
      <conditions>
        <event_object_entered_gate object="this.ship" />
        <check_object object="this.ship">
          <match_loadout wares="[ware.software_tpwar_jumpdrive]" />
        </check_object>
      </conditions>
      <actions>
        <set_value name="$JumpDistance" exact="this.ship.gatedistance.{$destination}" />
        <set_value name="$FuelAvailable" exact="this.ship.cargo.{ware.fieldcoils}.count" />
        <set_value name="$JumpFuelCost" exact="$JumpDistance * 10" />
        <set_value name="$StartPosition" exact="this.ship.sector" />
        <do_if value="$destination.isclass.zone">
          <set_value name="$EndPosition" exact="$destination.destination.sector" />
        </do_if>
        <do_elseif value="$destination.isclass.sector or $destination.isclass.cluster">
          <set_value name="$EndPosition" exact="$destination" />
        </do_elseif>
        <do_else>
          <debug_text text="this.ship.knownname + ' jump failed! End Position Confusing.....'" />
        </do_else>

        <do_if value="$JumpDistance gt 0 and $FuelAvailable gt $JumpFuelCost">
          <find_object groupname="$Beacons" macro="macro.test_jump_beacon_t1_macro" space="$EndPosition" multiple="true" />
          <do_if value="$Beacons.count">
            <warp object="this.ship" zone="$Beacons.{1}.zone">
              <safepos x="11297" y="12523" z="28994" radius="this.ship.size / 2" />
              <rotation yaw="-153deg" pitch="-10deg" />
            </warp>
            <remove_cargo object="this.ship" ware="ware.fieldcoils" exact="$JumpFuelCost" />
            <debug_text text="'Jump Successful! ' + this.ship.knownname + ' jumped from ' + $StartPosition.knownname + ' to ' + $EndPosition.knownname + '. Fuel cost: ' + $JumpFuelCost + ' field coils. Starting inventory: ' + $FuelAvailable + ' field coils.'" />
          </do_if>
          <do_else>
            <debug_text text="'Jump Failed! No jump beacons in destination sector. ' + this.ship.knownname +' attempted jump from ' + $StartPosition.knownname + ' to ' + $EndPosition.knownname + '. Fuel cost: ' + $JumpFuelCost + ' field coils. Current inventory: ' + $FuelAvailable + ' field coils.'" />
          </do_else>
        </do_if>
        <do_else>
          <debug_text text="'Jump Failed! Not enough fuel. ' + this.ship.knownname +' attempted jump from ' + $StartPosition.knownname + ' to ' + $EndPosition.knownname + '. Fuel cost: ' + $JumpFuelCost + ' field coils. Current inventory: ' + $FuelAvailable + ' field coils.'" />
        </do_else>
      </actions>
    </handler>
  </add>
</diff>


<!-- <diff>
    <add sel="//move_to[@destination='$positionspace'][@travel='not $noboost']" pos="before">
            <do_if value="this.ship.gatedistance.{$destination} != 0">  
              <find_object groupname="$Beacons" macro="macro.test_jump_beacon_t1_macro" space="player.galaxy" multiple="true"/>
              <do_all exact="$Beacons.count" counter="$BeaconCounter">
                <do_if value="$Beacons.{$BeaconCounter}.gatedistance.{$positionspace} == 0">
                  <warp object="this.ship" zone="$Beacons.{$BeaconCounter}.zone">
                    <safepos x="11297" y="12523" z="28994" radius="this.ship.size / 2"/>
                    <rotation yaw="-153deg" pitch="-10deg"/>
                  </warp>
                </do_if>
              </do_all>
            </do_if>
    </add>
    <add sel="//move_to[@destination='$destination'][@travel='not $noboost']" pos="before">
            <do_if value="this.ship.gatedistance.{$destination} != 0">                
              <find_object groupname="$Beacons" macro="macro.test_jump_beacon_t1_macro" space="player.galaxy" multiple="true"/>
              <do_all exact="$Beacons.count" counter="$BeaconCounter">
                <do_if value="$Beacons.{$BeaconCounter}.gatedistance.{$destination} == 0">
                  <warp object="this.ship" zone="$Beacons.{$BeaconCounter}.zone">
                    <safepos x="11297" y="12523" z="28994" radius="this.ship.size / 2"/>
                    <rotation yaw="-153deg" pitch="-10deg"/>
                  </warp>
                </do_if>
              </do_all>
            </do_if>
    </add>
</diff> -->
