<?xml version="1.0" encoding="utf-8"?>
<macros>
  <macro name="annihilator_l_turret_par_macro" class="turret">
    <component ref="turret_par_l_plasma_01_mk1" />
    <properties>
      <identification name="{20105,5054}" basename="{20105,5051}" shortname="{20105,5055}" makerrace="paranid" description="{20105,5052}" mk="1" />
      <bullet class="annihilator_l_bullet_macro" />
      <rotationspeed max="22" />
      <reload rate="0.5" time="1" />
      <hull max="15940" threshold="0.2" />
    </properties>
  </macro>
</macros>
