<?xml version="1.0" encoding="utf-8"?>
<macros>
  <macro name="annihilator_l_turret_tel_macro" class="turret">
    <component ref="turret_tel_l_plasma_01_mk1" />
    <properties>
      <identification name="{20105, 5064}" basename="{20105, 5061}" shortname="{20105, 5065}" makerrace="teladi" description="{20105, 5062}" unique="0" mk="1" />
      <bullet class="annihilator_l_bullet_macro" />
      <rotationspeed max="20" />
      <reload rate="0.5" time="1" />
      <hull max="17560" threshold="0.2" />
    </properties>
  </macro>
</macros>
