<components>
    <component name="annihilator_impact_comp" class="destructible">
        <source geometry="extensions\TP_VRO_Weapons\tp_annihilator\turret_annihilator_impact_data" />
        <layers>
            <layer>
                <waypoints />
                <lights>
                    <omni name="XU Omni01" shadow="0" r="255" g="198" b="0" range="25" shadowrange="25" lighteffect="1" trigger="1" intensity="3">
                        <offset>
                            <position x="0" y="0" z="7.493259" />
                        </offset>
                    </omni>
                </lights>
            </layer>
        </layers>
        <connections>
            <connection name="container" tags="contents" value="0" optional="0" />
            <connection name="position" tags="position" value="1" optional="1" />
            <connection name="space" tags="destructible">
                <offset />
            </connection>
            <connection name="Connection03" tags="part animation textureanimation ">
                <offset>
                    <position x="2.005376E-06" y="2.005376E-06" z="0" />
                </offset>
                <animations>
                    <animation name="playonce" start="1" end="30" />
                </animations>
                <parts>
                    <part name="anim_Sphere02">
                        <size>
                            <max x="146.8375" y="158.8712" z="11.30418" />
                            <center x="-9.63477E-06" y="-7.829932E-05" z="11.30418" />
                        </size>
                        <uv_animations>
                            <uv_animation mapchannel="4">
                                <uv_property name="v_offset" controller="bezier_float">
                                    <key frame="0" value="-0" in_tangent_type="auto" out_tangent_type="auto" />
                                    <key frame="20" value="-0" in_tangent_type="auto" out_tangent_type="auto" />
                                    <key frame="30" value="0.15" in_tangent_type="auto" out_tangent_type="auto" />
                                </uv_property>
                            </uv_animation>
                            <uv_animation mapchannel="3">
                                <uv_property name="v_offset" controller="linear_float">
                                    <key frame="0" value="-0.34" />
                                    <key frame="30" value="-0.6" />
                                </uv_property>
                            </uv_animation>
                        </uv_animations>
                    </part>
                </parts>
            </connection>
            <connection name="Connection02" tags="rendereffect ">
                <offset />
            </connection>
            <connection name="Connection01" tags="effect ">
                <offset />
            </connection>
        </connections>
    </component>
</components>