<?xml version="1.0" encoding="utf-8"?>
<macros>
  <macro name="annihilator_l_bullet_macro" class="bullet">
    <component ref="annihilator_l_bullet_comp" />
    <properties>
      <ammunition value="4" reload="10" />
      <bullet speed="4900" lifetime="3.5" amount="1" barrelamount="1" icon="weapon_plasma_mk1" timediff="0.003" angle="0.55" maxhits="1" ricochet="0" scale="0" attach="0" selfdestruct="1" />
      <reload rate="1" />
      <damage value="7000" shield="2500" repair="0" />
      <effects>
        <impact ref="turret_annihilator_impact" />
        <launch ref="turret_annihilator_muzzle" />
      </effects>
      <weapon system="turret_longrange" />
    </properties>
  </macro>
</macros>
