<?xml version="1.0" encoding="utf-8"?>
<macros>
  <macro name="annihilator_l_turret_arg_macro" class="turret">
    <component ref="turret_arg_l_plasma_01_mk1" />
    <properties>
      <identification name="{20105,5044}" basename="{20105,5041}" shortname="{20105,5045}" makerrace="argon" description="{20105,5042}" unique="0" mk="1" />
      <bullet class="annihilator_l_bullet_macro" />
      <rotationspeed max="20" />
      <reload rate="0.5" time="1" />
      <hull max="15940" threshold="0.2" />
    </properties>
  </macro>
</macros>
