<?xml version="1.0" encoding="UTF-8" ?>
<diff>
	<add sel="/language">
		<page id="734546" title="tpwar" descr="tpwarships" voice="yes">
			<!-- HYPATIA -->
      <t id="1">Hypatia</t>
      <t id="2">(Hypatia) {734546,4}</t>
      <t id="3">Hypatia Heavy Destroyer</t>
      <t id="4">Hypatia</t>
      <!-- GREBE -->
      <t id="5">Grebe</t>
      <t id="6">(Grebe) {734546,8}</t>
      <t id="7">Grebe Reserve Frigate</t>
      <t id="8">Grebe</t>
      <!-- KILLDEER -->
      <t id="9">Killdeer</t>
      <t id="10">(Killdeer) {734546,12}</t>
      <t id="11">Killdeer Reserve Bomber</t>
      <t id="12">Killdeer</t>
			<!-- FOXTAIL -->
      <t id="13">Foxtail</t>
      <t id="14">(Foxtail) {734546,12}</t>
      <t id="15">Foxtail Reserve Bomber</t>
      <t id="16">Foxtail</t>
			<!-- FINDBROKER -->
      <t id="17">Findbroker</t>
      <t id="18">(Findbroker) {734546,12}</t>
      <t id="19">Findbroker Transport</t>
      <t id="20">Findbroker</t>
      <!-- JATU -->
			<t id="21">Jatu</t>
			<t id="22">(Jatu) {734546,24}</t>
			<t id="23">Jatu Transport</t>
			<t id="24">Jatu</t>
      <!-- EXIA -->
			<t id="25">Exia</t>
			<t id="26">(Exia) {734546,28}</t>
			<t id="27">Exia Fighter</t>
			<t id="28">Exia</t>
      <!-- BELLFLOWER -->
			<t id="29">Bellflower</t>
			<t id="30">(Bellflower) {734546,32}</t>
			<t id="31">Bellflower Carrier</t>
			<t id="32">Bellflower</t>
      <!-- PUGNAX -->
			<t id="33">Pugnax</t>
			<t id="34">(Pugnax) {734546,36}</t>
			<t id="35">Pugnax Drone Carrier</t>
			<t id="36">Pugnax</t>
      <!-- KASPER -->
			<t id="37">Kasper</t>
			<t id="38">(Kasper) {734546,40}</t>
			<t id="39">Kasper Advanced Bomber</t>
			<t id="40">Kasper</t>
      <!-- PHILODENDRON -->
			<t id="41">Philodendron</t>
			<t id="42">(Philodendron) {734546,44}</t>
			<t id="43">Philodendron Frigate</t>
			<t id="44">Philodendron</t>
      <!-- EPIPHANIUS -->
			<t id="45">Epiphanius</t>
			<t id="46">(Epiphanius) {734546,48}</t>
			<t id="47">Epiphanius Frigate</t>
			<t id="48">Epiphanius</t>
			<!-- SURENDRA -->
			<t id="49">Surendra</t>
			<t id="50">(Surendra) {734546,52}</t>
			<t id="51">Surendra Carrier</t>
			<t id="52">Surendra</t>
			<!-- ASIATICA -->
			<t id="53">Asiatica</t>
			<t id="54">(Asiatica) {734546,56}</t>
			<t id="55">Asiatica Carrier</t>
			<t id="56">Asiatica</t>
			<!-- LX -->
			<t id="57">LX</t>
			<t id="58">(LX) {734546,60}</t>
			<t id="59">LX Xenon</t>
			<t id="60">LX</t>
			<!-- TERRAFORMER-->
			<t id="61">Terraformer</t>
			<t id="62">(Terraformer) {734546,64}</t>
			<t id="63">Terraformer Xenon</t>
			<t id="64">Terraformer</t>
		</page>
	</add>
</diff>