<?xml version="1.0" encoding="utf-8"?>
<!--Exported by: Lorraine (192.168.3.146) at 12.09.2018_15-51-30-->
<macros>
  <macro name="wormhole_v3_macro" class="anomaly">
    <component ref="wormhole_v1" />
    <properties>
      <identification name="{20109,4901}" />
      <hull invulnerable="1" />
      <effects>
        <longrangescan ref="scfx_result_special_01" />
      </effects>
      <longrangescan minlevel="1" />
      <force range="0" strength="0" pow="0" />
    </properties>
  </macro>
</macros>