﻿<?xml version="1.0" encoding="utf-8"?>
<diff>
  <add sel="/wares">
    <ware id="tpwar_hypatia_comp" name="{734546,2}" description="{734546,3}" group="ships_argon" transport="ship" volume="1" tags="ship">
      <price min="30800564" average="35734754" max="39529238" />
      <production time="202" amount="1" method="default" name="{20206,101}">
        <primary>
          <ware ware="energycells" amount="6430" />
          <ware ware="hullparts" amount="7310" />
        </primary>
      </production>
      <component ref="tpwar_hypatia_macro" amount="1" />
      <restriction licence="capitalship" />
      <owner faction="argon" />
      <owner faction="antigone" />
    </ware>
    <ware id="tpwar_grebe_comp" name="{734546,6}" description="{734546,7}" group="ships_argon" transport="ship" volume="1" tags="ship">
      <price min="30800564" average="35734754" max="39529238" />
      <production time="202" amount="1" method="default" name="{20206,101}">
        <primary>
          <ware ware="energycells" amount="6430" />
          <ware ware="hullparts" amount="7310" />
        </primary>
      </production>
      <component ref="tpwar_grebe_macro" amount="1" />
      <restriction licence="capitalship" />
      <owner faction="argon" />
      <owner faction="antigone" />
    </ware>
    <ware id="tpwar_killdeer_comp" name="{734546,10}" description="{734546,11}" group="ships_argon" transport="ship" volume="1" tags="ship">
      <price min="30800564" average="35734754" max="39529238" />
      <production time="202" amount="1" method="default" name="{20206,101}">
        <primary>
          <ware ware="energycells" amount="6430" />
          <ware ware="hullparts" amount="7310" />
        </primary>
      </production>
      <component ref="tpwar_killdeer_macro" amount="1" />
      <restriction licence="capitalship" />
      <owner faction="argon" />
      <owner faction="antigone" />
    </ware>
    <ware id="tpwar_foxtail_comp" name="{734546,14}" description="{734546,15}" group="ships_argon" transport="ship" volume="1" tags="ship">
      <price min="30800564" average="35734754" max="39529238" />
      <production time="202" amount="1" method="default" name="{20206,101}">
        <primary>
          <ware ware="energycells" amount="6430" />
          <ware ware="hullparts" amount="7310" />
        </primary>
      </production>
      <component ref="tpwar_foxtail_macro" amount="1" />
      <restriction licence="capitalship" />
      <owner faction="argon" />
      <owner faction="antigone" />
    </ware>
    <ware id="tpwar_findbroker_comp" name="{734546,18}" description="{734546,19}" group="ships_argon" transport="ship" volume="1" tags="ship">
      <price min="30800564" average="35734754" max="39529238" />
      <production time="202" amount="1" method="default" name="{20206,101}">
        <primary>
          <ware ware="energycells" amount="6430" />
          <ware ware="hullparts" amount="7310" />
        </primary>
      </production>
      <component ref="tpwar_findbroker_macro" amount="1" />
      <restriction licence="capitalship" />
      <owner faction="argon" />
      <owner faction="antigone" />
    </ware>
    <ware id="tpwar_jatu_comp" name="{734546,22}" description="{734546,23}" group="ships_argon" transport="ship" volume="1" tags="ship">
      <price min="177404" average="208710" max="240017" />
      <production time="16" amount="1" method="default" name="{20206,101}">
        <primary>
          <ware ware="energycells" amount="90" />
          <ware ware="hullparts" amount="159" />
        </primary>
      </production>
      <component ref="tpwar_jatu_macro" amount="1" />
      <restriction licence="generaluseship" />
      <owner faction="alliance" />
      <owner faction="argon" />
    </ware>
    <ware id="tpwar_exia_comp" name="{734546,26}" description="{734546,27}" group="ships_teladi" transport="ship" volume="1" tags="ship">
      <price min="143455" average="168770" max="194086" />
      <production time="11" amount="1" method="default" name="{20206,101}">
        <primary>
          <ware ware="energycells" amount="59" />
          <ware ware="hullparts" amount="129" />
        </primary>
      </production>
      <component ref="tpwar_exia_macro" amount="1" />
      <restriction licence="generaluseship" />
      <owner faction="alliance" />
      <owner faction="teladi" />
    </ware>
    <ware id="tpwar_bellflower_comp" name="{734546,30}" description="{734546,31}" group="ships_teladi" transport="ship" volume="1" tags="ship">
      <price min="11572631" average="13614860" max="15657089" />
      <production time="538" amount="1" method="default" name="{20206,101}">
        <primary>
          <ware ware="energycells" amount="2972" />
          <ware ware="hullparts" amount="10462" />
        </primary>
      </production>
      <component ref="tpwar_bellflower_macro" amount="1" />
      <restriction licence="capitalship" />
      <owner faction="teladi" />
    </ware>
    <ware id="tpwar_pugnax_comp" name="{734546, 34}" description="{734546, 35}" group="ships_teladi" transport="ship" volume="1" tags="ship">
      <price min="173468" average="204080" max="234692" />
      <production time="13" amount="1" method="default" name="{20206,101}">
        <primary>
          <ware ware="energycells" amount="71" />
          <ware ware="hullparts" amount="156" />
        </primary>
      </production>
      <component ref="tpwar_pugnax_macro" amount="1" />
      <restriction licence="generaluseship" />
      <owner faction="alliance" />
      <owner faction="scaleplate" />
      <owner faction="teladi" />
    </ware>
    <ware id="tpwar_kasper_comp" name="{734546,38}" description="{734546,39}" group="ships_argon" transport="ship" volume="1" tags="ship">
      <price min="82297" average="96820" max="111343" />
      <production time="6" amount="1" method="default" name="{20206,101}">
        <primary>
          <ware ware="energycells" amount="34" />
          <ware ware="hullparts" amount="74" />
        </primary>
      </production>
      <component ref="tpwar_kasper_macro" amount="1" />
      <restriction licence="generaluseship" />
      <owner faction="alliance" />
      <owner faction="argon" />
      <owner faction="scaleplate" />
    </ware>
    <ware id="tpwar_philodendron_comp" name="{734546,42}" description="{734546,43}" group="ships_paranid" transport="ship" volume="1" tags="ship">
      <price min="2059006" average="2422360" max="2785714" />
      <production time="127" amount="1" method="default" name="{20206,101}">
        <primary>
          <ware ware="energycells" amount="703" />
          <ware ware="hullparts" amount="1856" />
        </primary>
      </production>
      <component ref="tpwar_philodendron_macro" amount="1" />
      <restriction licence="generaluseship" />
      <owner faction="paranid" />
    </ware>
    <ware id="tpwar_epiphanius_comp" name="{734546,46}" description="{734546,47}" group="ships_paranid" transport="ship" volume="1" tags="ship">
      <price min="1191479" average="1401740" max="1612001" />
      <production time="74" amount="1" method="default" name="{20206,101}">
        <primary>
          <ware ware="energycells" amount="407" />
          <ware ware="hullparts" amount="1074" />
        </primary>
      </production>
      <component ref="tpwar_epiphanius_macro" amount="1" />
      <restriction licence="generaluseship" />
      <owner faction="hatikvah" />
      <owner faction="paranid" />
    </ware>
    <ware id="tpwar_surendra_comp" name="{734546,50}" description="{734546,51}" group="ships_teladi" transport="ship" volume="1" tags="ship">
      <price min="11572631" average="13614860" max="15657089" />
      <production time="538" amount="1" method="default" name="{20206,101}">
        <primary>
          <ware ware="energycells" amount="2972" />
          <ware ware="hullparts" amount="10462" />
        </primary>
      </production>
      <component ref="tpwar_surendra_macro" amount="1" />
      <restriction licence="capitalship" />
      <owner faction="teladi" />
    </ware>
    <ware id="tpwar_asiatica_comp" name="{734546,54}" description="{734546,55}" factoryname="" group="" transport="ship" volume="1" tags="ship">
      <price min="11572631" average="13614860" max="15657089" />
      <production time="400" amount="1" method="default" name="{20206,101}" />
      <primary>
        <ware ware="energycells" amount="" />
        <ware ware="hullparts" amount="" />
        <ware ware="" amount="" />
      </primary>
      <effects>
        <effect type="work" product="" />
      </effects>
    </ware>
    <ware id="tpwar_lx_comp" name="{734546,58}" description="{734546,59}" group="ships_argon" transport="ship" volume="1" tags="ship">
      <price min="30800564" average="35734754" max="39529238" />
      <production time="202" amount="1" method="default" name="{20206,101}">
        <primary>
          <ware ware="energycells" amount="6430" />
          <ware ware="hullparts" amount="7310" />
        </primary>
      </production>
      <component ref="tpwar_lx_macro" amount="1" />
      <restriction licence="capitalship" />
      <owner faction="argon" />
      <owner faction="antigone" />
    </ware>
    <ware id="tpwar_terraformer_comp" name="{734546,62}" description="{734546,63}" group="ships_argon" transport="ship" volume="1" tags="ship">
      <price min="30800564" average="35734754" max="39529238" />
      <production time="202" amount="1" method="default" name="{20206,101}">
        <primary>
          <ware ware="energycells" amount="6430" />
          <ware ware="hullparts" amount="7310" />
        </primary>
      </production>
      <component ref="tpwar_terraformer_macro" amount="1" />
      <restriction licence="capitalship" />
      <owner faction="argon" />
      <owner faction="antigone" />
    </ware>
    <ware id="inventorytestthing" name="Whatisthis" description="athing" factoryname="" group="" transport="inventory" volume="1" tags="inventory tradeonly">
      <price min="1" average="2" max="3" />
      <production time="" amount="" method="" name="" />
      <primary>
        <ware ware="" amount="" />
        <ware ware="" amount="" />
        <ware ware="" amount="" />
      </primary>
      <effects>
        <effect type="work" product="" />
      </effects>
    </ware>
  </add>
</diff>