<?xml version="1.0" encoding="utf-8"?>

<diff>
<add sel="/characters">
  <!-- pirate -->
  <!-- Generic pirate Characters -->
  <character id="trader_pirate_random" group="pirate.trader">
    <category tags="[crew, pilot, aipilot, traderpilot, masstraffic]" faction="pirate" race="argon"/>
    <skills>
      <skill type="piloting" min="7" max="14"/>
      <skill type="morale" max="12"/>

      <skill type="engineering" max="2"/>
      <skill type="management" max="1"/>
      <skill type="boarding" exact="0"/>
    </skills>
    <owner exact="pirate"/>
  </character>
  <character id="fighter_pirate_random" group="pirate.pilot">
    <category tags="[crew, officer, pilot, aipilot, fighterpilot, commander, masstraffic, watchdog]" faction="pirate" race="argon"/>
    <skills>
      <skill type="piloting" min="7" max="14"/>
      <skill type="morale" max="12"/>

      <skill type="engineering" max="2"/>
      <skill type="management" exact="0"/>
      <skill type="boarding" exact="0"/>
    </skills>
    <owner exact="pirate"/>
  </character>
  <character id="manager_pirate_random" group="pirate.manager">
    <category tags="[crew, officer, manager]" faction="pirate" race="argon"/>
    <skills>
      <skill type="management" min="4" max="11"/>
      <skill type="morale" max="12"/>

      <skill type="piloting" min="2" max="4"/>
      <skill type="engineering" exact="0"/>
      <skill type="boarding" exact="0"/>
    </skills>
    <owner exact="pirate"/>
  </character>
  <character id="service_pirate_random" group="pirate.service">
    <category tags="[crew, service]" faction="pirate" race="argon"/>
    <skills>
      <skill type="engineering" min="4" max="11"/>
      <skill type="morale" max="12"/>

      <skill type="piloting" min="3" max="4"/>
      <skill type="management" exact="0"/>
      <skill type="boarding" exact="0"/>
    </skills>
    <owner exact="pirate"/>
  </character>
  <character id="marine_pirate_random" group="pirate.marine">
    <category tags="[crew, marine]" faction="pirate" race="argon"/>
    <owner exact="pirate"/>
    <skills>
      <skill type="boarding" min="1" max="5"/>
      <skill type="morale" max="12"/>

      <skill type="engineering" exact="0"/>
      <skill type="piloting" min="2" max="4"/>
      <skill type="management" exact="0"/>
    </skills>
  </character>
  <character id="passenger_pirate_random" group="pirate.passenger">
    <category tags="[crew, passenger]" faction="pirate" race="argon"/>
    <skills>
      <skill type="boarding" exact="0"/>
      <skill type="engineering" exact="0"/>
      <skill type="management" exact="0"/>
      <skill type="morale" max="12"/>
      <skill type="piloting" min="2" max="4"/>
    </skills>
    <owner exact="pirate"/>
  </character>
  <character id="prisoner_pirate_random" group="pirate.prisoner">
    <category tags="[crew, prisoner]" faction="pirate" race="argon"/>
    <skills>
      <skill type="boarding" exact="0"/>
      <skill type="engineering" exact="0"/>
      <skill type="management" exact="0"/>
      <skill type="morale" max="12"/>
      <skill type="piloting" min="2" max="4"/>
    </skills>
    <owner exact="pirate"/>
  </character>

  <!-- Rookies -->
  <character id="service_pirate_random_rookie" group="pirate.service">
    <category tags="[crew, service, rookie]" faction="pirate" race="argon"/>
    <skills>
      <skill type="engineering" min="1" max="2"/>
      <skill type="morale" max="3"/>

      <skill type="piloting" max="1"/>
      <skill type="management" exact="0"/>
      <skill type="boarding" exact="0"/>
    </skills>
    <owner exact="pirate"/>
  </character>
  <character id="marine_pirate_random_rookie" group="pirate.marine">
    <category tags="[crew, marine, rookie]" faction="pirate" race="argon"/>
    <owner exact="pirate"/>
    <skills>
      <skill type="boarding" min="1" max="2"/>
      <skill type="morale" max="3"/>

      <skill type="engineering" exact="0"/>
      <skill type="piloting" max="1"/>
      <skill type="management" exact="0"/>
    </skills>
  </character>

  <character id="platform_trader_pirate_random" group="pirate.trader">
    <category tags="[trader, licencetrader]" faction="pirate" race="argon"/>
    <skills>
      <skill type="management" min="4" max="11"/>
      <skill type="morale" max="12"/>

      <skill type="piloting" min="2" max="4"/>
      <skill type="engineering" max="1"/>
      <skill type="boarding" exact="0"/>
    </skills>
    <owner exact="pirate"/>
    <stock ref="'default_trader'" />
  </character>
  <character id="ship_trader_pirate_random" group="pirate.shiptrader">
    <category tags="[trader, shiptrader]" faction="pirate" race="argon"/>
    <skills>
      <skill type="management" min="4" max="11"/>
      <skill type="morale" max="12"/>

      <skill type="piloting" min="2" max="4"/>
      <skill type="engineering" max="1"/>
      <skill type="boarding" exact="0"/>
    </skills>
    <owner exact="pirate"/>
    <stock ref="'default_trader'" />
  </character>
  <character id="shadyguy_pirate_random" group="pirate.shadyguy">
    <category tags="[shadyguy]" faction="pirate" race="argon" />
    <skills>
      <skill type="piloting" min="8" max="11"/>
      <skill type="morale" max="12"/>

      <skill type="engineering" max="2"/>
      <skill type="management" exact="0"/>
      <skill type="boarding" exact="0"/>
    </skills>
    <owner exact="pirate" />
    <stock ref="'default_shadyguy'" />
  </character>

  <!-- meditech -->
  <!-- Generic meditech Characters -->
  <character id="trader_meditech_random" group="meditech.trader">
    <category tags="[crew, pilot, aipilot, traderpilot, masstraffic]" faction="meditech" race="argon"/>
    <skills>
      <skill type="piloting" min="9" max="14"/>
      <skill type="morale" max="12"/>

      <skill type="engineering" max="2"/>
      <skill type="management" max="1"/>
      <skill type="boarding" exact="0"/>
    </skills>
    <owner exact="meditech"/>
  </character>
  <character id="fighter_meditech_random" group="meditech.pilot">
    <category tags="[crew, officer, pilot, aipilot, fighterpilot, commander, masstraffic, watchdog]" faction="meditech" race="argon"/>
    <skills>
      <skill type="piloting" min="7" max="14"/>
      <skill type="morale" max="12"/>

      <skill type="engineering" max="2"/>
      <skill type="management" exact="0"/>
      <skill type="boarding" exact="0"/>
    </skills>
    <owner exact="meditech"/>
  </character>
  <character id="manager_meditech_random" group="meditech.manager">
    <category tags="[crew, officer, manager]" faction="meditech" race="argon"/>
    <skills>
      <skill type="management" min="4" max="11"/>
      <skill type="morale" max="12"/>

      <skill type="piloting" min="2" max="4"/>
      <skill type="engineering" exact="0"/>
      <skill type="boarding" exact="0"/>
    </skills>
    <owner exact="meditech"/>
  </character>
  <character id="service_meditech_random" group="meditech.service">
    <category tags="[crew, service]" faction="meditech" race="argon"/>
    <skills>
      <skill type="engineering" min="4" max="11"/>
      <skill type="morale" max="12"/>

      <skill type="piloting" min="3" max="4"/>
      <skill type="management" exact="0"/>
      <skill type="boarding" exact="0"/>
    </skills>
    <owner exact="meditech"/>
  </character>
  <character id="marine_meditech_random" group="meditech.marine">
    <category tags="[crew, marine]" faction="meditech" race="argon"/>
    <owner exact="meditech"/>
    <skills>
      <skill type="boarding" min="1" max="5"/>
      <skill type="morale" max="12"/>

      <skill type="engineering" exact="0"/>
      <skill type="piloting" min="2" max="4"/>
      <skill type="management" exact="0"/>
    </skills>
  </character>
  <character id="passenger_meditech_random" group="meditech.passenger">
    <category tags="[crew, passenger]" faction="meditech" race="argon"/>
    <skills>
      <skill type="boarding" exact="0"/>
      <skill type="engineering" exact="0"/>
      <skill type="management" exact="0"/>
      <skill type="morale" max="12"/>
      <skill type="piloting" min="2" max="4"/>
    </skills>
    <owner exact="meditech"/>
  </character>
  <character id="prisoner_meditech_random" group="meditech.prisoner">
    <category tags="[crew, prisoner]" faction="meditech" race="argon"/>
    <skills>
      <skill type="boarding" exact="0"/>
      <skill type="engineering" exact="0"/>
      <skill type="management" exact="0"/>
      <skill type="morale" max="12"/>
      <skill type="piloting" min="2" max="4"/>
    </skills>
    <owner exact="meditech"/>
  </character>

  <!-- Rookies -->
  <character id="service_meditech_random_rookie" group="meditech.service">
    <category tags="[crew, service, rookie]" faction="meditech" race="argon"/>
    <skills>
      <skill type="engineering" min="1" max="2"/>
      <skill type="morale" max="3"/>

      <skill type="piloting" max="1"/>
      <skill type="management" exact="0"/>
      <skill type="boarding" exact="0"/>
    </skills>
    <owner exact="meditech"/>
  </character>
  <character id="marine_meditech_random_rookie" group="meditech.marine">
    <category tags="[crew, marine, rookie]" faction="meditech" race="argon"/>
    <owner exact="meditech"/>
    <skills>
      <skill type="boarding" min="1" max="2"/>
      <skill type="morale" max="3"/>

      <skill type="engineering" exact="0"/>
      <skill type="piloting" max="1"/>
      <skill type="management" exact="0"/>
    </skills>
  </character>

  <character id="platform_trader_meditech_random" group="meditech.trader">
    <category tags="[trader, licencetrader]" faction="meditech" race="argon"/>
    <skills>
      <skill type="management" min="4" max="11"/>
      <skill type="morale" max="12"/>

      <skill type="piloting" min="2" max="4"/>
      <skill type="engineering" max="1"/>
      <skill type="boarding" exact="0"/>
    </skills>
    <owner exact="meditech"/>
    <stock ref="'default_trader'" />
  </character>
  <character id="ship_trader_meditech_random" group="meditech.shiptrader">
    <category tags="[trader, shiptrader]" faction="meditech" race="argon"/>
    <skills>
      <skill type="management" min="4" max="11"/>
      <skill type="morale" max="12"/>

      <skill type="piloting" min="2" max="4"/>
      <skill type="engineering" max="1"/>
      <skill type="boarding" exact="0"/>
    </skills>
    <owner exact="meditech"/>
    <stock ref="'default_trader'" />
  </character>
  <character id="shadyguy_meditech_random" group="meditech.shadyguy">
    <category tags="[shadyguy]" faction="meditech" race="argon" />
    <skills>
      <skill type="piloting" min="8" max="11"/>
      <skill type="morale" max="12"/>

      <skill type="engineering" max="2"/>
      <skill type="management" exact="0"/>
      <skill type="boarding" exact="0"/>
    </skills>
    <owner exact="meditech" />
    <stock ref="'default_shadyguy'" />
  </character>

</add>
</diff>