<?xml version="1.0" encoding="utf-8"?>
<content id="TeleportationWars" name="The Teleportation Wars" description="The Teleportation Wars" author="albysmith" version="2" date="2018-01-09" save="0" enabled="1">
 <text language="7" name="The Teleportation Wars" description="The Teleportation Wars" author="albysmith" />
 <text language="33" name="The Teleportation Wars" description="The Teleportation Wars" author="albysmith" />
 <text language="34" name="The Teleportation Wars" description="The Teleportation Wars" author="albysmith" />
 <text language="39" name="The Teleportation Wars" description="The Teleportation Wars" author="albysmith" />
 <text language="44" name="The Teleportation Wars" description="The Teleportation Wars" author="albysmith" />
 <text language="49" name="The Teleportation Wars" description="The Teleportation Wars" author="albysmith" />
 <text language="55" name="The Teleportation Wars" description="The Teleportation Wars" author="albysmith" />
 <text language="81" name="The Teleportation Wars" description="The Teleportation Wars" author="albysmith" />
 <text language="82" name="The Teleportation Wars" description="The Teleportation Wars" author="albysmith" />
 <text language="86" name="The Teleportation Wars" description="The Teleportation Wars" author="albysmith" />
 <text language="88" name="The Teleportation Wars" description="The Teleportation Wars" author="albysmith" />
</content>
