<!--<?xml version="1.0" encoding="utf-8"?>
<diff>
  <add sel="/god/stations">
   <station id="scavenger_dock" race="argon" owner="scavenger" type="factory">
      <quotas>
        <quota galaxy="1" />
      </quotas>
      <location class="zone" macro="zone002_cluster_14_sector001_macro" />
	  <station>
      <select faction="argon" tags="[equipmentdock]" />
        <loadout>
          <level exact="0.75"/>
        </loadout>
      </station>
    </station>
   <station id="scavenger_wharf" race="argon" owner="scavenger" type="factory">
      <quotas>
        <quota galaxy="1" />
      </quotas>
      <location class="zone" macro="zone002_cluster_14_sector001_macro" />
	  <station>
      <select faction="argon" tags="[wharf]" />
        <loadout>
          <level exact="0.75"/>
        </loadout>
      </station>
    </station>
  </add>
</diff>-->

