<diff>
	<add sel="/jobs">
		<job id="scavenger_looter" name="Collector">
			<modifiers rebuild="true" commandeerable="true"/>
			<orders>
				<order order="CollectDropsEverywhere" default="true" />
			</orders>
			<category faction="argon" tags="[scout]" size="ship_s"/>
			<quota galaxy="40" cluster="1"/>
			<location class="galaxy" macro="xu_ep2_universe_macro"/>
			<environment buildatshipyard="false"/>
			<ship>
			  <select faction="argon" tags="[scout]" size="ship_s"/>
			  <loadout>
				<level min="0" max="0.4"/>
			  </loadout>
			  <owner exact="scavenger" overridenpc="false"/>
			</ship>
		</job>
	</add>
</diff>