<?xml version="1.0" encoding="utf-8" ?>
<mdscript name="Macroname" xmlns:xsi="http://www.w3.org/2001/XMLSchema-instance" xsi:noNamespaceSchemaLocation="D:/x4 extract 2.0b1/libraries/md.xsd">
    <cues>
        <cue name="MacronameStart">
            <conditions>
                <event_cue_signalled cue="md.Setup.GameStart" />
            </conditions>
            <delay exact="15s" />
            <actions>
                <!-- 
                just add each macro to its own append_to_list line  
                
                -->
                <create_list name="$TestShipMacros" />
                <!-- <append_to_list name="$TestShipMacros" exact="macro.wormhole_v1_macro" /> -->
                <append_to_list name="$TestShipMacros" exact="macro.wormhole_v3_macro" />
               
                <!-- <append_to_list name="$TestShipMacros" exact="macro.wormhole_v2_macro" /> -->
                <!-- <append_to_list name="$TestShipMacros" exact="macro.sm_gen_exploration_01_macro" />
                <append_to_list name="$TestShipMacros" exact="macro.sm_gen_pickup_liquid_01_macro" />
                <append_to_list name="$TestShipMacros" exact="macro.sm_gen_pickup_solid_01_macro" />
                <append_to_list name="$TestShipMacros" exact="macro.sm_gen_pickup_equipment_01_macro" />
                <append_to_list name="$TestShipMacros" exact="macro.storage_arg_s_fighter_03_a_macro" />
                <append_to_list name="$TestShipMacros" exact="macro.sm_gen_lockbox_big_01_macro" />
                <append_to_list name="$TestShipMacros" exact="macro.shield_arg_xl_standard_01_mk1_macro" />
                <append_to_list name="$TestShipMacros" exact="macro.shipstorage_gen_s_frigate_01_macro" />
                <append_to_list name="$TestShipMacros" exact="macro.buildmodule_xen_ships_s_macro" />
                <append_to_list name="$TestShipMacros" exact="macro.buildmodule_gen_ships_s_macro" />
                <append_to_list name="$TestShipMacros" exact="macro.struct_arg_base_02_macro" />
                <append_to_list name="$TestShipMacros" exact="macro.struct_arg_vertical_01_macro" />
                <append_to_list name="$TestShipMacros" exact="macro.struct_tel_base_02_macro" />
                <append_to_list name="$TestShipMacros" exact="macro.struct_tel_vertical_01_macro" />
                <append_to_list name="$TestShipMacros" exact="macro.defence_tel_tube_01_macro" />
                <append_to_list name="$TestShipMacros" exact="macro.defence_arg_tube_01_macro" />
                <append_to_list name="$TestShipMacros" exact="macro.hab_arg_s_01_macro" />
                <append_to_list name="$TestShipMacros" exact="macro.hab_par_s_01_macro" />
                <append_to_list name="$TestShipMacros" exact="macro.hab_tel_s_01_macro" />
                <append_to_list name="$TestShipMacros" exact="macro.storage_tel_s_container_01_macro" />
                <append_to_list name="$TestShipMacros" exact="macro.storage_arg_s_container_01_macro" />
                <append_to_list name="$TestShipMacros" exact="macro.landmarks_tel_tradestation_01_bridge_01_macro" /> -->
              
                <do_all exact="$TestShipMacros.count" counter="$macro">
                    
                    <create_object groupname="$TestShips" name="$TestShip" macro="$TestShipMacros.{$macro}" zone="player.zone">
                        <position object="player.ship" min="2km" max="8km"/>
                    </create_object>
                
                    <debug_to_file text="'macro ' + $TestShipMacros.{$macro}" name="'macro.log'" />
                    <debug_to_file text="'name ' + $TestShipMacros.{$macro}.knownname" name="'macro.log'" />
                    <debug_text text="'macro ' + $TestShipMacros.{$macro}" />
                    <debug_text text="'name ' + $TestShipMacros.{$macro}.knownname" />
                </do_all>
             
            </actions>
        </cue>
    </cues>
</mdscript>