<?xml version="1.0" encoding="utf-8" ?>
<mdscript name="SpawnThing" xmlns:xsi="http://www.w3.org/2001/XMLSchema-instance" xsi:noNamespaceSchemaLocation="D:/x4 extract 2.5b1/libraries/md.xsd">
    <cues>
        <cue name="Spawnit" instantiate="true">
            <conditions>
                <event_long_range_scan_sent object="player.entity" />
            </conditions>
            <delay exact="1s" />
            <actions>
                <add_faction_relation faction="faction.player" otherfaction="faction.argon" value="30"  />
                <add_licence faction="faction.player" licencefaction="faction.argon" type="ceremonyally" />
                <add_licence faction="faction.player" licencefaction="faction.argon" type="capitalship" />
                <add_licence faction="faction.player" licencefaction="faction.argon" type="capitalequipment" />
                <add_licence faction="faction.player" licencefaction="faction.argon" type="militaryequipment" />
                <add_licence faction="faction.player" licencefaction="faction.argon" type="militaryship" />
                <add_licence faction="faction.player" licencefaction="faction.argon" type="capitalship" />
                <!-- <find_sector groupname="$known" multiple="true" space="player.galaxy"></find_sector>
                <do_all exact="$known.count" counter="$s">
                    <debug_to_file text="'knownname' + $known.{$s}.knownname" name="'knowsector.log'" />
                </do_all> -->
                <destroy_group group="$TestShips" />
                <create_list name="$TestShipMacros" />
                <append_to_list name="$TestShipMacros" exact="macro.tpwar_hypatia_macro" />
                <append_to_list name="$TestShipMacros" exact="macro.tpwar_grebe_macro" />
                <append_to_list name="$TestShipMacros" exact="macro.tpwar_killdeer_macro" />
                <append_to_list name="$TestShipMacros" exact="macro.tpwar_foxtail_macro" />
                <append_to_list name="$TestShipMacros" exact="macro.tpwar_findbroker_macro" />
                <append_to_list name="$TestShipMacros" exact="macro.tpwar_jatu_macro" />
                <append_to_list name="$TestShipMacros" exact="macro.tpwar_exia_macro" />
                <append_to_list name="$TestShipMacros" exact="macro.tpwar_bellflower_macro" />
                <append_to_list name="$TestShipMacros" exact="macro.tpwar_pugnax_macro" />
                <append_to_list name="$TestShipMacros" exact="macro.tpwar_kasper_macro" />
                <append_to_list name="$TestShipMacros" exact="macro.tpwar_philodendron_macro" />
                <append_to_list name="$TestShipMacros" exact="macro.tpwar_epiphanius_macro" />
                <append_to_list name="$TestShipMacros" exact="macro.tpwar_surendra_macro" />
                <append_to_list name="$TestShipMacros" exact="macro.tpwar_asiatica_macro" />
                <append_to_list name="$TestShipMacros" exact="macro.tpwar_asiatica_macro" />
                <append_to_list name="$TestShipMacros" exact="macro.tpwar_lx_macro" />
                <append_to_list name="$TestShipMacros" exact="macro.tension_macro" />
                <append_to_list name="$TestShipMacros" exact="macro.wrath_macro" />
                <append_to_list name="$TestShipMacros" exact="macro.wrath_macro" />
                <append_to_list name="$TestShipMacros" exact="macro.tpwar_asiatica_macro" />
                <append_to_list name="$TestShipMacros" exact="macro.tpwar_asiatica_macro" />
                <append_to_list name="$TestShipMacros" exact="macro.tpwar_terraformer_macro" />
                <do_all exact="$TestShipMacros.count" counter="$macro">
                    <!-- <set_value name="$Xoffset" exact="2km" operation="add" /> -->
                    <create_ship groupname="$TestShips" name="$TestShip" macro="$TestShipMacros.{$macro}" zone="player.zone">
                        <select faction="faction.argon" />
                        <pilot macro="character_boron_generic_01_macro">
                            <owner exact=" faction.player" />
                            <skills>
                                <skill type="boarding" exact="15" />
                                <skill type="engineering" exact="15" />
                                <skill type="management" exact="15" />
                                <skill type="morale" exact="15" />
                            </skills>
                        </pilot>
                        <units>
                            <unit category="unitcategory.defend" min="0" max="100" mk="1" />
                        </units>
                        <loadout>
                            <level exact="1.0" />
                            <variation exact="0.0" />
                        </loadout>
                        <owner exact="faction.player" overridenpc="true" />
                        <safepos object="player.ship" min="1km" max="3km" />
                    </create_ship>
                    <!-- <create_order id="'Patrol'" object="$TestShip" default="true">
                        <param name="space" value="player.zone" />
                        <param name="includeroute" value="true" />
                        <param name="allowothertargets" value="true" />
                        <param name="pursuetargets" value="true" />
                    </create_order>
                    <set_owner object="$TestShip" faction="faction.xenon" overridenpc="true" chance="50" /> -->
                </do_all>
                <debug_text text="'waredebug ' + $TestShip.macro.ware" />
                <debug_text text="'waredebugaverageprice ' + $TestShip.macro.ware.averageprice" />
                <debug_text text="'waredebugaverageprice ' + $TestShip.macro.ware.name" />
            </actions>
        </cue>
    </cues>
</mdscript>