<?xml version="1.0" encoding="utf-8"?>
<content id="TeleportationShips" name="TeleportationShips" description="TeleportationShips" author="smiths" version="6" date="25-01-2019" save="0" enabled="1">
  <text language="7" name="TeleportationShips" description="TeleportationShips" author="smiths" />
  <text language="33" name="TeleportationShips" description="TeleportationShips" author="smiths" />
  <text language="34" name="TeleportationShips" description="TeleportationShips" author="smiths" />
  <text language="39" name="TeleportationShips" description="TeleportationShips" author="smiths" />
  <text language="44" name="TeleportationShips" description="TeleportationShips" author="smiths" />
  <text language="45" name="TeleportationShips" description="TeleportationShips" author="smiths" />
  <text language="49" name="TeleportationShips" description="TeleportationShips" author="smiths" />
  <text language="81" name="TeleportationShips" description="TeleportationShips" author="smiths" />
  <text language="82" name="TeleportationShips" description="TeleportationShips" author="smiths" />
  <text language="86" name="TeleportationShips" description="TeleportationShips" author="smiths" />
  <text language="88" name="TeleportationShips" description="TeleportationShips" author="smiths" />
</content>