<?xml version="1.0" encoding="utf-8"?>
<!--Exported by: Matthias (192.168.3.149) at 30.05.2018_12-16-32-->
<macros>
  <macro name="station_par_tradestation_dabase_01_macro" class="station">
    <component ref="station_par_tradestation_dabase_01" />
    <properties>
      <identification name="{20102,1211}" unique="0" icon="mapob_tradestation" factionhqicon="mapob_tradestation_headquarter" />
      <build>
        <sets>
          <set ref="datradestation_paranid" />
        </sets>
      </build>
      <ownership claim="1" />
    </properties>
    <connections>
      <connection ref="controlroom">
        <macro ref="control_room_macro" connection="Connection01" />
      </connection>
    </connections>
  </macro>
</macros>