<?xml version="1.0" encoding="utf-8"?>
<!--Exported by: Matthias (192.168.3.149) at 30.05.2018_12-16-42-->
<macros>
  <macro name="station_par_wharf_dabase_01_macro" class="station">
    <component ref="station_par_wharf_dabase_01" />
    <properties>
      <identification name="{20102,1241}" unique="0" icon="mapob_wharf" factionhqicon="mapob_wharf_headquarter" />
      <build>
        <sets>
          <set ref="dawharf_paranid" />
        </sets>
      </build>
    </properties>
    <connections>
      <connection ref="controlroom">
        <macro ref="control_room_macro" connection="connection01" />
      </connection>
    </connections>
  </macro>
</macros>