<?xml version="1.0" encoding="utf-8" ?>
<mdscript name="SectorTour" xmlns:xsi="http://www.w3.org/2001/XMLSchema-instance" xsi:noNamespaceSchemaLocation="D:/x4 extract 2.0b1/libraries/md.xsd">
    <cues>
        <cue name="Init" instantiate="true">
            <conditions>
                <event_cue_signalled cue="md.Setup.GameStart" />
            </conditions>
            <actions>
            
                <find_sector groupname="$SectorList" space="player.galaxy" multiple="true">
                    <match_any>
                        <match macro="macro.tpthree_cluster216_sector001_macro" />
                        <match macro="macro.tpthree_cluster364_sector001_macro" />
                        <match macro="macro.tpthree_cluster165_sector001_macro" />
                        <match macro="macro.tpthree_cluster050_sector001_macro" />

                        <!-- <match macro="macro.tpthree_cluster1158_sector001_macro" />
                        <match macro="macro.tpthree_cluster178_sector001_macro" />
                        <match macro="macro.tpthree_cluster177_sector001_macro" />
                        <match macro="macro.tpthree_cluster176_sector001_macro" />
                        <match macro="macro.tpthree_cluster195_sector001_macro" />
                        <match macro="macro.tpthree_cluster196_sector001_macro" />
                        <match macro="macro.tpthree_cluster215_sector001_macro" />
                        <match macro="macro.tpthree_cluster110_sector001_macro" />
                        <match macro="macro.tpthree_cluster1217_sector001_macro" />
                        <match macro="macro.tpthree_cluster307_sector001_macro" />
                        <match macro="macro.tpthree_cluster393_sector001_macro" />
                        <match macro="macro.tpthree_cluster029_sector001_macro" />
                        <match macro="macro.tpthree_cluster035_sector001_macro" />
                        <match macro="macro.tpthree_cluster049_sector001_macro" />
                        <match macro="macro.tpthree_cluster052_sector001_macro" />
                        <match macro="macro.tpthree_cluster064_sector001_macro" />
                        <match macro="macro.tpthree_cluster084_sector001_macro" />
                        <match macro="macro.tpthree_cluster085_sector001_macro" />
                        <match macro="macro.tpthree_cluster104_sector001_macro" />
                        <match macro="macro.tpthree_cluster105_sector001_macro" />
                        <match macro="macro.tpthree_cluster142_sector001_macro" />
                        <match macro="macro.tpthree_cluster143_sector001_macro" />
                        <match macro="macro.tpthree_cluster1158_sector001_macro" />
                        <match macro="macro.tpthree_cluster176_sector001_macro" />
                        <match macro="macro.tpthree_cluster177_sector001_macro" />
                        <match macro="macro.tpthree_cluster178_sector001_macro" />
                        <match macro="macro.tpthree_cluster183_sector001_macro" />
                        <match macro="macro.tpthree_cluster185_sector001_macro" />
                        <match macro="macro.tpthree_cluster188_sector001_macro" />
                        <match macro="macro.tpthree_cluster195_sector001_macro" />
                        <match macro="macro.tpthree_cluster196_sector001_macro" />
                        <match macro="macro.tpthree_cluster203_sector001_macro" />
                        <match macro="macro.tpthree_cluster204_sector001_macro" />
                        <match macro="macro.tpthree_cluster205_sector001_macro" />
                        <match macro="macro.tpthree_cluster210_sector001_macro" />
                        <match macro="macro.tpthree_cluster215_sector001_macro" />
                        <match macro="macro.tpthree_cluster217_sector001_macro" />
                        <match macro="macro.tpthree_cluster1220_sector001_macro" />
                        <match macro="macro.tpthree_cluster227_sector001_macro" />
                        <match macro="macro.tpthree_cluster234_sector001_macro" />
                        <match macro="macro.tpthree_cluster1240_sector001_macro" />
                        <match macro="macro.tpthree_cluster259_sector001_macro" />
                        <match macro="macro.tpthree_cluster1260_sector001_macro" />
                        <match macro="macro.tpthree_cluster1273_sector001_macro" />
                        <match macro="macro.tpthree_cluster274_sector001_macro" />
                        <match macro="macro.tpthree_cluster289_sector001_macro" />
                        <match macro="macro.tpthree_cluster1292_sector001_macro" />
                        <match macro="macro.tpthree_cluster293_sector001_macro" />
                        <match macro="macro.tpthree_cluster295_sector001_macro" />
                        <match macro="macro.tpthree_cluster296_sector001_macro" />
                        <match macro="macro.tpthree_cluster314_sector001_macro" />
                        <match macro="macro.tpthree_cluster331_sector001_macro" />
                        <match macro="macro.tpthree_cluster371_sector001_macro" />
                        <match macro="macro.tpthree_cluster384_sector001_macro" />
                        <match macro="macro.tpthree_cluster390_sector001_macro" />
                        <match macro="macro.tpthree_cluster050_sector001_macro" />
                        <match macro="macro.tpthree_cluster051_sector001_macro" />
                        <match macro="macro.tpthree_cluster069_sector001_macro" />
                        <match macro="macro.tpthree_cluster070_sector001_macro" />
                        <match macro="macro.tpthree_cluster145_sector001_macro" />
                        <match macro="macro.tpthree_cluster165_sector001_macro" />
                        <match macro="macro.tpthree_cluster166_sector001_macro" />
                        <match macro="macro.tpthree_cluster184_sector001_macro" />
                        <match macro="macro.tpthree_cluster197_sector001_macro" />
                        <match macro="macro.tpthree_cluster216_sector001_macro" />
                        <match macro="macro.tpthree_cluster235_sector001_macro" />
                        <match macro="macro.tpthree_cluster236_sector001_macro" />
                        <match macro="macro.tpthree_cluster343_sector001_macro" />
                        <match macro="macro.tpthree_cluster363_sector001_macro" />
                        <match macro="macro.tpthree_cluster364_sector001_macro" />
                        <match macro="macro.tpthree_cluster365_sector001_macro" />
                        <match macro="macro.tpthree_cluster011_sector001_macro" />
                        <match macro="macro.tpthree_cluster030_sector001_macro" />
                        <match macro="macro.tpthree_cluster031_sector001_macro" />
                        <match macro="macro.tpthree_cluster140_sector001_macro" />
                        <match macro="macro.tpthree_cluster158_sector001_macro" />
                        <match macro="macro.tpthree_cluster159_sector001_macro" />
                        <match macro="macro.tpthree_cluster189_sector001_macro" />
                        <match macro="macro.tpthree_cluster225_sector001_macro" />
                        <match macro="macro.tpthree_cluster349_sector001_macro" />
                        <match macro="macro.tpthree_cluster366_sector001_macro" />
                        <match macro="macro.tpthree_cluster367_sector001_macro" />
                        <match macro="macro.tpthree_cluster044_sector001_macro" />
                        <match macro="macro.tpthree_cluster060_sector001_macro" />
                        <match macro="macro.tpthree_cluster061_sector001_macro" />
                        <match macro="macro.tpthree_cluster062_sector001_macro" />
                        <match macro="macro.tpthree_cluster079_sector001_macro" />
                        <match macro="macro.tpthree_cluster080_sector001_macro" />
                        <match macro="macro.tpthree_cluster220_sector001_macro" />
                        <match macro="macro.tpthree_cluster221_sector001_macro" />
                        <match macro="macro.tpthree_cluster240_sector001_macro" />
                        <match macro="macro.tpthree_cluster241_sector001_macro" />
                        <match macro="macro.tpthree_cluster260_sector001_macro" />
                        <match macro="macro.tpthree_cluster261_sector001_macro" />
                        <match macro="macro.tpthree_cluster262_sector001_macro" />
                        <match macro="macro.tpthree_cluster273_sector001_macro" />
                        <match macro="macro.tpthree_cluster281_sector001_macro" />
                        <match macro="macro.tpthree_cluster290_sector001_macro" />
                        <match macro="macro.tpthree_cluster291_sector001_macro" />
                        <match macro="macro.tpthree_cluster292_sector001_macro" />
                        <match macro="macro.tpthree_cluster311_sector001_macro" />
                        <match macro="macro.tpthree_cluster312_sector001_macro" />
                        <match macro="macro.tpthree_cluster330_sector001_macro" /> -->
                        <!-- pirate -->
                        <!-- <match macro="macro.tppirate_Cluster_99_Sector001_macroo" />
                        <match macro="macro.tppirate_Cluster_98_Sector001_macro" />
                        <match macro="macro.tppirate_Cluster_97_Sector001_macro" />
                        <match macro="macro.tppirate_Cluster_96_Sector001_macro" />
                        <match macro="macro.tppirate_Cluster_95_Sector001_macro" />
                        <match macro="macro.tppirate_Cluster_94_Sector001_macro" />
                        <match macro="macro.tppirate_Cluster_93_Sector001_macro" />
                        <match macro="macro.tppirate_Cluster_92_Sector001_macro" />
                        <match macro="macro.tppirate_Cluster_91_Sector001_macro" />
                        <match macro="macro.tppirate_Cluster_90_Sector001_macro" />
                        <match macro="macro.tppirate_Cluster_89_Sector001_macro" />
                        <match macro="macro.tppirate_Cluster_88_Sector001_macro" />
                        <match macro="macro.tppirate_Cluster_87_Sector001_macro" />
                        <match macro="macro.tppirate_Cluster_86_Sector001_macro" />
                        <match macro="macro.tppirate_Cluster_85_Sector001_macro" />
                        <match macro="macro.tppirate_Cluster_84_Sector001_macro" />
                        <match macro="macro.tppirate_Cluster_83_Sector001_macro" />
                        <match macro="macro.tppirate_Cluster_82_Sector001_macro" />
                        <match macro="macro.tppirate_Cluster_81_Sector001_macro" />
                        <match macro="macro.tppirate_Cluster_80_Sector001_macro" />
                        <match macro="macro.meditech_Cluster_01_Sector001_macro" /> -->
                    </match_any>
                </find_sector>
            </actions>
            <cues>
                <cue name="NewSector" instantiate="true">
                    <conditions>
                        <event_long_range_scan_sent object="player.entity" />
                    </conditions>
                    <actions>
                        <!-- <create_list name="$SectorList" />
                        <append_to_list name="$SectorList" exact="macro.tpthree_cluster1158_sector001_macro" />
                        <append_to_list name="$SectorList" exact="macro.tpthree_cluster178_sector001_macro" />
                        <append_to_list name="$SectorList" exact="macro.tpthree_cluster177_sector001_macro" />
                        <append_to_list name="$SectorList" exact="macro.tpthree_cluster176_sector001_macro" />
                        <append_to_list name="$SectorList" exact="macro.tpthree_cluster195_sector001_macro" />
                        <append_to_list name="$SectorList" exact="macro.tpthree_cluster196_sector001_macro" />
                        <append_to_list name="$SectorList" exact="macro.tpthree_cluster215_sector001_macro" /> -->
                        <set_value name="$PlusOne" exact="1" operation="add" />
                        <do_if value="($SectorList.count + 1) == $PlusOne">
                            <set_value name="$PlusOne" exact="1" />
                        </do_if>
                        <warp object="player.ship" sector="$SectorList.{$PlusOne}"></warp>
                        <debug_to_file text="'This Sector ' + $SectorList.{$PlusOne}" name="'wifesectors.log'" />
                        <show_notification text="'This Sector ' + $SectorList.{$PlusOne}.macro" timeout="10s" />
                        <set_value name="$Text" exact="'Name: %s Macro: %s'.[$SectorList.{$PlusOne}.knownname, $SectorList.{$PlusOne}.macro]"/>
                         <write_to_logbook category="general" title="$Title" text="$Text" entity="'chef boyardee'" interaction="showonmap"  object="player.ship"  />
                        <!-- <remove_from_group group="$Sectors" object="$SectorList.{$PlusOne}" /> -->
                    </actions>
                </cue>
            </cues>
        </cue>
    </cues>
</mdscript>