<?xml version="1.0" encoding="utf-8" ?>
<mdscript name="Testalotstuff" xmlns:xsi="http://www.w3.org/2001/XMLSchema-instance" xsi:noNamespaceSchemaLocation="D:/x4 extract 2.5b1/libraries/md.xsd">
    <cues>
        <cue name="Scan" instantiate="true">
            <conditions>
                <event_long_range_scan_sent object="player.entity" />
            </conditions>
            <actions>
                <!-- <find_ship groupname="$SomeShips" multiple="true" space="player.galaxy"></find_ship>
                <do_all exact="$SomeShips.count" counter="$ship">
                    <add_equipment_mods object="$SomeShips.{$ship}">
                        <shield ware="ware.tp_war_capacity_mk4" />
                    </add_equipment_mods>
                    <do_if value="$SomeShips.{$ship}.hasshieldmod == true">
                        <debug_to_file text="'HasMOD '" name="'HasMod.log'" />
                    </do_if>
                    <do_if value="$SomeShips.{$ship}.hasshieldmod == false">
                        <debug_to_file text="'NOMOD ' + $SomeShips.{$ship}.macro" name="'NOMOD.log'" />
                    </do_if>
                </do_all> -->
                <create_list name="$Weapon_Names" />
                <append_to_list name="$Weapon_Names" exact="'Alpha '" />
                <append_to_list name="$Weapon_Names" exact="'Particle '" />
                <append_to_list name="$Weapon_Names" exact="'Cannon'" />
                <append_to_list name="$Weapon_Names" exact="'Impulse'" />
                <append_to_list name="$Weapon_Names" exact="'Ray'" />
                <append_to_list name="$Weapon_Names" exact="'Emitter'" />
                <append_to_list name="$Weapon_Names" exact="'Mass '" />
                <append_to_list name="$Weapon_Names" exact="'Driver'" />
                <append_to_list name="$Weapon_Names" exact="'Particle '" />
                <append_to_list name="$Weapon_Names" exact="'Accelerator '" />
                <append_to_list name="$Weapon_Names" exact="'Cannon'" />
                <append_to_list name="$Weapon_Names" exact="'Plasma '" />
                <append_to_list name="$Weapon_Names" exact="'Gun'" />
                <append_to_list name="$Weapon_Names" exact="'Electro-'" />
                <append_to_list name="$Weapon_Names" exact="'Magnetic'" />
                <append_to_list name="$Weapon_Names" exact="'Particle'" />
                <append_to_list name="$Weapon_Names" exact="'Cannon'" />
                <append_to_list name="$Weapon_Names" exact="'Energy '" />
                <append_to_list name="$Weapon_Names" exact="'Bolt '" />
                <append_to_list name="$Weapon_Names" exact="'Chaingun'" />
                <append_to_list name="$Weapon_Names" exact="'Frag '" />
                <append_to_list name="$Weapon_Names" exact="'Bomb '" />
                <append_to_list name="$Weapon_Names" exact="'Launcher'" />
                <append_to_list name="$Weapon_Names" exact="'High'" />
                <append_to_list name="$Weapon_Names" exact="'Energy'" />
                <append_to_list name="$Weapon_Names" exact="'Plasma'" />
                <append_to_list name="$Weapon_Names" exact="'Thrower'" />
                <append_to_list name="$Weapon_Names" exact="'Ion '" />
                <append_to_list name="$Weapon_Names" exact="'Disruptor'" />
                <append_to_list name="$Weapon_Names" exact="'Phased '" />
                <append_to_list name="$Weapon_Names" exact="'Repeater '" />
                <append_to_list name="$Weapon_Names" exact="'Gun'" />
                <append_to_list name="$Weapon_Names" exact="'Plasma '" />
                <append_to_list name="$Weapon_Names" exact="'Burst '" />
                <append_to_list name="$Weapon_Names" exact="'Generator'" />
                <append_to_list name="$Weapon_Names" exact="'Pulsed '" />
                <append_to_list name="$Weapon_Names" exact="'Beam '" />
                <append_to_list name="$Weapon_Names" exact="'Emitter'" />
                <append_to_list name="$Weapon_Names" exact="'Concussion '" />
                <append_to_list name="$Weapon_Names" exact="'Impulse '" />
                <append_to_list name="$Weapon_Names" exact="'Generator'" />
                <append_to_list name="$Weapon_Names" exact="'Gamma '" />
                <append_to_list name="$Weapon_Names" exact="'Ray Cannon'" />
                <append_to_list name="$Weapon_Names" exact="'Ion '" />
                <append_to_list name="$Weapon_Names" exact="'Pulse '" />
                <append_to_list name="$Weapon_Names" exact="'Generator'" />
                <append_to_list name="$Weapon_Names" exact="'Ion '" />
                <append_to_list name="$Weapon_Names" exact="'Shard '" />
                <append_to_list name="$Weapon_Names" exact="'Railgun'" />
                <append_to_list name="$Weapon_Names" exact="'Matter'" />
                <append_to_list name="$Weapon_Names" exact="'Antimatter '" />
                <append_to_list name="$Weapon_Names" exact="'Launcher'" />
                <append_to_list name="$Weapon_Names" exact="'Phased '" />
                <append_to_list name="$Weapon_Names" exact="'Shockwave '" />
                <append_to_list name="$Weapon_Names" exact="'Generator'" />
                <append_to_list name="$Weapon_Names" exact="'Cluster '" />
                <append_to_list name="$Weapon_Names" exact="'Flak '" />
                <append_to_list name="$Weapon_Names" exact="'Array'" />
                <append_to_list name="$Weapon_Names" exact="'Flak '" />
                <append_to_list name="$Weapon_Names" exact="'Artillery '" />
                <append_to_list name="$Weapon_Names" exact="'Array'" />
                <append_to_list name="$Weapon_Names" exact="'Fusion '" />
                <append_to_list name="$Weapon_Names" exact="'Beam '" />
                <append_to_list name="$Weapon_Names" exact="'Cannon'" />
                <append_to_list name="$Weapon_Names" exact="'Gauss '" />
                <append_to_list name="$Weapon_Names" exact="'Cannon'" />
                <append_to_list name="$Weapon_Names" exact="'Incendiary '" />
                <append_to_list name="$Weapon_Names" exact="'Bomb '" />
                <append_to_list name="$Weapon_Names" exact="'Launcher'" />
                <append_to_list name="$Weapon_Names" exact="'Ion '" />
                <append_to_list name="$Weapon_Names" exact="'Cannon'" />
                <append_to_list name="$Weapon_Names" exact="'Phased '" />
                <append_to_list name="$Weapon_Names" exact="'Array '" />
                <append_to_list name="$Weapon_Names" exact="'Laser '" />
                <append_to_list name="$Weapon_Names" exact="'Cannon'" />
                <append_to_list name="$Weapon_Names" exact="'Photon '" />
                <append_to_list name="$Weapon_Names" exact="'Artillery '" />
                <append_to_list name="$Weapon_Names" exact="'Array'" />
                <append_to_list name="$Weapon_Names" exact="'Photon '" />
                <append_to_list name="$Weapon_Names" exact="'Pulse '" />
                <append_to_list name="$Weapon_Names" exact="'Cannon'" />
                <append_to_list name="$Weapon_Names" exact="'Point '" />
                <append_to_list name="$Weapon_Names" exact="'Singularity '" />
                <append_to_list name="$Weapon_Names" exact="'Projector'" />
                <append_to_list name="$Weapon_Names" exact="'Starburst '" />
                <append_to_list name="$Weapon_Names" exact="'Shockwave '" />
                <append_to_list name="$Weapon_Names" exact="'Cannon'" />
                <append_to_list name="$Weapon_Names" exact="'Tri'" />
                <append_to_list name="$Weapon_Names" exact="'Beam '" />
                <append_to_list name="$Weapon_Names" exact="'75mm'" />
                <append_to_list name="$Weapon_Names" exact="'100mm'" />
                <append_to_list name="$Weapon_Names" exact="'150mm'" />
                <append_to_list name="$Weapon_Names" exact="'200mm'" />
                <append_to_list name="$Weapon_Names" exact="'300mm'" />
                <append_to_list name="$Weapon_Names" exact="'400mm'" />
                <append_to_list name="$Weapon_Names" exact="'800mm'" />
                <append_to_list name="$Weapon_Names" exact="'Quad'" />
                <append_to_list name="$Weapon_Names" exact="'Blaster'" />
                <append_to_list name="$Weapon_Names" exact="'Hellhound'" />
                <append_to_list name="$Weapon_Names" exact="'Fixed'" />
                <append_to_list name="$Weapon_Names" exact="'Turreted'" />
                <append_to_list name="$Weapon_Names" exact="'Plaron'" />
                <append_to_list name="$Weapon_Names" exact="'Triphammers'" />
                <append_to_list name="$Weapon_Names" exact="'Graviton'" />
                <append_to_list name="$Weapon_Names" exact="'Light'" />
                <append_to_list name="$Weapon_Names" exact="'Radar'" />
                <append_to_list name="$Weapon_Names" exact="'Heavy'" />
                <append_to_list name="$Weapon_Names" exact="'Hail'" />
                <append_to_list name="$Weapon_Names" exact="'Thunderhead'" />
                <do_all exact="500">
                    <set_value name="$WordOne" exact="$Weapon_Names.random" />
                    <set_value name="$WordTwo" exact="$Weapon_Names.random" />
                    <set_value name="$WordThree" exact="$Weapon_Names.random" />
                    <debug_to_file text="'%s %s %s'.[$WordOne, $WordTwo, $WordThree]" name="'coolweapondnames.log'" />
                </do_all>
            </actions>
        </cue>
    </cues>
</mdscript>