<?xml version="1.0" encoding="utf-8"?>

<diff>
    <add sel="/mdscript/cues/cue[@name='Start']/cues/cue[@name='NewTarget']/actions/set_value[@name='$Target']" pos="after">
        <!-- <set_value name="$Pasta" exact="objective.guidance" /> -->
        <do_if value="$Target.macro == macro.tpwar_jump_beacon_t1_macro" > 
        <!-- $Target.macro == macro.tpwar_jump_beacon_t1_macro"  $Target.isclass.navbeacon -->
            <!-- <find_zone name="$Start_Zone" macro="macro.zone002_cluster_01_sector001_macro" required="true"/> -->
            <do_if value="player.zone != $Target.zone">
                <warp object="player.occupiedship" zone="$Target.zone">
                    <safepos x="11297" y="12523" z="28994" radius="player.ship.size / 2"/>
                    <rotation yaw="-153deg" pitch="-10deg"/>
                </warp>
            </do_if>
        </do_if>
    </add>
</diff>