<!-- <?xml version="1.0" encoding="utf-8" ?>
<mdscript name="Teststuff" xmlns:xsi="http://www.w3.org/2001/XMLSchema-instance" xsi:noNamespaceSchemaLocation="D:/x4 extract 2.5b1/libraries/md.xsd">
    <cues>
        <cue name="Scan" instantiate="true">
            <conditions>
                <event_long_range_scan_sent object="player.entity" />
            </conditions>
            <actions>
                <create_ship groupname="$FleetCreated" name="$Leader" zone="player.zone">
                    <select faction="faction.xenon" tags="[tag.carrier]" />
                    <loadout>
                        <level exact="1" />
                        <variation exact="0.0" />
                    </loadout>
                    <owner exact="faction.xenon" overridenpc="true" />
                    <safepos min="1km" max="4km" />
                </create_ship>
                <create_order id="'Patrol'" object="$Leader" default="true">
                            <param name="space" value="player.zone" />
                            <param name="includeroute" value="true" />
                            <param name="allowothertargets" value="true" />
                            <param name="pursuetargets" value="true" />
                        </create_order>
                <do_all exact="80">
                    <find_dockingbay groupname="$Docks" multiple="true" object="$Leader">
                        <match_dock size="tag.dock_s" free="true" />
                    </find_dockingbay>
                    <set_value name="$Randomdock" exact="$Docks.random" />
                    <create_ship groupname="$FleetCreated" name="$Follower" dock="$Randomdock">
                        <select faction="$FactionSelected" tags="[$TagSelected]" />
                        <loadout>
                            <level exact="1" />
                            <variation exact="0.0" />
                        </loadout>
                        <owner exact="faction.xenon" overridenpc="true" />
                        <safepos min="1km" max="4km" />
                    </create_ship>
                    <remove_value name="$Docks" />
                    <remove_value name="$Randomdock" />
                    <set_object_commander object="$Follower" commander="$Leader" />
                    <create_order id="'Escort'" object="$Follower" default="true">
                        <param name="target" value="$LeaderSelected" />
                        <param name="formation" value="formationshape.pointguard" />
                        <param name="formationparam" value="200m" />
                        <param name="overrideformationskill" value="true" />
                    </create_order>
                    <add_to_group groupname="$Followers" object="$Follower" />
                    <set_owner object="$Follower" faction="faction.player" overridenpc="true" />
                    <set_owner object="$Leader" faction="faction.player" overridenpc="true" />
                </do_all>
                <find_cluster_in_range groupname="$ClustersInRange" object="player.ship" multiple="true" maxdistance="4"></find_cluster_in_range>
                <find_zone groupname="$LocalZones" space="player.sector" multiple="true"></find_zone>
                <set_value name="$HowManyShipsPerGroup" exact="$Followers.count / $LocalZones.count" />
    
                <set_value name="$PatrolTable" exact="table[]" />
                <set_value name="$PatrolTable.$LocalFleets" exact="$FleetCreated" />
                <set_value name="$PatrolTable.$LeaderOfFleet" exact="$Leader" />
                <set_value name="$PatrolTable.$TetherRange" exact="200km" />
                <set_value name="$PatrolTable.$LocalClusters" exact="table[]" />
                <do_all exact="$ClustersInRange.count" counter="$cluster">
                    <find_zone groupname="$LocalZones" space="$ClustersInRange.{$cluster}" multiple="true"></find_zone>
                    <append_to_list name="$PatrolTable.{$LocalClusters.{$cluster}}.$PatrolZones" exact="$LocalZones" />
                    <set_value name="$HowManyShipsPerGroup" exact="$Followers.count / $LocalZones.count" />
                    <remove_value name="$LocalZones" />
                </do_all>
               
         
                <debug_to_file text="'1 ' + $PatrolTable" name="'PatrolTableTest.log'" />
                <debug_to_file text="'2 ' + $PatrolTable.$LocalFleets" name="'PatrolTableTest.log'" />
                <debug_to_file text="'3 ' + $PatrolTable.$LeaderOfFleet" name="'PatrolTableTest.log'" />
                <debug_to_file text="'4 ' + $PatrolTable.$TetherRange" name="'PatrolTableTest.log'" />
                <debug_to_file text="'5 ' + $PatrolTable.$LocalClusters.{1}" name="'PatrolTableTest.log'" />
            </actions>
        </cue>
    </cues>
</mdscript> -->