<?xml version="1.0" encoding="utf-8" ?>
<mdscript name="Teleportation_Wars_Lists" xmlns:xsi="http://www.w3.org/2001/XMLSchema-instance" xsi:noNamespaceSchemaLocation="D:/x4 extract 2.5b1/libraries/md.xsd">
    <cues>
        <cue name="MakeLists" instantiate="true">
            <conditions>
                <event_cue_signalled cue="md.Setup.GameStart" />
            </conditions>
            <actions>
                <create_list name="global.$Piratenamelist" />
                <append_to_list name="global.$Piratenamelist" exact="'Silent Runner'" />
                <append_to_list name="global.$Piratenamelist" exact="'The Family Boat'" />
                <append_to_list name="global.$Piratenamelist" exact="'Lil Darlin'" />
                <append_to_list name="global.$Piratenamelist" exact="'Runamuck'" />
                <append_to_list name="global.$Piratenamelist" exact="'Delusions'" />
                <append_to_list name="global.$Piratenamelist" exact="'Spindrift'" />
                <append_to_list name="global.$Piratenamelist" exact="'Night Flyer'" />
                <append_to_list name="global.$Piratenamelist" exact="'New Adventure'" />
                <append_to_list name="global.$Piratenamelist" exact="'Lil Floozy'" />
                <append_to_list name="global.$Piratenamelist" exact="'Tantrum'" />
                <append_to_list name="global.$Piratenamelist" exact="'Wind Of Change'" />
                <append_to_list name="global.$Piratenamelist" exact="'Mermaid II'" />
                <append_to_list name="global.$Piratenamelist" exact="'Game Over'" />
                <append_to_list name="global.$Piratenamelist" exact="'Sea Dation'" />
                <append_to_list name="global.$Piratenamelist" exact="'London Lady'" />
                <append_to_list name="global.$Piratenamelist" exact="'Obsessive'" />
                <append_to_list name="global.$Piratenamelist" exact="'Grey Matter'" />
                <append_to_list name="global.$Piratenamelist" exact="'Two Seasons'" />
                <append_to_list name="global.$Piratenamelist" exact="'Tropical Dream'" />
                <append_to_list name="global.$Piratenamelist" exact="'Sea Mania'" />
                <append_to_list name="global.$Piratenamelist" exact="'Satisfaction III'" />
                <append_to_list name="global.$Piratenamelist" exact="'Finesse'" />
                <append_to_list name="global.$Piratenamelist" exact="'First Temptation'" />
                <append_to_list name="global.$Piratenamelist" exact="'Power Sailer'" />
                <append_to_list name="global.$Piratenamelist" exact="'Wind Chaser'" />
                <append_to_list name="global.$Piratenamelist" exact="'Pegasus'" />
                <append_to_list name="global.$Piratenamelist" exact="'Dwarf Star'" />
                <append_to_list name="global.$Piratenamelist" exact="'Splash Dance'" />
                <append_to_list name="global.$Piratenamelist" exact="'Pelicans Flight'" />
                <append_to_list name="global.$Piratenamelist" exact="'Laid Back'" />
                <append_to_list name="global.$Piratenamelist" exact="'Indigo'" />
                <append_to_list name="global.$Piratenamelist" exact="'Chinook'" />
                <append_to_list name="global.$Piratenamelist" exact="'Aurora IV'" />
                <append_to_list name="global.$Piratenamelist" exact="'Shibby'" />
                <append_to_list name="global.$Piratenamelist" exact="'Credit Plus'" />
                <append_to_list name="global.$Piratenamelist" exact="'Release'" />
                <append_to_list name="global.$Piratenamelist" exact="'Morning After'" />
                <append_to_list name="global.$Piratenamelist" exact="'Still Here'" />
                <append_to_list name="global.$Piratenamelist" exact="'Ruthless'" />
                <append_to_list name="global.$Piratenamelist" exact="'Weekend Paradise'" />
                <append_to_list name="global.$Piratenamelist" exact="'Sea Wisp'" />
                <append_to_list name="global.$Piratenamelist" exact="'Raven'" />
                <append_to_list name="global.$Piratenamelist" exact="'The Bobber'" />
                <append_to_list name="global.$Piratenamelist" exact="'Zen Glider'" />
                <append_to_list name="global.$Piratenamelist" exact="'Evanescence'" />
                <append_to_list name="global.$Piratenamelist" exact="'Star Attraction'" />
                <append_to_list name="global.$Piratenamelist" exact="'Marginal'" />
                <append_to_list name="global.$Piratenamelist" exact="'Red Dawn'" />
                <append_to_list name="global.$Piratenamelist" exact="'Eat My Wake'" />
                <append_to_list name="global.$Piratenamelist" exact="'Fat Bastard'" />
                <append_to_list name="global.$Piratenamelist" exact="'Bikini Club'" />
                <append_to_list name="global.$Piratenamelist" exact="'Dee Stress'" />
                <append_to_list name="global.$Piratenamelist" exact="'Gray Ghost'" />
                <append_to_list name="global.$Piratenamelist" exact="'For Too Owe'" />
                <append_to_list name="global.$Piratenamelist" exact="'Musky Star'" />
                <append_to_list name="global.$Piratenamelist" exact="'Lioness'" />
                <append_to_list name="global.$Piratenamelist" exact="'Mojo'" />
                <append_to_list name="global.$Piratenamelist" exact="'Calm Seas'" />
                <append_to_list name="global.$Piratenamelist" exact="'Artistry'" />
                <append_to_list name="global.$Piratenamelist" exact="'Far Be It'" />
                <append_to_list name="global.$Piratenamelist" exact="'Hope It Floats'" />
                <append_to_list name="global.$Piratenamelist" exact="'Far Away'" />
                <append_to_list name="global.$Piratenamelist" exact="'Celtic Voyager'" />
                <append_to_list name="global.$Piratenamelist" exact="'Bermuda Blues'" />
                <append_to_list name="global.$Piratenamelist" exact="'Choices'" />
                <append_to_list name="global.$Piratenamelist" exact="'Roxanne'" />
                <append_to_list name="global.$Piratenamelist" exact="'In Pursuit'" />
                <append_to_list name="global.$Piratenamelist" exact="'Shark Bait'" />
                <append_to_list name="global.$Piratenamelist" exact="'Embassea'" />
                <append_to_list name="global.$Piratenamelist" exact="'Two Burner'" />
                <append_to_list name="global.$Piratenamelist" exact="'Up To No Good'" />
                <append_to_list name="global.$Piratenamelist" exact="'Inspiration'" />
                <append_to_list name="global.$Piratenamelist" exact="'Vagabond'" />
                <append_to_list name="global.$Piratenamelist" exact="'Grasshopper'" />
                <append_to_list name="global.$Piratenamelist" exact="'Another Line'" />
                <append_to_list name="global.$Piratenamelist" exact="'Charmed Life'" />
                <append_to_list name="global.$Piratenamelist" exact="'Winter Solace'" />
                <append_to_list name="global.$Piratenamelist" exact="'Heaven'" />
                <append_to_list name="global.$Piratenamelist" exact="'Moonlight Express'" />
                <append_to_list name="global.$Piratenamelist" exact="'The Crosswinds'" />
                <append_to_list name="global.$Piratenamelist" exact="'Go For Broke'" />
                <append_to_list name="global.$Piratenamelist" exact="'Roxie'" />
                <append_to_list name="global.$Piratenamelist" exact="'A Yachts Sea'" />
                <append_to_list name="global.$Piratenamelist" exact="'Tipsea II'" />
                <append_to_list name="global.$Piratenamelist" exact="'Lake Sunrise'" />
                <append_to_list name="global.$Piratenamelist" exact="'Wits End'" />
                <append_to_list name="global.$Piratenamelist" exact="'Sound Investment'" />
                <append_to_list name="global.$Piratenamelist" exact="'Make It So'" />
                <append_to_list name="global.$Piratenamelist" exact="'Free Sailing'" />
                <append_to_list name="global.$Piratenamelist" exact="'Grand Slam'" />
                <append_to_list name="global.$Piratenamelist" exact="'Nicknack'" />
                <append_to_list name="global.$Piratenamelist" exact="'Bigfoot'" />
                <append_to_list name="global.$Piratenamelist" exact="'GinTonic'" />
                <append_to_list name="global.$Piratenamelist" exact="'Ocean Blue'" />
                <append_to_list name="global.$Piratenamelist" exact="'Sophie'" />
                <append_to_list name="global.$Piratenamelist" exact="'Midnight Blues'" />
                <append_to_list name="global.$Piratenamelist" exact="'Sanity II'" />
                <append_to_list name="global.$Piratenamelist" exact="'Laguna Breeze'" />
                <append_to_list name="global.$Piratenamelist" exact="'Alternative'" />
                <append_to_list name="global.$Piratenamelist" exact="'Quiet Storm'" />
                <append_to_list name="global.$Piratenamelist" exact="'Island Girl'" />
                <append_to_list name="global.$Piratenamelist" exact="'Beez Neez'" />
                <append_to_list name="global.$Piratenamelist" exact="'Second Time Around'" />
                <append_to_list name="global.$Piratenamelist" exact="'Ally Cat'" />
                <append_to_list name="global.$Piratenamelist" exact="'Kilt In A Breeze'" />
                <append_to_list name="global.$Piratenamelist" exact="'Blue Away'" />
                <append_to_list name="global.$Piratenamelist" exact="'The Odyssey'" />
                <append_to_list name="global.$Piratenamelist" exact="'Wasted Wages'" />
                <append_to_list name="global.$Piratenamelist" exact="'Double Endeavour'" />
                <append_to_list name="global.$Piratenamelist" exact="'Big Buddha'" />
                <append_to_list name="global.$Piratenamelist" exact="'Eagles Wings'" />
                <append_to_list name="global.$Piratenamelist" exact="'Triple Threat'" />
                <append_to_list name="global.$Piratenamelist" exact="'Another Season'" />
                <append_to_list name="global.$Piratenamelist" exact="'Sea Therapy II'" />
                <append_to_list name="global.$Piratenamelist" exact="'Arcadia'" />
                <append_to_list name="global.$Piratenamelist" exact="'Leprechaun II'" />
                <append_to_list name="global.$Piratenamelist" exact="'Dolphin'" />
                <append_to_list name="global.$Piratenamelist" exact="'Lively Lady'" />
                <append_to_list name="global.$Piratenamelist" exact="'Salty Feet'" />
                <append_to_list name="global.$Piratenamelist" exact="'Buck'" />
                <append_to_list name="global.$Piratenamelist" exact="'Star Shine'" />
                <append_to_list name="global.$Piratenamelist" exact="'Amateur Hour'" />
                <append_to_list name="global.$Piratenamelist" exact="'Celtic Mistress'" />
                <append_to_list name="global.$Piratenamelist" exact="'Artic Loon'" />
                <append_to_list name="global.$Piratenamelist" exact="'River Meaderer'" />
                <append_to_list name="global.$Piratenamelist" exact="'Magic Dragon'" />
                <append_to_list name="global.$Piratenamelist" exact="'Fair Winds'" />
                <append_to_list name="global.$Piratenamelist" exact="'Desert Wind'" />
                <append_to_list name="global.$Piratenamelist" exact="'Star Chaser II'" />
                <append_to_list name="global.$Piratenamelist" exact="'Sea Wolf'" />
                <append_to_list name="global.$Piratenamelist" exact="'Quick Cat'" />
                <append_to_list name="global.$Piratenamelist" exact="'Cayman'" />
                <append_to_list name="global.$Piratenamelist" exact="'Bearly Behavin'" />
                <append_to_list name="global.$Piratenamelist" exact="'Winds Way'" />
                <append_to_list name="global.$Piratenamelist" exact="'ShipsGiggles'" />
                <append_to_list name="global.$Piratenamelist" exact="'Peaceful'" />
                <append_to_list name="global.$Piratenamelist" exact="'Amazing Grace III'" />
                <append_to_list name="global.$Piratenamelist" exact="'Merritime'" />
                <append_to_list name="global.$Piratenamelist" exact="'Spirit'" />
                <append_to_list name="global.$Piratenamelist" exact="'Steamy Windows'" />
                <append_to_list name="global.$Piratenamelist" exact="'Blue Light'" />
                <append_to_list name="global.$Piratenamelist" exact="'Idle Hour'" />
                <append_to_list name="global.$Piratenamelist" exact="'Default Route'" />
                <append_to_list name="global.$Piratenamelist" exact="'Lunatic Edge'" />
                <append_to_list name="global.$Piratenamelist" exact="'Sentient'" />
                <append_to_list name="global.$Piratenamelist" exact="'Morning Mist'" />
                <append_to_list name="global.$Piratenamelist" exact="'Due South'" />
                <append_to_list name="global.$Piratenamelist" exact="'Final Choice'" />
                <append_to_list name="global.$Piratenamelist" exact="'Half Moon'" />
                <append_to_list name="global.$Piratenamelist" exact="'Spirit Of Adventure'" />
                <append_to_list name="global.$Piratenamelist" exact="'Alluring Wind'" />
                <append_to_list name="global.$Piratenamelist" exact="'Sheer Joy'" />
                <append_to_list name="global.$Piratenamelist" exact="'Fat Cat'" />
                <append_to_list name="global.$Piratenamelist" exact="'Legacy'" />
                <append_to_list name="global.$Piratenamelist" exact="'Double Dipper'" />
                <append_to_list name="global.$Piratenamelist" exact="'Silver Seas'" />
                <append_to_list name="global.$Piratenamelist" exact="'Tiger Lily'" />
                <append_to_list name="global.$Piratenamelist" exact="'Voodoo Lady'" />
                <append_to_list name="global.$Piratenamelist" exact="'Miss Scarlet'" />
                <append_to_list name="global.$Piratenamelist" exact="'Lady Bug'" />
                <append_to_list name="global.$Piratenamelist" exact="'Out The Blue'" />
                <append_to_list name="global.$Piratenamelist" exact="'Good Time Habit'" />
                <append_to_list name="global.$Piratenamelist" exact="'The Compass'" />
                <append_to_list name="global.$Piratenamelist" exact="'Almost Heaven'" />
                <append_to_list name="global.$Piratenamelist" exact="'Mischievious'" />
                <append_to_list name="global.$Piratenamelist" exact="'Blue Velvet'" />
                <append_to_list name="global.$Piratenamelist" exact="'Reel Success'" />
                <append_to_list name="global.$Piratenamelist" exact="'Desert Dolphin'" />
                <append_to_list name="global.$Piratenamelist" exact="'Aspen Mist'" />
                <append_to_list name="global.$Piratenamelist" exact="'Sliver Of Moon'" />
                <append_to_list name="global.$Piratenamelist" exact="'Bonafide'" />
                <append_to_list name="global.$Piratenamelist" exact="'The Dinghy'" />
                <append_to_list name="global.$Piratenamelist" exact="'Trip Taker'" />
                <append_to_list name="global.$Piratenamelist" exact="'Sun Seeker'" />
                <append_to_list name="global.$Piratenamelist" exact="'Cats Paw'" />
                <append_to_list name="global.$Piratenamelist" exact="'On Our Way'" />
                <append_to_list name="global.$Piratenamelist" exact="'All That Jazz'" />
                <append_to_list name="global.$Piratenamelist" exact="'Aftermath'" />
                <append_to_list name="global.$Piratenamelist" exact="'Sea Walker'" />
                <append_to_list name="global.$Piratenamelist" exact="'Advantage'" />
                <append_to_list name="global.$Piratenamelist" exact="'Airborne III'" />
                <append_to_list name="global.$Piratenamelist" exact="'Dharma'" />
                <append_to_list name="global.$Piratenamelist" exact="'Voyager III'" />
                <append_to_list name="global.$Piratenamelist" exact="'Southern Exposure'" />
                <append_to_list name="global.$Piratenamelist" exact="'Tantalus'" />
                <append_to_list name="global.$Piratenamelist" exact="'Pacific Lady'" />
                <append_to_list name="global.$Piratenamelist" exact="'Aura'" />
                <append_to_list name="global.$Piratenamelist" exact="'Second Wind IV'" />
                <append_to_list name="global.$Piratenamelist" exact="'Victor'" />
                <append_to_list name="global.$Piratenamelist" exact="'Harbor Grace'" />
                <append_to_list name="global.$Piratenamelist" exact="'Negotiator'" />
                <append_to_list name="global.$Piratenamelist" exact="'Elusion'" />
                <append_to_list name="global.$Piratenamelist" exact="'Sunrise'" />
                <append_to_list name="global.$Piratenamelist" exact="'Sea Drifter'" />
                <append_to_list name="global.$Piratenamelist" exact="'Happy'" />
                <append_to_list name="global.$Piratenamelist" exact="'Free Wind'" />
                <append_to_list name="global.$Piratenamelist" exact="'Artsea'" />
                <append_to_list name="global.$Piratenamelist" exact="'Impact'" />
                <append_to_list name="global.$Piratenamelist" exact="'Playtime II'" />
                <append_to_list name="global.$Piratenamelist" exact="'Reel Tours'" />
                <append_to_list name="global.$Piratenamelist" exact="'Sweet Tea'" />
                <append_to_list name="global.$Piratenamelist" exact="'Sea Gal'" />
                <append_to_list name="global.$Piratenamelist" exact="'Penniless'" />
                <append_to_list name="global.$Piratenamelist" exact="'Predestined'" />
                <append_to_list name="global.$Piratenamelist" exact="'Avalon Breeze'" />
                <append_to_list name="global.$Piratenamelist" exact="'Judy'" />
                <append_to_list name="global.$Piratenamelist" exact="'Nautical Rose'" />
                <append_to_list name="global.$Piratenamelist" exact="'Elana'" />
                <append_to_list name="global.$Piratenamelist" exact="'Close To It'" />
                <append_to_list name="global.$Piratenamelist" exact="'Point Of Sail'" />
                <append_to_list name="global.$Piratenamelist" exact="'Charger'" />
                <append_to_list name="global.$Piratenamelist" exact="'Rebel Lady'" />
                <append_to_list name="global.$Piratenamelist" exact="'Salsa Queen'" />
                <append_to_list name="global.$Piratenamelist" exact="'Alone Together'" />
                <append_to_list name="global.$Piratenamelist" exact="'Cuttin Class'" />
                <append_to_list name="global.$Piratenamelist" exact="'Adoryble'" />
                <append_to_list name="global.$Piratenamelist" exact="'Sea Jester'" />
                <append_to_list name="global.$Piratenamelist" exact="'Knotty Buoy'" />
                <append_to_list name="global.$Piratenamelist" exact="'Notorious'" />
                <append_to_list name="global.$Piratenamelist" exact="'Nimrod'" />
                <append_to_list name="global.$Piratenamelist" exact="'Air Power'" />
                <append_to_list name="global.$Piratenamelist" exact="'Pretty Lady III'" />
                <append_to_list name="global.$Piratenamelist" exact="'Sandbar II'" />
                <append_to_list name="global.$Piratenamelist" exact="'Mad Dash'" />
                <append_to_list name="global.$Piratenamelist" exact="'Peace Quiet'" />
                <append_to_list name="global.$Piratenamelist" exact="'Ellen'" />
                <append_to_list name="global.$Piratenamelist" exact="'Goldeneye'" />
                <append_to_list name="global.$Piratenamelist" exact="'Sea Rascal'" />
                <append_to_list name="global.$Piratenamelist" exact="'Discovery IV'" />
                <append_to_list name="global.$Piratenamelist" exact="'Mirage II'" />
                <append_to_list name="global.$Piratenamelist" exact="'Tina'" />
                <append_to_list name="global.$Piratenamelist" exact="'Two Pair'" />
                <append_to_list name="global.$Piratenamelist" exact="'Endless Quest'" />
                <append_to_list name="global.$Piratenamelist" exact="'American Dreamer'" />
                <append_to_list name="global.$Piratenamelist" exact="'Hightail'" />
                <append_to_list name="global.$Piratenamelist" exact="'Zigger Zagger'" />
                <append_to_list name="global.$Piratenamelist" exact="'The Answer'" />
                <append_to_list name="global.$Piratenamelist" exact="'Zigga Zagga'" />
                <append_to_list name="global.$Piratenamelist" exact="'Shock Therapy'" />
                <append_to_list name="global.$Piratenamelist" exact="'The Best Toy Ever!'" />
                <append_to_list name="global.$Piratenamelist" exact="'Prosperity'" />
                <append_to_list name="global.$Piratenamelist" exact="'Reel Work'" />
                <append_to_list name="global.$Piratenamelist" exact="'Sea Jazz'" />
                <append_to_list name="global.$Piratenamelist" exact="'Chaotic Harmony'" />
                <append_to_list name="global.$Piratenamelist" exact="'Cat-a-tonic'" />
                <append_to_list name="global.$Piratenamelist" exact="'Champagne Sunset'" />
                <append_to_list name="global.$Piratenamelist" exact="'Morning Glory'" />
                <append_to_list name="global.$Piratenamelist" exact="'Alternate Reality'" />
                <append_to_list name="global.$Piratenamelist" exact="'Sinful'" />
                <append_to_list name="global.$Piratenamelist" exact="'Eleanor'" />
                <append_to_list name="global.$Piratenamelist" exact="'Anita'" />
                <append_to_list name="global.$Piratenamelist" exact="'Latin Mistress'" />
                <append_to_list name="global.$Piratenamelist" exact="'Amigo II'" />
                <append_to_list name="global.$Piratenamelist" exact="'The Ruptured Duck'" />
                <append_to_list name="global.$Piratenamelist" exact="'Bold Venture'" />
                <append_to_list name="global.$Piratenamelist" exact="'Venture'" />
                <append_to_list name="global.$Piratenamelist" exact="'Morning Star'" />
                <append_to_list name="global.$Piratenamelist" exact="'Delta One'" />
                <append_to_list name="global.$Piratenamelist" exact="'Ashley'" />
                <append_to_list name="global.$Piratenamelist" exact="'No Drama'" />
                <append_to_list name="global.$Piratenamelist" exact="'Relationship'" />
                <append_to_list name="global.$Piratenamelist" exact="'Fishtress'" />
                <append_to_list name="global.$Piratenamelist" exact="'Stitches'" />
                <append_to_list name="global.$Piratenamelist" exact="'December'" />
                <append_to_list name="global.$Piratenamelist" exact="'Serenity Found'" />
                <append_to_list name="global.$Piratenamelist" exact="'Last Straw'" />
                <append_to_list name="global.$Piratenamelist" exact="'Amphora'" />
                <append_to_list name="global.$Piratenamelist" exact="'Amazed'" />
                <append_to_list name="global.$Piratenamelist" exact="'Makin Music'" />
                <append_to_list name="global.$Piratenamelist" exact="'Moonlight Glory'" />
                <append_to_list name="global.$Piratenamelist" exact="'Zen'" />
                <append_to_list name="global.$Piratenamelist" exact="'Blackbear'" />
                <append_to_list name="global.$Piratenamelist" exact="'Second Chance II'" />
                <append_to_list name="global.$Piratenamelist" exact="'Big Flash'" />
                <append_to_list name="global.$Piratenamelist" exact="'Summer Love'" />
                <append_to_list name="global.$Piratenamelist" exact="'Nauti Lass'" />
                <append_to_list name="global.$Piratenamelist" exact="'Missing Link'" />
                <append_to_list name="global.$Piratenamelist" exact="'Bonito'" />
                <append_to_list name="global.$Piratenamelist" exact="'Bailey'" />
                <append_to_list name="global.$Piratenamelist" exact="'Miracle'" />
                <append_to_list name="global.$Piratenamelist" exact="'Blow Me Down'" />
                <append_to_list name="global.$Piratenamelist" exact="'Whisper'" />
                <append_to_list name="global.$Piratenamelist" exact="'Chiefs Alibi'" />
                <append_to_list name="global.$Piratenamelist" exact="'Checkmate'" />
                <append_to_list name="global.$Piratenamelist" exact="'Second Hand Rose'" />
                <append_to_list name="global.$Piratenamelist" exact="'Catchalot'" />
                <append_to_list name="global.$Piratenamelist" exact="'Day Dreamer'" />
                <append_to_list name="global.$Piratenamelist" exact="'Monkey Business'" />
                <append_to_list name="global.$Piratenamelist" exact="'Sassea'" />
                <append_to_list name="global.$Piratenamelist" exact="'Looney-toon'" />
                <append_to_list name="global.$Piratenamelist" exact="'F.u.b.a.r'" />
                <append_to_list name="global.$Piratenamelist" exact="'Almost There'" />
                <append_to_list name="global.$Piratenamelist" exact="'Mainstay'" />
                <append_to_list name="global.$Piratenamelist" exact="'Irrational'" />
                <append_to_list name="global.$Piratenamelist" exact="'Up To The Gills'" />
                <append_to_list name="global.$Piratenamelist" exact="'Big Fatty'" />
                <append_to_list name="global.$Piratenamelist" exact="'X.T.SEA'" />
                <append_to_list name="global.$Piratenamelist" exact="'Orion III'" />
                <append_to_list name="global.$Piratenamelist" exact="'Earth Spinner'" />
                <append_to_list name="global.$Piratenamelist" exact="'Alternate Route'" />
                <append_to_list name="global.$Piratenamelist" exact="'The Vital Spark'" />
                <append_to_list name="global.$Piratenamelist" exact="'Enlightenment'" />
                <append_to_list name="global.$Piratenamelist" exact="'Somerset'" />
                <append_to_list name="global.$Piratenamelist" exact="'Natural Mystic'" />
                <append_to_list name="global.$Piratenamelist" exact="'Art Gypsy'" />
                <append_to_list name="global.$Piratenamelist" exact="'Lucky Break'" />
                <append_to_list name="global.$Piratenamelist" exact="'Convinced'" />
                <append_to_list name="global.$Piratenamelist" exact="'Sugar Bee'" />
                <append_to_list name="global.$Piratenamelist" exact="'Stress 'B' Gone'" />
                <append_to_list name="global.$Piratenamelist" exact="'Tequila Flashback'" />
                <append_to_list name="global.$Piratenamelist" exact="'Sea Deuce'" />
                <append_to_list name="global.$Piratenamelist" exact="'Resistance Is Futile'" />
                <append_to_list name="global.$Piratenamelist" exact="'Sea Biscuit'" />
                <append_to_list name="global.$Piratenamelist" exact="'Pitter Potter'" />
                <append_to_list name="global.$Piratenamelist" exact="'Headway'" />
                <append_to_list name="global.$Piratenamelist" exact="'Cat Nap'" />
                <append_to_list name="global.$Piratenamelist" exact="'Dark Star II'" />
                <append_to_list name="global.$Piratenamelist" exact="'Calm Waters'" />
                <append_to_list name="global.$Piratenamelist" exact="'Cross Winds'" />
                <append_to_list name="global.$Piratenamelist" exact="'Sacred Haven'" />
                <append_to_list name="global.$Piratenamelist" exact="'Fat Boy'" />
                <append_to_list name="global.$Piratenamelist" exact="'Beginnings'" />
                <append_to_list name="global.$Piratenamelist" exact="'Hurricane'" />
                <append_to_list name="global.$Piratenamelist" exact="'Arrogance'" />
                <append_to_list name="global.$Piratenamelist" exact="'Well Balanced'" />
                <append_to_list name="global.$Piratenamelist" exact="'Sweet Jewel'" />
                <append_to_list name="global.$Piratenamelist" exact="'Toucan II'" />
                <append_to_list name="global.$Piratenamelist" exact="'Day Off'" />
                <append_to_list name="global.$Piratenamelist" exact="'Pirate Soul'" />
                <append_to_list name="global.$Piratenamelist" exact="'Sally'" />
                <append_to_list name="global.$Piratenamelist" exact="'Joy Of Life'" />
                <append_to_list name="global.$Piratenamelist" exact="'Little Dream'" />
                <append_to_list name="global.$Piratenamelist" exact="'Play Pen'" />
                <append_to_list name="global.$Piratenamelist" exact="'Half Way There'" />
                <append_to_list name="global.$Piratenamelist" exact="'Sasha'" />
                <append_to_list name="global.$Piratenamelist" exact="'The Blue Duck'" />
                <append_to_list name="global.$Piratenamelist" exact="'Wine Knot'" />
                <append_to_list name="global.$Piratenamelist" exact="'Acappella'" />
                <append_to_list name="global.$Piratenamelist" exact="'Ass-Kicker'" />
                <append_to_list name="global.$Piratenamelist" exact="'Someday Is Here'" />
                <append_to_list name="global.$Piratenamelist" exact="'Martini'" />
                <append_to_list name="global.$Piratenamelist" exact="'Reliant'" />
                <append_to_list name="global.$Piratenamelist" exact="'Intrepid'" />
                <append_to_list name="global.$Piratenamelist" exact="'Antartic Loon'" />
                <append_to_list name="global.$Piratenamelist" exact="'Adios'" />
                <append_to_list name="global.$Piratenamelist" exact="'Silent Lady'" />
                <append_to_list name="global.$Piratenamelist" exact="'Retreat'" />
                <append_to_list name="global.$Piratenamelist" exact="'Well Deserved'" />
                <append_to_list name="global.$Piratenamelist" exact="'Feeding Frenzy'" />
                <append_to_list name="global.$Piratenamelist" exact="'Sunkist'" />
                <append_to_list name="global.$Piratenamelist" exact="'Alluring'" />
                <append_to_list name="global.$Piratenamelist" exact="'Colonels Lady'" />
                <append_to_list name="global.$Piratenamelist" exact="'Chasing Sunsets'" />
                <append_to_list name="global.$Piratenamelist" exact="'Lucille'" />
                <append_to_list name="global.$Piratenamelist" exact="'Jeremiah'" />
                <append_to_list name="global.$Piratenamelist" exact="'Excalibur'" />
                <append_to_list name="global.$Piratenamelist" exact="'C-Ya'" />
                <append_to_list name="global.$Piratenamelist" exact="'Yellow Fever'" />
                <append_to_list name="global.$Piratenamelist" exact="'Good Medicine'" />
                <append_to_list name="global.$Piratenamelist" exact="'The Fish Whisperer'" />
                <append_to_list name="global.$Piratenamelist" exact="'Bonejour'" />
                <append_to_list name="global.$Piratenamelist" exact="'Riddles In The Sand'" />
                <append_to_list name="global.$Piratenamelist" exact="'Reliance'" />
                <append_to_list name="global.$Piratenamelist" exact="'Ocean Harmony'" />
                <append_to_list name="global.$Piratenamelist" exact="'Carnage'" />
                <append_to_list name="global.$Piratenamelist" exact="'A Sails Call'" />
                <append_to_list name="global.$Piratenamelist" exact="'Bad Company'" />
                <append_to_list name="global.$Piratenamelist" exact="'Adventure III'" />
                <append_to_list name="global.$Piratenamelist" exact="'Time Out'" />
                <append_to_list name="global.$Piratenamelist" exact="'Ancient Dreamer'" />
                <append_to_list name="global.$Piratenamelist" exact="'Living Well'" />
                <append_to_list name="global.$Piratenamelist" exact="'Lil Gypsy'" />
                <append_to_list name="global.$Piratenamelist" exact="'Friend Ship'" />
                <append_to_list name="global.$Piratenamelist" exact="'Bittersweet II'" />
                <append_to_list name="global.$Piratenamelist" exact="'Cat Burglar'" />
                <append_to_list name="global.$Piratenamelist" exact="'True North'" />
                <append_to_list name="global.$Piratenamelist" exact="'Seanile'" />
                <append_to_list name="global.$Piratenamelist" exact="'Galaxy'" />
                <append_to_list name="global.$Piratenamelist" exact="'Solace II'" />
                <append_to_list name="global.$Piratenamelist" exact="'Wild Flyer'" />
                <append_to_list name="global.$Piratenamelist" exact="'Night Owl'" />
                <append_to_list name="global.$Piratenamelist" exact="'Ego Toy'" />
                <append_to_list name="global.$Piratenamelist" exact="'Off Course'" />
                <append_to_list name="global.$Piratenamelist" exact="'Angels Share'" />
                <append_to_list name="global.$Piratenamelist" exact="'Cheerio'" />
                <append_to_list name="global.$Piratenamelist" exact="'Pelican Moon'" />
                <append_to_list name="global.$Piratenamelist" exact="'Knot Salty'" />
                <append_to_list name="global.$Piratenamelist" exact="'On A Whim'" />
                <append_to_list name="global.$Piratenamelist" exact="'The Naked Truth'" />
                <append_to_list name="global.$Piratenamelist" exact="'Liquid'" />
                <append_to_list name="global.$Piratenamelist" exact="'Audacious'" />
                <append_to_list name="global.$Piratenamelist" exact="'Eclipse II'" />
                <append_to_list name="global.$Piratenamelist" exact="'Uptown Girl'" />
                <append_to_list name="global.$Piratenamelist" exact="'Archimedes'" />
                <append_to_list name="global.$Piratenamelist" exact="'Amari'" />
                <append_to_list name="global.$Piratenamelist" exact="'My Nauti Romance'" />
                <append_to_list name="global.$Piratenamelist" exact="'Miracles'" />
                <append_to_list name="global.$Piratenamelist" exact="'I Think I Can'" />
                <append_to_list name="global.$Piratenamelist" exact="'Delta Blues'" />
                <append_to_list name="global.$Piratenamelist" exact="'WindWater'" />
                <append_to_list name="global.$Piratenamelist" exact="'Piccolina'" />
                <append_to_list name="global.$Piratenamelist" exact="'Lavaflow'" />
                <append_to_list name="global.$Piratenamelist" exact="'Victoria II'" />
                <append_to_list name="global.$Piratenamelist" exact="'Too Impulsive'" />
                <append_to_list name="global.$Piratenamelist" exact="'Enough Is Enough'" />
                <append_to_list name="global.$Piratenamelist" exact="'Bare Necessity'" />
                <append_to_list name="global.$Piratenamelist" exact="'Mischief'" />
                <append_to_list name="global.$Piratenamelist" exact="'Break A Leg'" />
                <append_to_list name="global.$Piratenamelist" exact="'Wary Mary'" />
                <append_to_list name="global.$Piratenamelist" exact="'Limerick'" />
                <append_to_list name="global.$Piratenamelist" exact="'Monark'" />
                <append_to_list name="global.$Piratenamelist" exact="'Bloomies'" />
                <append_to_list name="global.$Piratenamelist" exact="'No Luck'" />
                <append_to_list name="global.$Piratenamelist" exact="'Contemplation'" />
                <append_to_list name="global.$Piratenamelist" exact="'Rapture'" />
                <append_to_list name="global.$Piratenamelist" exact="'Mystic Sea'" />
                <append_to_list name="global.$Piratenamelist" exact="'Real Cozy'" />
                <append_to_list name="global.$Piratenamelist" exact="'Heavenly Daze'" />
                <append_to_list name="global.$Piratenamelist" exact="'Horseplay'" />
                <append_to_list name="global.$Piratenamelist" exact="'Traveler'" />
                <append_to_list name="global.$Piratenamelist" exact="'Nemesis'" />
                <append_to_list name="global.$Piratenamelist" exact="'Kangaroo'" />
                <append_to_list name="global.$Piratenamelist" exact="'First Edition'" />
                <append_to_list name="global.$Piratenamelist" exact="'Nice Pair'" />
                <append_to_list name="global.$Piratenamelist" exact="'Triage'" />
                <append_to_list name="global.$Piratenamelist" exact="'Joint Custody'" />
                <append_to_list name="global.$Piratenamelist" exact="'Challenger'" />
                <append_to_list name="global.$Piratenamelist" exact="'My Disease'" />
                <append_to_list name="global.$Piratenamelist" exact="'Time Bandit'" />
                <append_to_list name="global.$Piratenamelist" exact="'Day Tripper'" />
                <append_to_list name="global.$Piratenamelist" exact="'Princess Cat'" />
                <append_to_list name="global.$Piratenamelist" exact="'Contingency'" />
                <append_to_list name="global.$Piratenamelist" exact="'Spanish Eyes'" />
                <append_to_list name="global.$Piratenamelist" exact="'Chubby Cheeks'" />
                <append_to_list name="global.$Piratenamelist" exact="'Endless Summer'" />
                <append_to_list name="global.$Piratenamelist" exact="'Grizzly Bear'" />
                <append_to_list name="global.$Piratenamelist" exact="'Calm Spirit'" />
                <append_to_list name="global.$Piratenamelist" exact="'Probable Cause'" />
                <append_to_list name="global.$Piratenamelist" exact="'Abandon Land'" />
                <append_to_list name="global.$Piratenamelist" exact="'Free Life'" />
                <append_to_list name="global.$Piratenamelist" exact="'Liquid Lady'" />
                <append_to_list name="global.$Piratenamelist" exact="'Kiwi'" />
                <append_to_list name="global.$Piratenamelist" exact="'Oyster'" />
                <append_to_list name="global.$Piratenamelist" exact="'Second Nature'" />
                <append_to_list name="global.$Piratenamelist" exact="'Tickety Boo'" />
                <append_to_list name="global.$Piratenamelist" exact="'Becky'" />
                <append_to_list name="global.$Piratenamelist" exact="'Synergy IV'" />
                <append_to_list name="global.$Piratenamelist" exact="'TakiMy Time'" />
                <append_to_list name="global.$Piratenamelist" exact="'Lion Heart'" />
                <append_to_list name="global.$Piratenamelist" exact="'Sea Cup'" />
                <append_to_list name="global.$Piratenamelist" exact="'Sunshine Girl'" />
                <append_to_list name="global.$Piratenamelist" exact="'Brandy'" />
                <append_to_list name="global.$Piratenamelist" exact="'Blew By Yah'" />
                <append_to_list name="global.$Piratenamelist" exact="'Laser'" />
                <append_to_list name="global.$Piratenamelist" exact="'New Moon'" />
                <append_to_list name="global.$Piratenamelist" exact="'Lizard'" />
                <append_to_list name="global.$Piratenamelist" exact="'Piece Of Cake'" />
                <append_to_list name="global.$Piratenamelist" exact="'Shameless Wet Dream'" />
                <append_to_list name="global.$Piratenamelist" exact="'Stormy'" />
                <append_to_list name="global.$Piratenamelist" exact="'GettiBass'" />
                <append_to_list name="global.$Piratenamelist" exact="'Swan Maiden'" />
                <append_to_list name="global.$Piratenamelist" exact="'C Monster'" />
                <append_to_list name="global.$Piratenamelist" exact="'Moon Struck'" />
                <append_to_list name="global.$Piratenamelist" exact="'Rock The Boat'" />
                <append_to_list name="global.$Piratenamelist" exact="'Live Wire'" />
                <append_to_list name="global.$Piratenamelist" exact="'Incurable'" />
                <append_to_list name="global.$Piratenamelist" exact="'Magical'" />
                <append_to_list name="global.$Piratenamelist" exact="'Blue Horizon'" />
                <append_to_list name="global.$Piratenamelist" exact="'Lucky II'" />
                <append_to_list name="global.$Piratenamelist" exact="'Falcon'" />
                <append_to_list name="global.$Piratenamelist" exact="'Comfortably Numb II'" />
                <append_to_list name="global.$Piratenamelist" exact="'Navigator'" />
                <append_to_list name="global.$Piratenamelist" exact="'Zee Best'" />
                <append_to_list name="global.$Piratenamelist" exact="'Drama Queen'" />
                <append_to_list name="global.$Piratenamelist" exact="'Enthusiasm'" />
                <append_to_list name="global.$Piratenamelist" exact="'Mr. Baiter'" />
                <append_to_list name="global.$Piratenamelist" exact="'Wanderer II'" />
                <append_to_list name="global.$Piratenamelist" exact="'Healing Touch'" />
                <append_to_list name="global.$Piratenamelist" exact="'Touch Of Comfort'" />
                <append_to_list name="global.$Piratenamelist" exact="'Pretty Woman'" />
                <append_to_list name="global.$Piratenamelist" exact="'Ever Wind'" />
                <append_to_list name="global.$Piratenamelist" exact="'Grand Finale'" />
                <append_to_list name="global.$Piratenamelist" exact="'Toms Foolery'" />
                <append_to_list name="global.$Piratenamelist" exact="'Another Dimension'" />
                <append_to_list name="global.$Piratenamelist" exact="'Galaxy II'" />
                <append_to_list name="global.$Piratenamelist" exact="'Deliverance'" />
                <append_to_list name="global.$Piratenamelist" exact="'Our Island'" />
                <append_to_list name="global.$Piratenamelist" exact="'Knot A Yacht'" />
                <append_to_list name="global.$Piratenamelist" exact="'Wind Magic'" />
                <append_to_list name="global.$Piratenamelist" exact="'Class Act'" />
                <append_to_list name="global.$Piratenamelist" exact="'Thanks Dad'" />
                <append_to_list name="global.$Piratenamelist" exact="'Squeeker'" />
                <append_to_list name="global.$Piratenamelist" exact="'Little Wing'" />
                <append_to_list name="global.$Piratenamelist" exact="'Follow Me'" />
                <append_to_list name="global.$Piratenamelist" exact="'Deckadents'" />
                <append_to_list name="global.$Piratenamelist" exact="'Our Cottage'" />
                <append_to_list name="global.$Piratenamelist" exact="'Albatross III'" />
                <append_to_list name="global.$Piratenamelist" exact="'Leah'" />
                <append_to_list name="global.$Piratenamelist" exact="'Dragonfly II'" />
                <append_to_list name="global.$Piratenamelist" exact="'Good To Go'" />
                <append_to_list name="global.$Piratenamelist" exact="'Oz II'" />
                <append_to_list name="global.$Piratenamelist" exact="'Leeway'" />
                <append_to_list name="global.$Piratenamelist" exact="'Someday Came'" />
                <append_to_list name="global.$Piratenamelist" exact="'Sails Meeting'" />
                <append_to_list name="global.$Piratenamelist" exact="'Perseverance'" />
                <append_to_list name="global.$Piratenamelist" exact="'Game Getter'" />
                <append_to_list name="global.$Piratenamelist" exact="'Blue Sky'" />
                <append_to_list name="global.$Piratenamelist" exact="'Sea Rider'" />
                <append_to_list name="global.$Piratenamelist" exact="'No Quarter'" />
                <append_to_list name="global.$Piratenamelist" exact="'Dolphin Dancer'" />
                <append_to_list name="global.$Piratenamelist" exact="'Day Away'" />
                <append_to_list name="global.$Piratenamelist" exact="'Chilly'" />
                <append_to_list name="global.$Piratenamelist" exact="'The Second Time Around'" />
                <append_to_list name="global.$Piratenamelist" exact="'Flexible Flyer'" />
                <append_to_list name="global.$Piratenamelist" exact="'Beats Walkn'" />
                <append_to_list name="global.$Piratenamelist" exact="'Sea++'" />
                <append_to_list name="global.$Piratenamelist" exact="'Prime'" />
                <append_to_list name="global.$Piratenamelist" exact="'Low-income Housing'" />
                <append_to_list name="global.$Piratenamelist" exact="'Monkey Nugget'" />
                <append_to_list name="global.$Piratenamelist" exact="'Dog Star'" />
                <append_to_list name="global.$Piratenamelist" exact="'Rage'" />
                <append_to_list name="global.$Piratenamelist" exact="'Sea Gypsy'" />
                <append_to_list name="global.$Piratenamelist" exact="'The Conundrum'" />
                <append_to_list name="global.$Piratenamelist" exact="'Liquidity'" />
                <append_to_list name="global.$Piratenamelist" exact="'Western Sailer'" />
                <append_to_list name="global.$Piratenamelist" exact="'A Priority'" />
                <append_to_list name="global.$Piratenamelist" exact="'Navygator'" />
                <append_to_list name="global.$Piratenamelist" exact="'Take Flight'" />
                <append_to_list name="global.$Piratenamelist" exact="'Shazam'" />
                <append_to_list name="global.$Piratenamelist" exact="'High Point'" />
                <append_to_list name="global.$Piratenamelist" exact="'Contagious'" />
                <append_to_list name="global.$Piratenamelist" exact="'Gale'" />
                <append_to_list name="global.$Piratenamelist" exact="'White Elephant'" />
                <append_to_list name="global.$Piratenamelist" exact="'Silent Whisper'" />
                <append_to_list name="global.$Piratenamelist" exact="'Rompidas'" />
                <append_to_list name="global.$Piratenamelist" exact="'Naive Melody'" />
                <append_to_list name="global.$Piratenamelist" exact="'Mighty Fine'" />
                <append_to_list name="global.$Piratenamelist" exact="'Chief Enthusiast'" />
                <append_to_list name="global.$Piratenamelist" exact="'Terra Nova'" />
                <append_to_list name="global.$Piratenamelist" exact="'Sapphire'" />
                <append_to_list name="global.$Piratenamelist" exact="'My Mojo'" />
                <append_to_list name="global.$Piratenamelist" exact="'Beyond'" />
                <append_to_list name="global.$Piratenamelist" exact="'Silent Dream'" />
                <append_to_list name="global.$Piratenamelist" exact="'Offline'" />
                <append_to_list name="global.$Piratenamelist" exact="'Just For Kicks'" />
                <append_to_list name="global.$Piratenamelist" exact="'Encore'" />
                <append_to_list name="global.$Piratenamelist" exact="'Happier Place'" />
                <append_to_list name="global.$Piratenamelist" exact="'Summers Glory'" />
                <append_to_list name="global.$Piratenamelist" exact="'Black'" />
                <append_to_list name="global.$Piratenamelist" exact="'Light Of The Moon'" />
                <append_to_list name="global.$Piratenamelist" exact="'Temptress II'" />
                <append_to_list name="global.$Piratenamelist" exact="'Sea You Later'" />
                <append_to_list name="global.$Piratenamelist" exact="'Wind Chiller'" />
                <append_to_list name="global.$Piratenamelist" exact="'Spinning Dreams'" />
                <append_to_list name="global.$Piratenamelist" exact="'Yacht In The C'" />
                <append_to_list name="global.$Piratenamelist" exact="'Fish Feeder'" />
                <append_to_list name="global.$Piratenamelist" exact="'Transparency'" />
                <append_to_list name="global.$Piratenamelist" exact="'Shore Tour'" />
                <append_to_list name="global.$Piratenamelist" exact="'Rising Star'" />
                <append_to_list name="global.$Piratenamelist" exact="'The Edge'" />
                <append_to_list name="global.$Piratenamelist" exact="'Mystic Rose'" />
                <append_to_list name="global.$Piratenamelist" exact="'Puffin'" />
                <append_to_list name="global.$Piratenamelist" exact="'Pike'" />
                <append_to_list name="global.$Piratenamelist" exact="'Dilly Dally'" />
                <append_to_list name="global.$Piratenamelist" exact="'Endolphin'" />
                <append_to_list name="global.$Piratenamelist" exact="'Forecast'" />
                <append_to_list name="global.$Piratenamelist" exact="'Misfit'" />
                <append_to_list name="global.$Piratenamelist" exact="'Gravy'" />
                <append_to_list name="global.$Piratenamelist" exact="'Aplomb'" />
                <append_to_list name="global.$Piratenamelist" exact="'Think First'" />
                <append_to_list name="global.$Piratenamelist" exact="'Flyin'" />
                <append_to_list name="global.$Piratenamelist" exact="'Arabella'" />
                <append_to_list name="global.$Piratenamelist" exact="'Summer Home'" />
                <append_to_list name="global.$Piratenamelist" exact="'Knot Therapy'" />
                <append_to_list name="global.$Piratenamelist" exact="'Quark'" />
                <append_to_list name="global.$Piratenamelist" exact="'Crown Royal'" />
                <append_to_list name="global.$Piratenamelist" exact="'Awakening'" />
                <append_to_list name="global.$Piratenamelist" exact="'Ocean Adventure'" />
                <append_to_list name="global.$Piratenamelist" exact="'Aggressor'" />
                <append_to_list name="global.$Piratenamelist" exact="'Blu Sky'" />
                <append_to_list name="global.$Piratenamelist" exact="'Moonlight'" />
                <append_to_list name="global.$Piratenamelist" exact="'GettiNauti'" />
                <append_to_list name="global.$Piratenamelist" exact="'Kiwi Winds'" />
                <append_to_list name="global.$Piratenamelist" exact="'Knot On Duty'" />
                <append_to_list name="global.$Piratenamelist" exact="'Sparkey'" />
                <append_to_list name="global.$Piratenamelist" exact="'Miss Grace'" />
                <append_to_list name="global.$Piratenamelist" exact="'First Attempt'" />
                <append_to_list name="global.$Piratenamelist" exact="'Gods Gift'" />
                <append_to_list name="global.$Piratenamelist" exact="'Silver Cloud'" />
                <append_to_list name="global.$Piratenamelist" exact="'Perfect Partner'" />
                <append_to_list name="global.$Piratenamelist" exact="'Abigale'" />
                <append_to_list name="global.$Piratenamelist" exact="'Swoosh'" />
                <append_to_list name="global.$Piratenamelist" exact="'Middle Sea'" />
                <append_to_list name="global.$Piratenamelist" exact="'Eagle Dancer'" />
                <append_to_list name="global.$Piratenamelist" exact="'Ocean Quest'" />
                <append_to_list name="global.$Piratenamelist" exact="'Viking Ship'" />
                <append_to_list name="global.$Piratenamelist" exact="'Serendipity IV'" />
                <append_to_list name="global.$Piratenamelist" exact="'No Bad Days'" />
                <append_to_list name="global.$Piratenamelist" exact="'Thanks Bitch'" />
                <append_to_list name="global.$Piratenamelist" exact="'Outta Control'" />
                <append_to_list name="global.$Piratenamelist" exact="'Lady Belle'" />
                <append_to_list name="global.$Piratenamelist" exact="'Mermaid Hunter'" />
                <append_to_list name="global.$Piratenamelist" exact="'Karma'" />
                <append_to_list name="global.$Piratenamelist" exact="'Spring Spirit'" />
                <append_to_list name="global.$Piratenamelist" exact="'Luck  Love'" />
                <append_to_list name="global.$Piratenamelist" exact="'Ginger'" />
                <append_to_list name="global.$Piratenamelist" exact="'Quantum Evolution'" />
                <append_to_list name="global.$Piratenamelist" exact="'After You'" />
                <append_to_list name="global.$Piratenamelist" exact="'Ultimate Therapy'" />
                <append_to_list name="global.$Piratenamelist" exact="'Wild Horse'" />
                <append_to_list name="global.$Piratenamelist" exact="'Outrageous'" />
                <append_to_list name="global.$Piratenamelist" exact="'GettiReel'" />
                <append_to_list name="global.$Piratenamelist" exact="'Southerly'" />
                <append_to_list name="global.$Piratenamelist" exact="'Rum With It'" />
                <append_to_list name="global.$Piratenamelist" exact="'Lady Maria'" />
                <append_to_list name="global.$Piratenamelist" exact="'Pier Bliss'" />
                <append_to_list name="global.$Piratenamelist" exact="'Blue Canoe'" />
                <append_to_list name="global.$Piratenamelist" exact="'One-Up'" />
                <append_to_list name="global.$Piratenamelist" exact="'Panic Stricken'" />
                <append_to_list name="global.$Piratenamelist" exact="'Big Sky'" />
                <append_to_list name="global.$Piratenamelist" exact="'Mindsweeper'" />
                <append_to_list name="global.$Piratenamelist" exact="'Carolina Joy'" />
                <append_to_list name="global.$Piratenamelist" exact="'Summer Duck'" />
                <append_to_list name="global.$Piratenamelist" exact="'Marsh Mellow'" />
                <append_to_list name="global.$Piratenamelist" exact="'After Four'" />
                <append_to_list name="global.$Piratenamelist" exact="'Camila'" />
                <append_to_list name="global.$Piratenamelist" exact="'At Last'" />
                <append_to_list name="global.$Piratenamelist" exact="'Sea Rose'" />
                <append_to_list name="global.$Piratenamelist" exact="'Alissa'" />
                <append_to_list name="global.$Piratenamelist" exact="'The Other Woman'" />
                <append_to_list name="global.$Piratenamelist" exact="'Coconut Express'" />
                <append_to_list name="global.$Piratenamelist" exact="'Big Enough'" />
                <append_to_list name="global.$Piratenamelist" exact="'Angelita'" />
                <append_to_list name="global.$Piratenamelist" exact="'Free Fallin'" />
                <append_to_list name="global.$Piratenamelist" exact="'Loan Shark'" />
                <append_to_list name="global.$Piratenamelist" exact="'Love Is All'" />
                <append_to_list name="global.$Piratenamelist" exact="'Stimulus Package'" />
                <append_to_list name="global.$Piratenamelist" exact="'Which Craft?'" />
                <append_to_list name="global.$Piratenamelist" exact="'Head Shaker'" />
                <append_to_list name="global.$Piratenamelist" exact="'Exit Strategy'" />
                <append_to_list name="global.$Piratenamelist" exact="'Lemonaid'" />
                <append_to_list name="global.$Piratenamelist" exact="'Look Mom'" />
                <append_to_list name="global.$Piratenamelist" exact="'Innocent Dream'" />
                <append_to_list name="global.$Piratenamelist" exact="'Blue Bird'" />
                <append_to_list name="global.$Piratenamelist" exact="'A Pleasure Shared'" />
                <append_to_list name="global.$Piratenamelist" exact="'Fly Away'" />
                <append_to_list name="global.$Piratenamelist" exact="'Singularity'" />
                <append_to_list name="global.$Piratenamelist" exact="'Incentive'" />
                <append_to_list name="global.$Piratenamelist" exact="'Reel Distracted'" />
                <append_to_list name="global.$Piratenamelist" exact="'Skedaddle'" />
                <append_to_list name="global.$Piratenamelist" exact="'Bay Horse'" />
                <append_to_list name="global.$Piratenamelist" exact="'Natural Winds'" />
                <append_to_list name="global.$Piratenamelist" exact="'East Of The Land'" />
                <append_to_list name="global.$Piratenamelist" exact="'Constance'" />
                <append_to_list name="global.$Piratenamelist" exact="'Attitude Adjustment II'" />
                <append_to_list name="global.$Piratenamelist" exact="'Sorcery'" />
                <append_to_list name="global.$Piratenamelist" exact="'Air Goddess'" />
                <append_to_list name="global.$Piratenamelist" exact="'Take Off'" />
                <append_to_list name="global.$Piratenamelist" exact="'Little Pike'" />
                <append_to_list name="global.$Piratenamelist" exact="'Spaz'" />
                <append_to_list name="global.$Piratenamelist" exact="'Anatolia'" />
                <append_to_list name="global.$Piratenamelist" exact="'Second Star'" />
                <append_to_list name="global.$Piratenamelist" exact="'RunniLate'" />
                <append_to_list name="global.$Piratenamelist" exact="'Summer Breeze II'" />
                <append_to_list name="global.$Piratenamelist" exact="'Sanctuary IV'" />
                <append_to_list name="global.$Piratenamelist" exact="'Thankful'" />
                <append_to_list name="global.$Piratenamelist" exact="'Blue Tango'" />
                <append_to_list name="global.$Piratenamelist" exact="'Nitty Gritty'" />
                <append_to_list name="global.$Piratenamelist" exact="'Fantastic'" />
                <append_to_list name="global.$Piratenamelist" exact="'Special Ocassion'" />
                <append_to_list name="global.$Piratenamelist" exact="'Healing Waters'" />
                <append_to_list name="global.$Piratenamelist" exact="'Dream Lover'" />
                <append_to_list name="global.$Piratenamelist" exact="'Midnight Fishn'" />
                <append_to_list name="global.$Piratenamelist" exact="'Crews Nest'" />
                <append_to_list name="global.$Piratenamelist" exact="'Well Adjusted'" />
                <append_to_list name="global.$Piratenamelist" exact="'Lightning'" />
                <append_to_list name="global.$Piratenamelist" exact="'Ambition At Bay'" />
                <append_to_list name="global.$Piratenamelist" exact="'Fancy'" />
                <append_to_list name="global.$Piratenamelist" exact="'A Winters Dream'" />
                <append_to_list name="global.$Piratenamelist" exact="'High Adventure'" />
                <append_to_list name="global.$Piratenamelist" exact="'Lost Inheritance'" />
                <append_to_list name="global.$Piratenamelist" exact="'Pineapple Girl'" />
                <append_to_list name="global.$Piratenamelist" exact="'Prospect'" />
                <append_to_list name="global.$Piratenamelist" exact="'Brown Eyed Girl'" />
                <append_to_list name="global.$Piratenamelist" exact="'Hooked On You'" />
                <append_to_list name="global.$Piratenamelist" exact="'Faithful'" />
                <append_to_list name="global.$Piratenamelist" exact="'Mission Possible'" />
                <append_to_list name="global.$Piratenamelist" exact="'Taxsea'" />
                <append_to_list name="global.$Piratenamelist" exact="'Sunshine Forever'" />
                <append_to_list name="global.$Piratenamelist" exact="'Lizzy'" />
                <append_to_list name="global.$Piratenamelist" exact="'Overkill'" />
                <append_to_list name="global.$Piratenamelist" exact="'Dragon Tail'" />
                <append_to_list name="global.$Piratenamelist" exact="'Mistress II'" />
                <append_to_list name="global.$Piratenamelist" exact="'New Beginnings'" />
                <append_to_list name="global.$Piratenamelist" exact="'Susea Q'" />
                <append_to_list name="global.$Piratenamelist" exact="'Pier Pressure'" />
                <append_to_list name="global.$Piratenamelist" exact="'Lifes A Beach'" />
                <append_to_list name="global.$Piratenamelist" exact="'Skinny Dip'" />
                <append_to_list name="global.$Piratenamelist" exact="'Contentment'" />
                <append_to_list name="global.$Piratenamelist" exact="'Noble Maiden'" />
                <append_to_list name="global.$Piratenamelist" exact="'Sea Knight'" />
                <append_to_list name="global.$Piratenamelist" exact="'Wind Hunter'" />
                <append_to_list name="global.$Piratenamelist" exact="'Under Estimated'" />
                <append_to_list name="global.$Piratenamelist" exact="'Spring Wing'" />
                <append_to_list name="global.$Piratenamelist" exact="'Free Wood'" />
                <append_to_list name="global.$Piratenamelist" exact="'Aquatic Dream'" />
                <append_to_list name="global.$Piratenamelist" exact="'Stressless'" />
                <append_to_list name="global.$Piratenamelist" exact="'E = Mc^2'" />
                <append_to_list name="global.$Piratenamelist" exact="'Zipper'" />
                <append_to_list name="global.$Piratenamelist" exact="'Guardian Angel'" />
                <append_to_list name="global.$Piratenamelist" exact="'Coy Mistress'" />
                <append_to_list name="global.$Piratenamelist" exact="'Sapphire Waters'" />
                <append_to_list name="global.$Piratenamelist" exact="'Relaxation'" />
                <append_to_list name="global.$Piratenamelist" exact="'Ramble On'" />
                <append_to_list name="global.$Piratenamelist" exact="'Primrose'" />
                <append_to_list name="global.$Piratenamelist" exact="'The Far Side'" />
                <append_to_list name="global.$Piratenamelist" exact="'Rose Red'" />
                <append_to_list name="global.$Piratenamelist" exact="'Lady Of The Lake'" />
                <append_to_list name="global.$Piratenamelist" exact="'Sea Toy'" />
                <append_to_list name="global.$Piratenamelist" exact="'Tango'" />
                <append_to_list name="global.$Piratenamelist" exact="'Snooty'" />
                <append_to_list name="global.$Piratenamelist" exact="'No Leak Inn'" />
                <append_to_list name="global.$Piratenamelist" exact="'Perswaysion'" />
                <append_to_list name="global.$Piratenamelist" exact="'Lively'" />
                <append_to_list name="global.$Piratenamelist" exact="'Sandy Deck'" />
                <append_to_list name="global.$Piratenamelist" exact="'The Only One'" />
                <append_to_list name="global.$Piratenamelist" exact="'Mysterious Mistress'" />
                <append_to_list name="global.$Piratenamelist" exact="'Reservoir Dog'" />
                <append_to_list name="global.$Piratenamelist" exact="'Diversion'" />
                <append_to_list name="global.$Piratenamelist" exact="'Old Dragon'" />
                <append_to_list name="global.$Piratenamelist" exact="'Restless II'" />
                <append_to_list name="global.$Piratenamelist" exact="'Blue Days'" />
                <append_to_list name="global.$Piratenamelist" exact="'Tiny Bubbles'" />
                <append_to_list name="global.$Piratenamelist" exact="'Second Address'" />
                <append_to_list name="global.$Piratenamelist" exact="'Expectation'" />
                <append_to_list name="global.$Piratenamelist" exact="'Heard The Call'" />
                <append_to_list name="global.$Piratenamelist" exact="'Hey You'" />
                <append_to_list name="global.$Piratenamelist" exact="'Whiskey Chaser'" />
                <append_to_list name="global.$Piratenamelist" exact="'Nomad'" />
                <append_to_list name="global.$Piratenamelist" exact="'Lions Den'" />
                <append_to_list name="global.$Piratenamelist" exact="'Mother Ocean'" />
                <append_to_list name="global.$Piratenamelist" exact="'Bandersnatch'" />
                <append_to_list name="global.$Piratenamelist" exact="'Mud Bug'" />
                <append_to_list name="global.$Piratenamelist" exact="'Moonlight Dancer'" />
                <append_to_list name="global.$Piratenamelist" exact="'Knot Easy'" />
                <append_to_list name="global.$Piratenamelist" exact="'Another Rum Summer'" />
                <append_to_list name="global.$Piratenamelist" exact="'Barn Swallow'" />
                <append_to_list name="global.$Piratenamelist" exact="'Celine'" />
                <append_to_list name="global.$Piratenamelist" exact="'Outnumbered'" />
                <append_to_list name="global.$Piratenamelist" exact="'Clear Passages'" />
                <append_to_list name="global.$Piratenamelist" exact="'Rude Awakening'" />
                <append_to_list name="global.$Piratenamelist" exact="'Wave Rider'" />
                <append_to_list name="global.$Piratenamelist" exact="'Latitude Adjustment'" />
                <append_to_list name="global.$Piratenamelist" exact="'Indulgence'" />
                <append_to_list name="global.$Piratenamelist" exact="'Blue Eyed Girl'" />
                <append_to_list name="global.$Piratenamelist" exact="'Dreamer Of Dreams'" />
                <append_to_list name="global.$Piratenamelist" exact="'Launch Pad'" />
                <append_to_list name="global.$Piratenamelist" exact="'Aero'" />
                <append_to_list name="global.$Piratenamelist" exact="'Toucan Dream'" />
                <append_to_list name="global.$Piratenamelist" exact="'Lazy Luck'" />
                <append_to_list name="global.$Piratenamelist" exact="'Positive Moods'" />
                <append_to_list name="global.$Piratenamelist" exact="'Black Pelican'" />
                <append_to_list name="global.$Piratenamelist" exact="'Turtle II'" />
                <append_to_list name="global.$Piratenamelist" exact="'Euphoria'" />
                <append_to_list name="global.$Piratenamelist" exact="'First Class'" />
                <append_to_list name="global.$Piratenamelist" exact="'Candyman'" />
                <append_to_list name="global.$Piratenamelist" exact="'Summer Daze'" />
                <append_to_list name="global.$Piratenamelist" exact="'Diamond Shoals'" />
                <append_to_list name="global.$Piratenamelist" exact="'Blue Swan'" />
                <append_to_list name="global.$Piratenamelist" exact="'Zinful'" />
                <append_to_list name="global.$Piratenamelist" exact="'Southern Latitude'" />
                <append_to_list name="global.$Piratenamelist" exact="'Wind Catcher'" />
                <append_to_list name="global.$Piratenamelist" exact="'Merger'" />
                <append_to_list name="global.$Piratenamelist" exact="'Sailing Lady'" />
                <append_to_list name="global.$Piratenamelist" exact="'Turn The Page'" />
                <append_to_list name="global.$Piratenamelist" exact="'Bull Frog'" />
                <append_to_list name="global.$Piratenamelist" exact="'Captured Angel'" />
                <append_to_list name="global.$Piratenamelist" exact="'South Wind'" />
                <append_to_list name="global.$Piratenamelist" exact="'Smart Money'" />
                <append_to_list name="global.$Piratenamelist" exact="'Red Sky'" />
                <append_to_list name="global.$Piratenamelist" exact="'Gallivanter'" />
                <append_to_list name="global.$Piratenamelist" exact="'Bessie Rose'" />
                <append_to_list name="global.$Piratenamelist" exact="'Bay Breeze'" />
                <append_to_list name="global.$Piratenamelist" exact="'Busy Bee'" />
                <append_to_list name="global.$Piratenamelist" exact="'Sun Dance II'" />
                <append_to_list name="global.$Piratenamelist" exact="'Feeling Free'" />
                <append_to_list name="global.$Piratenamelist" exact="'Sun Diver'" />
                <append_to_list name="global.$Piratenamelist" exact="'Aye Laddie'" />
                <append_to_list name="global.$Piratenamelist" exact="'Blew Me'" />
                <append_to_list name="global.$Piratenamelist" exact="'Swell Dancer'" />
                <append_to_list name="global.$Piratenamelist" exact="'Nomadic'" />
                <append_to_list name="global.$Piratenamelist" exact="'Boxer'" />
                <append_to_list name="global.$Piratenamelist" exact="'White Star'" />
                <append_to_list name="global.$Piratenamelist" exact="'Make It A Double'" />
                <append_to_list name="global.$Piratenamelist" exact="'Never Say Never'" />
                <append_to_list name="global.$Piratenamelist" exact="'Oh Baby!'" />
                <append_to_list name="global.$Piratenamelist" exact="'Ashleigh'" />
                <append_to_list name="global.$Piratenamelist" exact="'Dream Of The Cs'" />
                <append_to_list name="global.$Piratenamelist" exact="'Debt Collector'" />
                <append_to_list name="global.$Piratenamelist" exact="'Big Bertha'" />
                <append_to_list name="global.$Piratenamelist" exact="'Paid Premiums'" />
                <append_to_list name="global.$Piratenamelist" exact="'LosiLures'" />
                <append_to_list name="global.$Piratenamelist" exact="'Rosalie'" />
                <append_to_list name="global.$Piratenamelist" exact="'Constant Wind'" />
                <append_to_list name="global.$Piratenamelist" exact="'No Problem'" />
                <append_to_list name="global.$Piratenamelist" exact="'No Shoes'" />
                <append_to_list name="global.$Piratenamelist" exact="'No Shirt'" />
                <append_to_list name="global.$Piratenamelist" exact="'Saltspray'" />
                <append_to_list name="global.$Piratenamelist" exact="'Afternoon Delite II'" />
                <append_to_list name="global.$Piratenamelist" exact="'Sue'" />
                <append_to_list name="global.$Piratenamelist" exact="'Blue Fusion'" />
                <append_to_list name="global.$Piratenamelist" exact="'Ambivilance'" />
                <append_to_list name="global.$Piratenamelist" exact="'Grip Fast'" />
                <append_to_list name="global.$Piratenamelist" exact="'Make Me Laugh'" />
                <append_to_list name="global.$Piratenamelist" exact="'Lazy Lady'" />
                <append_to_list name="global.$Piratenamelist" exact="'Manic Mechanic'" />
                <append_to_list name="global.$Piratenamelist" exact="'Assignment II'" />
                <append_to_list name="global.$Piratenamelist" exact="'Miss Communication'" />
                <append_to_list name="global.$Piratenamelist" exact="'Storm Runner'" />
                <append_to_list name="global.$Piratenamelist" exact="'Classic Dreams'" />
                <append_to_list name="global.$Piratenamelist" exact="'Escape Mechanism'" />
                <append_to_list name="global.$Piratenamelist" exact="'Beer Money'" />
                <append_to_list name="global.$Piratenamelist" exact="'Deduction'" />
                <append_to_list name="global.$Piratenamelist" exact="'Knot My Job'" />
                <append_to_list name="global.$Piratenamelist" exact="'Silent Knight'" />
                <append_to_list name="global.$Piratenamelist" exact="'Take Time'" />
                <append_to_list name="global.$Piratenamelist" exact="'Champagne'" />
                <append_to_list name="global.$Piratenamelist" exact="'Condor'" />
                <append_to_list name="global.$Piratenamelist" exact="'One Eyed Parrot'" />
                <append_to_list name="global.$Piratenamelist" exact="'Dolphin Dance'" />
                <append_to_list name="global.$Piratenamelist" exact="'Fish Grits'" />
                <append_to_list name="global.$Piratenamelist" exact="'Living Legend'" />
                <append_to_list name="global.$Piratenamelist" exact="'Waters Edge'" />
                <append_to_list name="global.$Piratenamelist" exact="'Southern Charm'" />
                <append_to_list name="global.$Piratenamelist" exact="'Aerowin'" />
                <append_to_list name="global.$Piratenamelist" exact="'Treasure'" />
                <append_to_list name="global.$Piratenamelist" exact="'Whale Bone'" />
                <append_to_list name="global.$Piratenamelist" exact="'Blackbird'" />
                <append_to_list name="global.$Piratenamelist" exact="'Take Five'" />
                <append_to_list name="global.$Piratenamelist" exact="'Wicked Lady'" />
                <append_to_list name="global.$Piratenamelist" exact="'Epilogue'" />
                <append_to_list name="global.$Piratenamelist" exact="'Shadow Star'" />
                <append_to_list name="global.$Piratenamelist" exact="'Pirates Treasures'" />
                <append_to_list name="global.$Piratenamelist" exact="'Bluebird'" />
                <append_to_list name="global.$Piratenamelist" exact="'Escape Artist'" />
                <append_to_list name="global.$Piratenamelist" exact="'American Pride'" />
                <append_to_list name="global.$Piratenamelist" exact="'Zig Zagging'" />
                <append_to_list name="global.$Piratenamelist" exact="'My Toy'" />
                <append_to_list name="global.$Piratenamelist" exact="'Wind Angel'" />
                <append_to_list name="global.$Piratenamelist" exact="'Billabong'" />
                <append_to_list name="global.$Piratenamelist" exact="'Carousel'" />
                <append_to_list name="global.$Piratenamelist" exact="'Shooting Star'" />
                <append_to_list name="global.$Piratenamelist" exact="'Big Bamboo'" />
                <append_to_list name="global.$Piratenamelist" exact="'Sea Minor'" />
                <append_to_list name="global.$Piratenamelist" exact="'Leaky Whaka'" />
                <append_to_list name="global.$Piratenamelist" exact="'No Obligation'" />
                <append_to_list name="global.$Piratenamelist" exact="'Dealers Choice'" />
                <append_to_list name="global.$Piratenamelist" exact="'Fear Factory'" />
                <append_to_list name="global.$Piratenamelist" exact="'Shallow Lady'" />
                <append_to_list name="global.$Piratenamelist" exact="'Slow Dance'" />
                <append_to_list name="global.$Piratenamelist" exact="'Sharon'" />
                <append_to_list name="global.$Piratenamelist" exact="'Nutmeg'" />
                <append_to_list name="global.$Piratenamelist" exact="'Parrot Isle'" />
                <append_to_list name="global.$Piratenamelist" exact="'Sustained'" />
                <append_to_list name="global.$Piratenamelist" exact="'Aye Aye Captain'" />
                <append_to_list name="global.$Piratenamelist" exact="'Her Majesty'" />
                <append_to_list name="global.$Piratenamelist" exact="'August'" />
                <append_to_list name="global.$Piratenamelist" exact="'Obsession III'" />
                <append_to_list name="global.$Piratenamelist" exact="'Mast Confusion'" />
                <append_to_list name="global.$Piratenamelist" exact="'Westwind II'" />
                <append_to_list name="global.$Piratenamelist" exact="'Family Tradition'" />
                <append_to_list name="global.$Piratenamelist" exact="'Wiggle Room'" />
                <append_to_list name="global.$Piratenamelist" exact="'Sea Bear'" />
                <append_to_list name="global.$Piratenamelist" exact="'Two Aces'" />
                <append_to_list name="global.$Piratenamelist" exact="'Eternity'" />
                <append_to_list name="global.$Piratenamelist" exact="'Wayward Wind'" />
                <append_to_list name="global.$Piratenamelist" exact="'So Far So Good'" />
                <append_to_list name="global.$Piratenamelist" exact="'Trinket'" />
                <append_to_list name="global.$Piratenamelist" exact="'Nina'" />
                <append_to_list name="global.$Piratenamelist" exact="'Anticipation'" />
                <append_to_list name="global.$Piratenamelist" exact="'Audacious II'" />
                <append_to_list name="global.$Piratenamelist" exact="'Dancing Loon'" />
                <append_to_list name="global.$Piratenamelist" exact="'Baitfinger'" />
                <append_to_list name="global.$Piratenamelist" exact="'MakiMemories'" />
                <append_to_list name="global.$Piratenamelist" exact="'Cajun Moon'" />
                <append_to_list name="global.$Piratenamelist" exact="'Down Time'" />
                <append_to_list name="global.$Piratenamelist" exact="'Outta Hand'" />
                <append_to_list name="global.$Piratenamelist" exact="'Star Bound'" />
                <append_to_list name="global.$Piratenamelist" exact="'Transcendence'" />
                <append_to_list name="global.$Piratenamelist" exact="'Rudder Chaos'" />
                <append_to_list name="global.$Piratenamelist" exact="'Harvester'" />
                <append_to_list name="global.$Piratenamelist" exact="'Coochie Baby'" />
                <append_to_list name="global.$Piratenamelist" exact="'Suspicious Aquasition'" />
                <append_to_list name="global.$Piratenamelist" exact="'Arcadian'" />
                <append_to_list name="global.$Piratenamelist" exact="'Lost Shaker'" />
                <append_to_list name="global.$Piratenamelist" exact="'Early Bird'" />
                <append_to_list name="global.$Piratenamelist" exact="'Algorithm'" />
                <append_to_list name="global.$Piratenamelist" exact="'Primitive'" />
                <append_to_list name="global.$Piratenamelist" exact="'Dawn Treader'" />
                <append_to_list name="global.$Piratenamelist" exact="'Two Loons'" />
                <append_to_list name="global.$Piratenamelist" exact="'Black Knight'" />
                <append_to_list name="global.$Piratenamelist" exact="'Bottoms Up'" />
                <append_to_list name="global.$Piratenamelist" exact="'Merlin'" />
                <append_to_list name="global.$Piratenamelist" exact="'Eagles Nest II'" />
                <append_to_list name="global.$Piratenamelist" exact="'Chaos II'" />
                <append_to_list name="global.$Piratenamelist" exact="'Delicious'" />
                <append_to_list name="global.$Piratenamelist" exact="'Anywho'" />
                <append_to_list name="global.$Piratenamelist" exact="'Charlie'" />
                <append_to_list name="global.$Piratenamelist" exact="'Snickers'" />
                <append_to_list name="global.$Piratenamelist" exact="'Offshore Haven'" />
                <append_to_list name="global.$Piratenamelist" exact="'Anchorman'" />
                <append_to_list name="global.$Piratenamelist" exact="'Special Effort'" />
                <append_to_list name="global.$Piratenamelist" exact="'Bigfish'" />
                <append_to_list name="global.$Piratenamelist" exact="'Kindred Spirit II'" />
                <append_to_list name="global.$Piratenamelist" exact="'Winds Whisper'" />
                <append_to_list name="global.$Piratenamelist" exact="'Tipsy'" />
                <append_to_list name="global.$Piratenamelist" exact="'Altair'" />
                <append_to_list name="global.$Piratenamelist" exact="'Cover Girl'" />
                <append_to_list name="global.$Piratenamelist" exact="'Princess'" />
                <append_to_list name="global.$Piratenamelist" exact="'Aqua Therapy'" />
                <append_to_list name="global.$Piratenamelist" exact="'Moonlight Quest'" />
                <append_to_list name="global.$Piratenamelist" exact="'Fantail'" />
                <append_to_list name="global.$Piratenamelist" exact="'Sun Sail'" />
                <append_to_list name="global.$Piratenamelist" exact="'Marlin'" />
                <append_to_list name="global.$Piratenamelist" exact="'Never Never Land'" />
                <append_to_list name="global.$Piratenamelist" exact="'Natural Magic'" />
                <append_to_list name="global.$Piratenamelist" exact="'Knot At Home'" />
                <append_to_list name="global.$Piratenamelist" exact="'Finest'" />
                <append_to_list name="global.$Piratenamelist" exact="'Lady Of New Zealand'" />
                <append_to_list name="global.$Piratenamelist" exact="'Wind  Wine'" />
                <append_to_list name="global.$Piratenamelist" exact="'Puddle Jumper'" />
                <append_to_list name="global.$Piratenamelist" exact="'Dis  Dat'" />
                <append_to_list name="global.$Piratenamelist" exact="'Stress Relief'" />
                <append_to_list name="global.$Piratenamelist" exact="'Catnip'" />
                <append_to_list name="global.$Piratenamelist" exact="'Spanish Dancer'" />
                <append_to_list name="global.$Piratenamelist" exact="'Top Priority'" />
                <append_to_list name="global.$Piratenamelist" exact="'Riff Raft'" />
                <append_to_list name="global.$Piratenamelist" exact="'Wading In Vain'" />
                <append_to_list name="global.$Piratenamelist" exact="'Split Decision'" />
                <append_to_list name="global.$Piratenamelist" exact="'My Day Off'" />
                <append_to_list name="global.$Piratenamelist" exact="'Scarlet Lady'" />
                <append_to_list name="global.$Piratenamelist" exact="'Escape II'" />
                <append_to_list name="global.$Piratenamelist" exact="'License To Chill'" />
                <append_to_list name="global.$Piratenamelist" exact="'Red Ranger'" />
                <append_to_list name="global.$Piratenamelist" exact="'Sails Office'" />
                <append_to_list name="global.$Piratenamelist" exact="'Flying Circus'" />
                <append_to_list name="global.$Piratenamelist" exact="'Tangerine'" />
                <append_to_list name="global.$Piratenamelist" exact="'Barbara'" />
                <append_to_list name="global.$Piratenamelist" exact="'Caitie'" />
                <append_to_list name="global.$Piratenamelist" exact="'Aquaseas'" />
                <append_to_list name="global.$Piratenamelist" exact="'Sway'" />
                <append_to_list name="global.$Piratenamelist" exact="'Changing Channels'" />
                <append_to_list name="global.$Piratenamelist" exact="'Oliver Twist'" />
                <append_to_list name="global.$Piratenamelist" exact="'Cheers'" />
                <append_to_list name="global.$Piratenamelist" exact="'Dunkers Delite'" />
                <append_to_list name="global.$Piratenamelist" exact="'Sweet Pea'" />
                <append_to_list name="global.$Piratenamelist" exact="'Incognito'" />
                <append_to_list name="global.$Piratenamelist" exact="'Gypsea Moon'" />
                <append_to_list name="global.$Piratenamelist" exact="'Summer Salt'" />
                <append_to_list name="global.$Piratenamelist" exact="'Mischief II'" />
                <append_to_list name="global.$Piratenamelist" exact="'Eureka'" />
                <append_to_list name="global.$Piratenamelist" exact="'Rocket Ship'" />
                <append_to_list name="global.$Piratenamelist" exact="'Blissful Solitude'" />
                <append_to_list name="global.$Piratenamelist" exact="'Lone Shark'" />
                <append_to_list name="global.$Piratenamelist" exact="'Out Of Reach'" />
                <append_to_list name="global.$Piratenamelist" exact="'Drag  Bait'" />
                <append_to_list name="global.$Piratenamelist" exact="'Snow Dance'" />
                <append_to_list name="global.$Piratenamelist" exact="'Silent Night'" />
                <append_to_list name="global.$Piratenamelist" exact="'Bliss'" />
                <append_to_list name="global.$Piratenamelist" exact="'Gutsy Gal'" />
                <append_to_list name="global.$Piratenamelist" exact="'Freedom Hunter'" />
                <append_to_list name="global.$Piratenamelist" exact="'Balls Deep'" />
                <append_to_list name="global.$Piratenamelist" exact="'Layla'" />
                <append_to_list name="global.$Piratenamelist" exact="'C Lady'" />
                <append_to_list name="global.$Piratenamelist" exact="'Idle Time'" />
                <append_to_list name="global.$Piratenamelist" exact="'Point Of View'" />
                <append_to_list name="global.$Piratenamelist" exact="'Slip Away'" />
                <append_to_list name="global.$Piratenamelist" exact="'Wade Sea'" />
                <append_to_list name="global.$Piratenamelist" exact="'Wanderlust'" />
                <append_to_list name="global.$Piratenamelist" exact="'My Lady'" />
                <append_to_list name="global.$Piratenamelist" exact="'Rippling Waters'" />
                <append_to_list name="global.$Piratenamelist" exact="'Take Five II'" />
                <append_to_list name="global.$Piratenamelist" exact="'Resolute'" />
                <append_to_list name="global.$Piratenamelist" exact="'Continuance'" />
                <append_to_list name="global.$Piratenamelist" exact="'Troubled Waters'" />
                <append_to_list name="global.$Piratenamelist" exact="'Little Toy'" />
                <append_to_list name="global.$Piratenamelist" exact="'Star Light'" />
                <append_to_list name="global.$Piratenamelist" exact="'Highland Mist'" />
                <append_to_list name="global.$Piratenamelist" exact="'Silent Sun'" />
                <append_to_list name="global.$Piratenamelist" exact="'Abby Gale'" />
                <append_to_list name="global.$Piratenamelist" exact="'The Defense Rests'" />
                <append_to_list name="global.$Piratenamelist" exact="'Mad Waves'" />
                <append_to_list name="global.$Piratenamelist" exact="'Breakaway'" />
                <append_to_list name="global.$Piratenamelist" exact="'Independence II'" />
                <append_to_list name="global.$Piratenamelist" exact="'Island Dancer'" />
                <append_to_list name="global.$Piratenamelist" exact="'Aqua Nest'" />
                <append_to_list name="global.$Piratenamelist" exact="'Foxy Lady II'" />
                <append_to_list name="global.$Piratenamelist" exact="'Summer Joy'" />
                <append_to_list name="global.$Piratenamelist" exact="'August Moon'" />
                <append_to_list name="global.$Piratenamelist" exact="'Blew By You'" />
                <append_to_list name="global.$Piratenamelist" exact="'Reckoning'" />
                <append_to_list name="global.$Piratenamelist" exact="'For Windless Days'" />
                <append_to_list name="global.$Piratenamelist" exact="'Deep Thought'" />
                <append_to_list name="global.$Piratenamelist" exact="'We Earned It'" />
                <append_to_list name="global.$Piratenamelist" exact="'Pier Pleasure'" />
                <append_to_list name="global.$Piratenamelist" exact="'Liberty Call'" />
                <append_to_list name="global.$Piratenamelist" exact="'Silver Wings'" />
                <append_to_list name="global.$Piratenamelist" exact="'Barely A-wake'" />
                <append_to_list name="global.$Piratenamelist" exact="'Sails Tax'" />
                <append_to_list name="global.$Piratenamelist" exact="'Moonlight Ripples'" />
                <append_to_list name="global.$Piratenamelist" exact="'Windy Wingnut'" />
            </actions>
        </cue>
    </cues>
</mdscript>