<!-- <?xml version="1.0" encoding="utf-8" ?>
<mdscript name="Teststuff" xmlns:xsi="http://www.w3.org/2001/XMLSchema-instance" xsi:noNamespaceSchemaLocation="D:/x4 extract 2.5b1/libraries/md.xsd">
    <cues>
        <cue name="Scan" instantiate="true">
            <conditions>
                <event_long_range_scan_sent object="player.entity" />
            </conditions>
            <delay exact="10s" />
            <actions>
                <find_ship groupname="$ScavnegersToChatWith" space="player.galaxy" owner="faction.scavenger" multiple="true"></find_ship>
                <set_value name="$RandomScav" exact="$ScavnegersToChatWith.random" />
                <warp object="player.ship" zone="$RandomScav.zone">
                    <safepos max="2km" object="$RandomScav" />
                </warp>
            </actions>
        </cue>
    </cues>
</mdscript> -->