<?xml version="1.0" encoding="utf-8"?>
<!-- Map Defaults
  This file contains various properties for clusters, sectors, zones etc. to separate balancing data from universe design.
  Continued from and parsed exactly like defaults.xml -->
<!-- <defaults xmlns:xsi="http://www.w3.org/2001/XMLSchema-instance" xsi:noNamespaceSchemaLocation="libraries.xsd"> -->
 
<diff>
  <add sel="/defaults">
  <dataset macro="tpthree_cluster110_macro">
    <properties>
      <identification name="Con4" description="Unknown Space" />
      <sounds>
        <music ref="music_cluster_02" />
      </sounds>
      <area sunlight="1" economy="0.75" security="0.75" />
    </properties>
  </dataset>
  <dataset macro="tpthree_cluster110_sector001_macro">
    <properties>
      <identification name="Con4" description="Unknown Space" />
    </properties>
  </dataset>
  <dataset macro="tpthree_cluster1217_macro">
    <properties>
      <identification name="Con1" description="Unknown Space" />
      <sounds>
        <music ref="music_cluster_02" />
      </sounds>
      <area sunlight="1" economy="0.75" security="0.75" />
    </properties>
  </dataset>
  <dataset macro="tpthree_cluster1217_sector001_macro">
    <properties>
      <identification name="Con1" description="Unknown Space" />
    </properties>
  </dataset>
  <dataset macro="tpthree_cluster307_macro">
    <properties>
      <identification name="Con3" description="Unknown Space" />
      <sounds>
        <music ref="music_cluster_02" />
      </sounds>
      <area sunlight="1" economy="0.75" security="0.75" />
    </properties>
  </dataset>
  <dataset macro="tpthree_cluster307_sector001_macro">
    <properties>
      <identification name="Con3" description="Unknown Space" />
    </properties>
  </dataset>
  <dataset macro="tpthree_cluster393_macro">
    <properties>
      <identification name="Con2" description="Unknown Space" />
      <sounds>
        <music ref="music_cluster_02" />
      </sounds>
      <area sunlight="1" economy="0.75" security="0.75" />
    </properties>
  </dataset>
  <dataset macro="tpthree_cluster393_sector001_macro">
    <properties>
      <identification name="Con2" description="Unknown Space" />
    </properties>
  </dataset>
  <dataset macro="tpthree_cluster029_macro">
    <properties>
      <identification name="Sector" description="Chain System" />
      <sounds>
        <music ref="music_cluster_02" />
      </sounds>
      <area sunlight="1" economy="0.75" security="0.75" />
    </properties>
  </dataset>
  <dataset macro="tpthree_cluster029_sector001_macro">
    <properties>
      <identification name="Sector" description="Chain System" />
    </properties>
  </dataset>
  <dataset macro="tpthree_cluster035_macro">
    <properties>
      <identification name="Nexus4Core4" description="Nexus Sector" />
      <sounds>
        <music ref="music_cluster_02" />
      </sounds>
      <area sunlight="1" economy="0.75" security="0.75" />
    </properties>
  </dataset>
  <dataset macro="tpthree_cluster035_sector001_macro">
    <properties>
      <identification name="Nexus4Core4" description="Nexus Sector" />
    </properties>
  </dataset>
  <dataset macro="tpthree_cluster049_macro">
    <properties>
      <identification name="Sector" description="Chain System" />
      <sounds>
        <music ref="music_cluster_02" />
      </sounds>
      <area sunlight="1" economy="0.75" security="0.75" />
    </properties>
  </dataset>
  <dataset macro="tpthree_cluster049_sector001_macro">
    <properties>
      <identification name="Sector" description="Chain System" />
    </properties>
  </dataset>
  <dataset macro="tpthree_cluster052_macro">
    <properties>
      <identification name="Sector" description="Chain System" />
      <sounds>
        <music ref="music_cluster_02" />
      </sounds>
      <area sunlight="1" economy="0.75" security="0.75" />
    </properties>
  </dataset>
  <dataset macro="tpthree_cluster052_sector001_macro">
    <properties>
      <identification name="Sector" description="Chain System" />
    </properties>
  </dataset>
  <dataset macro="tpthree_cluster064_macro">
    <properties>
      <identification name="Sector" description="Chain System" />
      <sounds>
        <music ref="music_cluster_02" />
      </sounds>
      <area sunlight="1" economy="0.75" security="0.75" />
    </properties>
  </dataset>
  <dataset macro="tpthree_cluster064_sector001_macro">
    <properties>
      <identification name="Sector" description="Chain System" />
    </properties>
  </dataset>
  <dataset macro="tpthree_cluster084_macro">
    <properties>
      <identification name="Sector" description="Chain System" />
      <sounds>
        <music ref="music_cluster_02" />
      </sounds>
      <area sunlight="1" economy="0.75" security="0.75" />
    </properties>
  </dataset>
  <dataset macro="tpthree_cluster084_sector001_macro">
    <properties>
      <identification name="Sector" description="Chain System" />
    </properties>
  </dataset>
  <dataset macro="tpthree_cluster085_macro">
    <properties>
      <identification name="Sector" description="Chain System" />
      <sounds>
        <music ref="music_cluster_02" />
      </sounds>
      <area sunlight="1" economy="0.75" security="0.75" />
    </properties>
  </dataset>
  <dataset macro="tpthree_cluster085_sector001_macro">
    <properties>
      <identification name="Sector" description="Chain System" />
    </properties>
  </dataset>
  <dataset macro="tpthree_cluster104_macro">
    <properties>
      <identification name="Sector" description="Chain System" />
      <sounds>
        <music ref="music_cluster_02" />
      </sounds>
      <area sunlight="1" economy="0.75" security="0.75" />
    </properties>
  </dataset>
  <dataset macro="tpthree_cluster104_sector001_macro">
    <properties>
      <identification name="Sector" description="Chain System" />
    </properties>
  </dataset>
  <dataset macro="tpthree_cluster105_macro">
    <properties>
      <identification name="Sector" description="Chain System" />
      <sounds>
        <music ref="music_cluster_02" />
      </sounds>
      <area sunlight="1" economy="0.75" security="0.75" />
    </properties>
  </dataset>
  <dataset macro="tpthree_cluster105_sector001_macro">
    <properties>
      <identification name="Sector" description="Chain System" />
    </properties>
  </dataset>
  <dataset macro="tpthree_cluster142_macro">
    <properties>
      <identification name="Nexus5Core3" description="Nexus Sector" />
      <sounds>
        <music ref="music_cluster_02" />
      </sounds>
      <area sunlight="1" economy="0.75" security="0.75" />
    </properties>
  </dataset>
  <dataset macro="tpthree_cluster142_sector001_macro">
    <properties>
      <identification name="Nexus5Core3" description="Nexus Sector" />
    </properties>
  </dataset>
  <dataset macro="tpthree_cluster143_macro">
    <properties>
      <identification name="Nexus4Core3" description="Nexus Sector" />
      <sounds>
        <music ref="music_cluster_02" />
      </sounds>
      <area sunlight="1" economy="0.75" security="0.75" />
    </properties>
  </dataset>
  <dataset macro="tpthree_cluster143_sector001_macro">
    <properties>
      <identification name="Nexus4Core3" description="Nexus Sector" />
    </properties>
  </dataset>
  <dataset macro="tpthree_cluster1158_macro">
    <properties>
      <identification name="Sector" description="Chain System" />
      <sounds>
        <music ref="music_cluster_02" />
      </sounds>
      <area sunlight="1" economy="0.75" security="0.75" />
    </properties>
  </dataset>
  <dataset macro="tpthree_cluster1158_sector001_macro">
    <properties>
      <identification name="Sector" description="Chain System" />
    </properties>
  </dataset>
  <dataset macro="tpthree_cluster176_macro">
    <properties>
      <identification name="Sector" description="Chain System" />
      <sounds>
        <music ref="music_cluster_02" />
      </sounds>
      <area sunlight="1" economy="0.75" security="0.75" />
    </properties>
  </dataset>
  <dataset macro="tpthree_cluster176_sector001_macro">
    <properties>
      <identification name="Sector" description="Chain System" />
    </properties>
  </dataset>
  <dataset macro="tpthree_cluster177_macro">
    <properties>
      <identification name="Sector" description="Chain System" />
      <sounds>
        <music ref="music_cluster_02" />
      </sounds>
      <area sunlight="1" economy="0.75" security="0.75" />
    </properties>
  </dataset>
  <dataset macro="tpthree_cluster177_sector001_macro">
    <properties>
      <identification name="Sector" description="Chain System" />
    </properties>
  </dataset>
  <dataset macro="tpthree_cluster178_macro">
    <properties>
      <identification name="Sector" description="Chain System" />
      <sounds>
        <music ref="music_cluster_02" />
      </sounds>
      <area sunlight="1" economy="0.75" security="0.75" />
    </properties>
  </dataset>
  <dataset macro="tpthree_cluster178_sector001_macro">
    <properties>
      <identification name="Sector" description="Chain System" />
    </properties>
  </dataset>
  <dataset macro="tpthree_cluster183_macro">
    <properties>
      <identification name="Sector" description="Chain System" />
      <sounds>
        <music ref="music_cluster_02" />
      </sounds>
      <area sunlight="1" economy="0.75" security="0.75" />
    </properties>
  </dataset>
  <dataset macro="tpthree_cluster183_sector001_macro">
    <properties>
      <identification name="Sector" description="Chain System" />
    </properties>
  </dataset>
  <dataset macro="tpthree_cluster185_macro">
    <properties>
      <identification name="Sector" description="Chain System" />
      <sounds>
        <music ref="music_cluster_02" />
      </sounds>
      <area sunlight="1" economy="0.75" security="0.75" />
    </properties>
  </dataset>
  <dataset macro="tpthree_cluster185_sector001_macro">
    <properties>
      <identification name="Sector" description="Chain System" />
    </properties>
  </dataset>
  <dataset macro="tpthree_cluster188_macro">
    <properties>
      <identification name="Sector" description="Chain System" />
      <sounds>
        <music ref="music_cluster_02" />
      </sounds>
      <area sunlight="1" economy="0.75" security="0.75" />
    </properties>
  </dataset>
  <dataset macro="tpthree_cluster188_sector001_macro">
    <properties>
      <identification name="Sector" description="Chain System" />
    </properties>
  </dataset>
  <dataset macro="tpthree_cluster195_macro">
    <properties>
      <identification name="Sector" description="Chain System" />
      <sounds>
        <music ref="music_cluster_02" />
      </sounds>
      <area sunlight="1" economy="0.75" security="0.75" />
    </properties>
  </dataset>
  <dataset macro="tpthree_cluster195_sector001_macro">
    <properties>
      <identification name="Sector" description="Chain System" />
    </properties>
  </dataset>
  <dataset macro="tpthree_cluster196_macro">
    <properties>
      <identification name="Sector" description="Chain System" />
      <sounds>
        <music ref="music_cluster_02" />
      </sounds>
      <area sunlight="1" economy="0.75" security="0.75" />
    </properties>
  </dataset>
  <dataset macro="tpthree_cluster196_sector001_macro">
    <properties>
      <identification name="Sector" description="Chain System" />
    </properties>
  </dataset>
  <dataset macro="tpthree_cluster203_macro">
    <properties>
      <identification name="Sector" description="Chain System" />
      <sounds>
        <music ref="music_cluster_02" />
      </sounds>
      <area sunlight="1" economy="0.75" security="0.75" />
    </properties>
  </dataset>
  <dataset macro="tpthree_cluster203_sector001_macro">
    <properties>
      <identification name="Sector" description="Chain System" />
    </properties>
  </dataset>
  <dataset macro="tpthree_cluster204_macro">
    <properties>
      <identification name="Sector" description="Chain System" />
      <sounds>
        <music ref="music_cluster_02" />
      </sounds>
      <area sunlight="1" economy="0.75" security="0.75" />
    </properties>
  </dataset>
  <dataset macro="tpthree_cluster204_sector001_macro">
    <properties>
      <identification name="Sector" description="Chain System" />
    </properties>
  </dataset>
  <dataset macro="tpthree_cluster205_macro">
    <properties>
      <identification name="Sector" description="Chain System" />
      <sounds>
        <music ref="music_cluster_02" />
      </sounds>
      <area sunlight="1" economy="0.75" security="0.75" />
    </properties>
  </dataset>
  <dataset macro="tpthree_cluster205_sector001_macro">
    <properties>
      <identification name="Sector" description="Chain System" />
    </properties>
  </dataset>
  <dataset macro="tpthree_cluster210_macro">
    <properties>
      <identification name="Sector" description="Chain System" />
      <sounds>
        <music ref="music_cluster_02" />
      </sounds>
      <area sunlight="1" economy="0.75" security="0.75" />
    </properties>
  </dataset>
  <dataset macro="tpthree_cluster210_sector001_macro">
    <properties>
      <identification name="Sector" description="Chain System" />
    </properties>
  </dataset>
  <dataset macro="tpthree_cluster215_macro">
    <properties>
      <identification name="Sector" description="Chain System" />
      <sounds>
        <music ref="music_cluster_02" />
      </sounds>
      <area sunlight="1" economy="0.75" security="0.75" />
    </properties>
  </dataset>
  <dataset macro="tpthree_cluster215_sector001_macro">
    <properties>
      <identification name="Sector" description="Chain System" />
    </properties>
  </dataset>
  <dataset macro="tpthree_cluster217_macro">
    <properties>
      <identification name="Nexus2Core1" description="Nexus Sector" />
      <sounds>
        <music ref="music_cluster_02" />
      </sounds>
      <area sunlight="1" economy="0.75" security="0.75" />
    </properties>
  </dataset>
  <dataset macro="tpthree_cluster217_sector001_macro">
    <properties>
      <identification name="Nexus2Core1" description="Nexus Sector" />
    </properties>
  </dataset>
  <dataset macro="tpthree_cluster1220_macro">
    <properties>
      <identification name="Sector" description="Chain System" />
      <sounds>
        <music ref="music_cluster_02" />
      </sounds>
      <area sunlight="1" economy="0.75" security="0.75" />
    </properties>
  </dataset>
  <dataset macro="tpthree_cluster1220_sector001_macro">
    <properties>
      <identification name="Sector" description="Chain System" />
    </properties>
  </dataset>
  <dataset macro="tpthree_cluster227_macro">
    <properties>
      <identification name="Sector" description="Chain System" />
      <sounds>
        <music ref="music_cluster_02" />
      </sounds>
      <area sunlight="1" economy="0.75" security="0.75" />
    </properties>
  </dataset>
  <dataset macro="tpthree_cluster227_sector001_macro">
    <properties>
      <identification name="Sector" description="Chain System" />
    </properties>
  </dataset>
  <dataset macro="tpthree_cluster234_macro">
    <properties>
      <identification name="Sector" description="Chain System" />
      <sounds>
        <music ref="music_cluster_02" />
      </sounds>
      <area sunlight="1" economy="0.75" security="0.75" />
    </properties>
  </dataset>
  <dataset macro="tpthree_cluster234_sector001_macro">
    <properties>
      <identification name="Sector" description="Chain System" />
    </properties>
  </dataset>
  <dataset macro="tpthree_cluster1240_macro">
    <properties>
      <identification name="Sector" description="Chain System" />
      <sounds>
        <music ref="music_cluster_02" />
      </sounds>
      <area sunlight="1" economy="0.75" security="0.75" />
    </properties>
  </dataset>
  <dataset macro="tpthree_cluster1240_sector001_macro">
    <properties>
      <identification name="Sector" description="Chain System" />
    </properties>
  </dataset>
  <dataset macro="tpthree_cluster259_macro">
    <properties>
      <identification name="Sector" description="Chain System" />
      <sounds>
        <music ref="music_cluster_02" />
      </sounds>
      <area sunlight="1" economy="0.75" security="0.75" />
    </properties>
  </dataset>
  <dataset macro="tpthree_cluster259_sector001_macro">
    <properties>
      <identification name="Sector" description="Chain System" />
    </properties>
  </dataset>
  <dataset macro="tpthree_cluster1260_macro">
    <properties>
      <identification name="Sector" description="Chain System" />
      <sounds>
        <music ref="music_cluster_02" />
      </sounds>
      <area sunlight="1" economy="0.75" security="0.75" />
    </properties>
  </dataset>
  <dataset macro="tpthree_cluster1260_sector001_macro">
    <properties>
      <identification name="Sector" description="Chain System" />
    </properties>
  </dataset>
  <dataset macro="tpthree_cluster1273_macro">
    <properties>
      <identification name="Sector" description="Chain System" />
      <sounds>
        <music ref="music_cluster_02" />
      </sounds>
      <area sunlight="1" economy="0.75" security="0.75" />
    </properties>
  </dataset>
  <dataset macro="tpthree_cluster1273_sector001_macro">
    <properties>
      <identification name="Sector" description="Chain System" />
    </properties>
  </dataset>
  <dataset macro="tpthree_cluster274_macro">
    <properties>
      <identification name="Sector" description="Chain System" />
      <sounds>
        <music ref="music_cluster_02" />
      </sounds>
      <area sunlight="1" economy="0.75" security="0.75" />
    </properties>
  </dataset>
  <dataset macro="tpthree_cluster274_sector001_macro">
    <properties>
      <identification name="Sector" description="Chain System" />
    </properties>
  </dataset>
  <dataset macro="tpthree_cluster289_macro">
    <properties>
      <identification name="Sector" description="Chain System" />
      <sounds>
        <music ref="music_cluster_02" />
      </sounds>
      <area sunlight="1" economy="0.75" security="0.75" />
    </properties>
  </dataset>
  <dataset macro="tpthree_cluster289_sector001_macro">
    <properties>
      <identification name="Sector" description="Chain System" />
    </properties>
  </dataset>
  <dataset macro="tpthree_cluster1292_macro">
    <properties>
      <identification name="Sector" description="Chain System" />
      <sounds>
        <music ref="music_cluster_02" />
      </sounds>
      <area sunlight="1" economy="0.75" security="0.75" />
    </properties>
  </dataset>
  <dataset macro="tpthree_cluster1292_sector001_macro">
    <properties>
      <identification name="Sector" description="Chain System" />
    </properties>
  </dataset>
  <dataset macro="tpthree_cluster293_macro">
    <properties>
      <identification name="Sector" description="Chain System" />
      <sounds>
        <music ref="music_cluster_02" />
      </sounds>
      <area sunlight="1" economy="0.75" security="0.75" />
    </properties>
  </dataset>
  <dataset macro="tpthree_cluster293_sector001_macro">
    <properties>
      <identification name="Sector" description="Chain System" />
    </properties>
  </dataset>
  <dataset macro="tpthree_cluster295_macro">
    <properties>
      <identification name="Sector" description="Chain System" />
      <sounds>
        <music ref="music_cluster_02" />
      </sounds>
      <area sunlight="1" economy="0.75" security="0.75" />
    </properties>
  </dataset>
  <dataset macro="tpthree_cluster295_sector001_macro">
    <properties>
      <identification name="Sector" description="Chain System" />
    </properties>
  </dataset>
  <dataset macro="tpthree_cluster296_macro">
    <properties>
      <identification name="Sector" description="Chain System" />
      <sounds>
        <music ref="music_cluster_02" />
      </sounds>
      <area sunlight="1" economy="0.75" security="0.75" />
    </properties>
  </dataset>
  <dataset macro="tpthree_cluster296_sector001_macro">
    <properties>
      <identification name="Sector" description="Chain System" />
    </properties>
  </dataset>
  <dataset macro="tpthree_cluster314_macro">
    <properties>
      <identification name="Sector" description="Chain System" />
      <sounds>
        <music ref="music_cluster_02" />
      </sounds>
      <area sunlight="1" economy="0.75" security="0.75" />
    </properties>
  </dataset>
  <dataset macro="tpthree_cluster314_sector001_macro">
    <properties>
      <identification name="Sector" description="Chain System" />
    </properties>
  </dataset>
  <dataset macro="tpthree_cluster331_macro">
    <properties>
      <identification name="Sector" description="Chain System" />
      <sounds>
        <music ref="music_cluster_02" />
      </sounds>
      <area sunlight="1" economy="0.75" security="0.75" />
    </properties>
  </dataset>
  <dataset macro="tpthree_cluster331_sector001_macro">
    <properties>
      <identification name="Sector" description="Chain System" />
    </properties>
  </dataset>
  <dataset macro="tpthree_cluster371_macro">
    <properties>
      <identification name="Nexus5Core1" description="Nexus Sector" />
      <sounds>
        <music ref="music_cluster_02" />
      </sounds>
      <area sunlight="1" economy="0.75" security="0.75" />
    </properties>
  </dataset>
  <dataset macro="tpthree_cluster371_sector001_macro">
    <properties>
      <identification name="Nexus5Core1" description="Nexus Sector" />
    </properties>
  </dataset>
  <dataset macro="tpthree_cluster384_macro">
    <properties>
      <identification name="Sector" description="Chain System" />
      <sounds>
        <music ref="music_cluster_02" />
      </sounds>
      <area sunlight="1" economy="0.75" security="0.75" />
    </properties>
  </dataset>
  <dataset macro="tpthree_cluster384_sector001_macro">
    <properties>
      <identification name="Sector" description="Chain System" />
    </properties>
  </dataset>
  <dataset macro="tpthree_cluster390_macro">
    <properties>
      <identification name="Nexus4Core1" description="Nexus Sector" />
      <sounds>
        <music ref="music_cluster_02" />
      </sounds>
      <area sunlight="1" economy="0.75" security="0.75" />
    </properties>
  </dataset>
  <dataset macro="tpthree_cluster390_sector001_macro">
    <properties>
      <identification name="Nexus4Core1" description="Nexus Sector" />
    </properties>
  </dataset>
  <dataset macro="tpthree_cluster050_macro">
    <properties>
      <identification name="Core4" description="Xenon Homeworld" />
      <sounds>
        <music ref="music_cluster_02" />
      </sounds>
      <area sunlight="1" economy="0.75" security="0.75" />
    </properties>
  </dataset>
  <dataset macro="tpthree_cluster050_sector001_macro">
    <properties>
      <identification name="Core4" description="Xenon Homeworld" />
    </properties>
  </dataset>
  <dataset macro="tpthree_cluster051_macro">
    <properties>
      <identification name="Border1Core4" description="Border System" />
      <sounds>
        <music ref="music_cluster_02" />
      </sounds>
      <area sunlight="1" economy="0.75" security="0.75" />
    </properties>
  </dataset>
  <dataset macro="tpthree_cluster051_sector001_macro">
    <properties>
      <identification name="Border1Core4" description="Border System" />
    </properties>
  </dataset>
  <dataset macro="tpthree_cluster069_macro">
    <properties>
      <identification name="Border3Core4" description="Border System" />
      <sounds>
        <music ref="music_cluster_02" />
      </sounds>
      <area sunlight="1" economy="0.75" security="0.75" />
    </properties>
  </dataset>
  <dataset macro="tpthree_cluster069_sector001_macro">
    <properties>
      <identification name="Border3Core4" description="Border System" />
    </properties>
  </dataset>
  <dataset macro="tpthree_cluster070_macro">
    <properties>
      <identification name="Border2Core4" description="Border System" />
      <sounds>
        <music ref="music_cluster_02" />
      </sounds>
      <area sunlight="1" economy="0.75" security="0.75" />
    </properties>
  </dataset>
  <dataset macro="tpthree_cluster070_sector001_macro">
    <properties>
      <identification name="Border2Core4" description="Border System" />
    </properties>
  </dataset>
  <dataset macro="tpthree_cluster145_macro">
    <properties>
      <identification name="Border1Core3" description="Border System" />
      <sounds>
        <music ref="music_cluster_02" />
      </sounds>
      <area sunlight="1" economy="0.75" security="0.75" />
    </properties>
  </dataset>
  <dataset macro="tpthree_cluster145_sector001_macro">
    <properties>
      <identification name="Border1Core3" description="Border System" />
    </properties>
  </dataset>
  <dataset macro="tpthree_cluster165_macro">
    <properties>
      <identification name="Core3" description="Xenon Homeworld" />
      <sounds>
        <music ref="music_cluster_02" />
      </sounds>
      <area sunlight="1" economy="0.75" security="0.75" />
    </properties>
  </dataset>
  <dataset macro="tpthree_cluster165_sector001_macro">
    <properties>
      <identification name="Core3" description="Xenon Homeworld" />
    </properties>
  </dataset>
  <dataset macro="tpthree_cluster166_macro">
    <properties>
      <identification name="Border2Core3" description="Border System" />
      <sounds>
        <music ref="music_cluster_02" />
      </sounds>
      <area sunlight="1" economy="0.75" security="0.75" />
    </properties>
  </dataset>
  <dataset macro="tpthree_cluster166_sector001_macro">
    <properties>
      <identification name="Border2Core3" description="Border System" />
    </properties>
  </dataset>
  <dataset macro="tpthree_cluster184_macro">
    <properties>
      <identification name="Border3Core3" description="Border System" />
      <sounds>
        <music ref="music_cluster_02" />
      </sounds>
      <area sunlight="1" economy="0.75" security="0.75" />
    </properties>
  </dataset>
  <dataset macro="tpthree_cluster184_sector001_macro">
    <properties>
      <identification name="Border3Core3" description="Border System" />
    </properties>
  </dataset>
  <dataset macro="tpthree_cluster197_macro">
    <properties>
      <identification name="Border3Core1" description="Border System" />
      <sounds>
        <music ref="music_cluster_02" />
      </sounds>
      <area sunlight="1" economy="0.75" security="0.75" />
    </properties>
  </dataset>
  <dataset macro="tpthree_cluster197_sector001_macro">
    <properties>
      <identification name="Border3Core1" description="Border System" />
    </properties>
  </dataset>
  <dataset macro="tpthree_cluster216_macro">
    <properties>
      <identification name="Core1" description="Xenon Homeworld" />
      <sounds>
        <music ref="music_cluster_02" />
      </sounds>
      <area sunlight="1" economy="0.75" security="0.75" />
    </properties>
  </dataset>
  <dataset macro="tpthree_cluster216_sector001_macro">
    <properties>
      <identification name="Core1" description="Xenon Homeworld" />
    </properties>
  </dataset>
  <dataset macro="tpthree_cluster235_macro">
    <properties>
      <identification name="Border2Core1" description="Border System" />
      <sounds>
        <music ref="music_cluster_02" />
      </sounds>
      <area sunlight="1" economy="0.75" security="0.75" />
    </properties>
  </dataset>
  <dataset macro="tpthree_cluster235_sector001_macro">
    <properties>
      <identification name="Border2Core1" description="Border System" />
    </properties>
  </dataset>
  <dataset macro="tpthree_cluster236_macro">
    <properties>
      <identification name="Border1Core1" description="Border System" />
      <sounds>
        <music ref="music_cluster_02" />
      </sounds>
      <area sunlight="1" economy="0.75" security="0.75" />
    </properties>
  </dataset>
  <dataset macro="tpthree_cluster236_sector001_macro">
    <properties>
      <identification name="Border1Core1" description="Border System" />
    </properties>
  </dataset>
  <dataset macro="tpthree_cluster343_macro">
    <properties>
      <identification name="Border2Core2" description="Border System" />
      <sounds>
        <music ref="music_cluster_02" />
      </sounds>
      <area sunlight="1" economy="0.75" security="0.75" />
    </properties>
  </dataset>
  <dataset macro="tpthree_cluster343_sector001_macro">
    <properties>
      <identification name="Border2Core2" description="Border System" />
    </properties>
  </dataset>
  <dataset macro="tpthree_cluster363_macro">
    <properties>
      <identification name="Border3Core2" description="Border System" />
      <sounds>
        <music ref="music_cluster_02" />
      </sounds>
      <area sunlight="1" economy="0.75" security="0.75" />
    </properties>
  </dataset>
  <dataset macro="tpthree_cluster363_sector001_macro">
    <properties>
      <identification name="Border3Core2" description="Border System" />
    </properties>
  </dataset>
  <dataset macro="tpthree_cluster364_macro">
    <properties>
      <identification name="Core2" description="Xenon Homeworld" />
      <sounds>
        <music ref="music_cluster_02" />
      </sounds>
      <area sunlight="1" economy="0.75" security="0.75" />
    </properties>
  </dataset>
  <dataset macro="tpthree_cluster364_sector001_macro">
    <properties>
      <identification name="Core2" description="Xenon Homeworld" />
    </properties>
  </dataset>
  <dataset macro="tpthree_cluster365_macro">
    <properties>
      <identification name="Border1Core2" description="Border System" />
      <sounds>
        <music ref="music_cluster_02" />
      </sounds>
      <area sunlight="1" economy="0.75" security="0.75" />
    </properties>
  </dataset>
  <dataset macro="tpthree_cluster365_sector001_macro">
    <properties>
      <identification name="Border1Core2" description="Border System" />
    </properties>
  </dataset>
  <dataset macro="tpthree_cluster011_macro">
    <properties>
      <identification name="Nexus2Core4" description="Nexus Sector" />
      <sounds>
        <music ref="music_cluster_02" />
      </sounds>
      <area sunlight="1" economy="0.75" security="0.75" />
    </properties>
  </dataset>
  <dataset macro="tpthree_cluster011_sector001_macro">
    <properties>
      <identification name="Nexus2Core4" description="Nexus Sector" />
    </properties>
  </dataset>
  <dataset macro="tpthree_cluster030_macro">
    <properties>
      <identification name="Nexus3Core4" description="Nexus Sector" />
      <sounds>
        <music ref="music_cluster_02" />
      </sounds>
      <area sunlight="1" economy="0.75" security="0.75" />
    </properties>
  </dataset>
  <dataset macro="tpthree_cluster030_sector001_macro">
    <properties>
      <identification name="Nexus3Core4" description="Nexus Sector" />
    </properties>
  </dataset>
  <dataset macro="tpthree_cluster031_macro">
    <properties>
      <identification name="Nexus1Core4" description="Nexus Sector" />
      <sounds>
        <music ref="music_cluster_02" />
      </sounds>
      <area sunlight="1" economy="0.75" security="0.75" />
    </properties>
  </dataset>
  <dataset macro="tpthree_cluster031_sector001_macro">
    <properties>
      <identification name="Nexus1Core4" description="Nexus Sector" />
    </properties>
  </dataset>
  <dataset macro="tpthree_cluster140_macro">
    <properties>
      <identification name="Nexus1Core3" description="Nexus Sector" />
      <sounds>
        <music ref="music_cluster_02" />
      </sounds>
      <area sunlight="1" economy="0.75" security="0.75" />
    </properties>
  </dataset>
  <dataset macro="tpthree_cluster140_sector001_macro">
    <properties>
      <identification name="Nexus1Core3" description="Nexus Sector" />
    </properties>
  </dataset>
  <dataset macro="tpthree_cluster158_macro">
    <properties>
      <identification name="Nexus3Core3" description="Nexus Sector" />
      <sounds>
        <music ref="music_cluster_02" />
      </sounds>
      <area sunlight="1" economy="0.75" security="0.75" />
    </properties>
  </dataset>
  <dataset macro="tpthree_cluster158_sector001_macro">
    <properties>
      <identification name="Nexus3Core3" description="Nexus Sector" />
    </properties>
  </dataset>
  <dataset macro="tpthree_cluster159_macro">
    <properties>
      <identification name="Nexus2Core3" description="Nexus Sector" />
      <sounds>
        <music ref="music_cluster_02" />
      </sounds>
      <area sunlight="1" economy="0.75" security="0.75" />
    </properties>
  </dataset>
  <dataset macro="tpthree_cluster159_sector001_macro">
    <properties>
      <identification name="Nexus2Core3" description="Nexus Sector" />
    </properties>
  </dataset>
  <dataset macro="tpthree_cluster189_macro">
    <properties>
      <identification name="Nexus3Core1" description="Nexus Sector" />
      <sounds>
        <music ref="music_cluster_02" />
      </sounds>
      <area sunlight="1" economy="0.75" security="0.75" />
    </properties>
  </dataset>
  <dataset macro="tpthree_cluster189_sector001_macro">
    <properties>
      <identification name="Nexus3Core1" description="Nexus Sector" />
    </properties>
  </dataset>
  <dataset macro="tpthree_cluster225_macro">
    <properties>
      <identification name="Nexus1Core1" description="Nexus Sector" />
      <sounds>
        <music ref="music_cluster_02" />
      </sounds>
      <area sunlight="1" economy="0.75" security="0.75" />
    </properties>
  </dataset>
  <dataset macro="tpthree_cluster225_sector001_macro">
    <properties>
      <identification name="Nexus1Core1" description="Nexus Sector" />
    </properties>
  </dataset>
  <dataset macro="tpthree_cluster349_macro">
    <properties>
      <identification name="Nexus3Core3" description="Nexus Sector" />
      <sounds>
        <music ref="music_cluster_02" />
      </sounds>
      <area sunlight="1" economy="0.75" security="0.75" />
    </properties>
  </dataset>
  <dataset macro="tpthree_cluster349_sector001_macro">
    <properties>
      <identification name="Nexus3Core3" description="Nexus Sector" />
    </properties>
  </dataset>
  <dataset macro="tpthree_cluster366_macro">
    <properties>
      <identification name="Nexus2Core3" description="Nexus Sector" />
      <sounds>
        <music ref="music_cluster_02" />
      </sounds>
      <area sunlight="1" economy="0.75" security="0.75" />
    </properties>
  </dataset>
  <dataset macro="tpthree_cluster366_sector001_macro">
    <properties>
      <identification name="Nexus2Core3" description="Nexus Sector" />
    </properties>
  </dataset>
  <dataset macro="tpthree_cluster367_macro">
    <properties>
      <identification name="Nexus1Core3" description="Nexus Sector" />
      <sounds>
        <music ref="music_cluster_02" />
      </sounds>
      <area sunlight="1" economy="0.75" security="0.75" />
    </properties>
  </dataset>
  <dataset macro="tpthree_cluster367_sector001_macro">
    <properties>
      <identification name="Nexus1Core3" description="Nexus Sector" />
    </properties>
  </dataset>
  <dataset macro="tpthree_cluster044_macro">
    <properties>
      <identification name="Chain4Group3" description="Chain System" />
      <sounds>
        <music ref="music_cluster_02" />
      </sounds>
      <area sunlight="1" economy="0.75" security="0.75" />
    </properties>
  </dataset>
  <dataset macro="tpthree_cluster044_sector001_macro">
    <properties>
      <identification name="Chain4Group3" description="Chain System" />
    </properties>
  </dataset>
  <dataset macro="tpthree_cluster060_macro">
    <properties>
      <identification name="Chain5Group3" description="Chain System" />
      <sounds>
        <music ref="music_cluster_02" />
      </sounds>
      <area sunlight="1" economy="0.75" security="0.75" />
    </properties>
  </dataset>
  <dataset macro="tpthree_cluster060_sector001_macro">
    <properties>
      <identification name="Chain5Group3" description="Chain System" />
    </properties>
  </dataset>
  <dataset macro="tpthree_cluster061_macro">
    <properties>
      <identification name="Chain1Group3" description="Chain System" />
      <sounds>
        <music ref="music_cluster_02" />
      </sounds>
      <area sunlight="1" economy="0.75" security="0.75" />
    </properties>
  </dataset>
  <dataset macro="tpthree_cluster061_sector001_macro">
    <properties>
      <identification name="Chain1Group3" description="Chain System" />
    </properties>
  </dataset>
  <dataset macro="tpthree_cluster062_macro">
    <properties>
      <identification name="Chain3Group3" description="Chain System" />
      <sounds>
        <music ref="music_cluster_02" />
      </sounds>
      <area sunlight="1" economy="0.75" security="0.75" />
    </properties>
  </dataset>
  <dataset macro="tpthree_cluster062_sector001_macro">
    <properties>
      <identification name="Chain3Group3" description="Chain System" />
    </properties>
  </dataset>
  <dataset macro="tpthree_cluster079_macro">
    <properties>
      <identification name="Chain6Group3" description="Chain System" />
      <sounds>
        <music ref="music_cluster_02" />
      </sounds>
      <area sunlight="1" economy="0.75" security="0.75" />
    </properties>
  </dataset>
  <dataset macro="tpthree_cluster079_sector001_macro">
    <properties>
      <identification name="Chain6Group3" description="Chain System" />
    </properties>
  </dataset>
  <dataset macro="tpthree_cluster080_macro">
    <properties>
      <identification name="Chain2Group3" description="Chain System" />
      <sounds>
        <music ref="music_cluster_02" />
      </sounds>
      <area sunlight="1" economy="0.75" security="0.75" />
    </properties>
  </dataset>
  <dataset macro="tpthree_cluster080_sector001_macro">
    <properties>
      <identification name="Chain2Group3" description="Chain System" />
    </properties>
  </dataset>
  <dataset macro="tpthree_cluster220_macro">
    <properties>
      <identification name="Chain8Group2" description="Chain System" />
      <sounds>
        <music ref="music_cluster_02" />
      </sounds>
      <area sunlight="1" economy="0.75" security="0.75" />
    </properties>
  </dataset>
  <dataset macro="tpthree_cluster220_sector001_macro">
    <properties>
      <identification name="Chain8Group2" description="Chain System" />
    </properties>
  </dataset>
  <dataset macro="tpthree_cluster221_macro">
    <properties>
      <identification name="Chain5Group2" description="Chain System" />
      <sounds>
        <music ref="music_cluster_02" />
      </sounds>
      <area sunlight="1" economy="0.75" security="0.75" />
    </properties>
  </dataset>
  <dataset macro="tpthree_cluster221_sector001_macro">
    <properties>
      <identification name="Chain5Group2" description="Chain System" />
    </properties>
  </dataset>
  <dataset macro="tpthree_cluster240_macro">
    <properties>
      <identification name="Chain4Group2" description="Chain System" />
      <sounds>
        <music ref="music_cluster_02" />
      </sounds>
      <area sunlight="1" economy="0.75" security="0.75" />
    </properties>
  </dataset>
  <dataset macro="tpthree_cluster240_sector001_macro">
    <properties>
      <identification name="Chain4Group2" description="Chain System" />
    </properties>
  </dataset>
  <dataset macro="tpthree_cluster241_macro">
    <properties>
      <identification name="Chain3Group2" description="Chain System" />
      <sounds>
        <music ref="music_cluster_02" />
      </sounds>
      <area sunlight="1" economy="0.75" security="0.75" />
    </properties>
  </dataset>
  <dataset macro="tpthree_cluster241_sector001_macro">
    <properties>
      <identification name="Chain3Group2" description="Chain System" />
    </properties>
  </dataset>
  <dataset macro="tpthree_cluster260_macro">
    <properties>
      <identification name="Chain7Group2" description="Chain System" />
      <sounds>
        <music ref="music_cluster_02" />
      </sounds>
      <area sunlight="1" economy="0.75" security="0.75" />
    </properties>
  </dataset>
  <dataset macro="tpthree_cluster260_sector001_macro">
    <properties>
      <identification name="Chain7Group2" description="Chain System" />
    </properties>
  </dataset>
  <dataset macro="tpthree_cluster261_macro">
    <properties>
      <identification name="Chain6Group2" description="Chain System" />
      <sounds>
        <music ref="music_cluster_02" />
      </sounds>
      <area sunlight="1" economy="0.75" security="0.75" />
    </properties>
  </dataset>
  <dataset macro="tpthree_cluster261_sector001_macro">
    <properties>
      <identification name="Chain6Group2" description="Chain System" />
    </properties>
  </dataset>
  <dataset macro="tpthree_cluster262_macro">
    <properties>
      <identification name="Chain2Group2" description="Chain System" />
      <sounds>
        <music ref="music_cluster_02" />
      </sounds>
      <area sunlight="1" economy="0.75" security="0.75" />
    </properties>
  </dataset>
  <dataset macro="tpthree_cluster262_sector001_macro">
    <properties>
      <identification name="Chain2Group2" description="Chain System" />
    </properties>
  </dataset>
  <dataset macro="tpthree_cluster273_macro">
    <properties>
      <identification name="Chain1Group1" description="Chain System" />
      <sounds>
        <music ref="music_cluster_02" />
      </sounds>
      <area sunlight="1" economy="0.75" security="0.75" />
    </properties>
  </dataset>
  <dataset macro="tpthree_cluster273_sector001_macro">
    <properties>
      <identification name="Chain1Group1" description="Chain System" />
    </properties>
  </dataset>
  <dataset macro="tpthree_cluster281_macro">
    <properties>
      <identification name="Chain1Group2" description="Chain System" />
      <sounds>
        <music ref="music_cluster_02" />
      </sounds>
      <area sunlight="1" economy="0.75" security="0.75" />
    </properties>
  </dataset>
  <dataset macro="tpthree_cluster281_sector001_macro">
    <properties>
      <identification name="Chain1Group2" description="Chain System" />
    </properties>
  </dataset>
  <dataset macro="tpthree_cluster290_macro">
    <properties>
      <identification name="Chain6Group1" description="Chain System" />
      <sounds>
        <music ref="music_cluster_02" />
      </sounds>
      <area sunlight="1" economy="0.75" security="0.75" />
    </properties>
  </dataset>
  <dataset macro="tpthree_cluster290_sector001_macro">
    <properties>
      <identification name="Chain6Group1" description="Chain System" />
    </properties>
  </dataset>
  <dataset macro="tpthree_cluster291_macro">
    <properties>
      <identification name="Chain5Group1" description="Chain System" />
      <sounds>
        <music ref="music_cluster_02" />
      </sounds>
      <area sunlight="1" economy="0.75" security="0.75" />
    </properties>
  </dataset>
  <dataset macro="tpthree_cluster291_sector001_macro">
    <properties>
      <identification name="Chain5Group1" description="Chain System" />
    </properties>
  </dataset>
  <dataset macro="tpthree_cluster292_macro">
    <properties>
      <identification name="Chain2Group1" description="Chain System" />
      <sounds>
        <music ref="music_cluster_02" />
      </sounds>
      <area sunlight="1" economy="0.75" security="0.75" />
    </properties>
  </dataset>
  <dataset macro="tpthree_cluster292_sector001_macro">
    <properties>
      <identification name="Chain2Group1" description="Chain System" />
    </properties>
  </dataset>
  <dataset macro="tpthree_cluster311_macro">
    <properties>
      <identification name="Chain4Group1" description="Chain System" />
      <sounds>
        <music ref="music_cluster_02" />
      </sounds>
      <area sunlight="1" economy="0.75" security="0.75" />
    </properties>
  </dataset>
  <dataset macro="tpthree_cluster311_sector001_macro">
    <properties>
      <identification name="Chain4Group1" description="Chain System" />
    </properties>
  </dataset>
  <dataset macro="tpthree_cluster312_macro">
    <properties>
      <identification name="Chain3Group1" description="Chain System" />
      <sounds>
        <music ref="music_cluster_02" />
      </sounds>
      <area sunlight="1" economy="0.75" security="0.75" />
    </properties>
  </dataset>
  <dataset macro="tpthree_cluster312_sector001_macro">
    <properties>
      <identification name="Chain3Group1" description="Chain System" />
    </properties>
  </dataset>
  <dataset macro="tpthree_cluster330_macro">
    <properties>
      <identification name="Chain7Group1" description="Chain System" />
      <sounds>
        <music ref="music_cluster_02" />
      </sounds>
      <area sunlight="1" economy="0.75" security="0.75" />
    </properties>
  </dataset>
  <dataset macro="tpthree_cluster330_sector001_macro">
    <properties>
      <identification name="Chain7Group1" description="Chain System" />
    </properties>
  </dataset>

  </add>
</diff>