<?xml version="1.0" encoding="utf-8" ?>
<regions xmlns:xsi="http://www.w3.org/2001/XMLSchema-instance" xsi:noNamespaceSchemaLocation="D:/x4 extract 2.5b1/libraries/region_definitions.xsd">
  <!-- <diff>
  <add sel="/regions"> -->
  <!--############################################## ORE | LARGE | TUBE #######################################-->
  <region name="ore_l_tube" density="1.5" rotation="0" noisescale="10000" seed="32" minnoisevalue="0.15" maxnoisevalue="1">
    <boundary class="splinetube">
      <size r="8000" />
      <splineposition x="-171084.0" y="0.0" z="-59219.8" tx="0.977949" ty="0.0" tz="0.208845" inlength="0.0" outlength="29118.4" />
      <splineposition x="-89184.9" y="0.0" z="-72944.6" tx="0.862055" ty="0.0" tz="-0.506814" inlength="30239.1" outlength="30239.1" />
      <splineposition x="-14345.2" y="0.0" z="-150607.0" tx="0.890326" ty="0.0" tz="-0.455324" inlength="45024.5" outlength="45024.5" />
      <splineposition x="151426.0" y="0.0" z="-195769.0" tx="0.924869" ty="0.0" tz="0.380285" inlength="10558.7" outlength="10558.7" />
      <splineposition x="44535.9" y="0.0" z="-127229.0" tx="-0.106584" ty="0.0" tz="0.994304" inlength="22443.1" outlength="22443.1" />
      <splineposition x="137080.0" y="0.0" z="-61876.4" tx="-0.474969" ty="0.0" tz="0.880002" inlength="20798.6" outlength="20798.6" />
      <splineposition x="-15407.8" y="0.0" z="-17777.0" tx="-0.933157" ty="0.0" tz="0.35947" inlength="47492.5" outlength="47492.5" />
      <splineposition x="-128579.0" y="0.0" z="41199.3" tx="-0.589833" ty="0.0" tz="0.807525" inlength="18786.4" outlength="18786.4" />
      <splineposition x="-82271.9" y="0.0" z="72968.2" tx="0.19308" ty="0.0" tz="0.981183" inlength="15525.8" outlength="15525.8" />
      <splineposition x="-110514.0" y="0.0" z="132586.0" tx="0.966266" ty="0.0" tz="0.257547" inlength="19129.2" outlength="19129.2" />
      <splineposition x="28691.6" y="0.0" z="102301.0" tx="0.756486" ty="0.0" tz="-0.65401" inlength="22550.7" outlength="22550.7" />
      <splineposition x="-7509.33" y="0.0" z="44851.9" tx="0.977717" ty="0.0" tz="-0.209927" inlength="29612.9" outlength="29612.9" />
      <splineposition x="202433.0" y="0.0" z="65108.6" tx="0.908733" ty="0.0" tz="0.417379" inlength="17227.2" outlength="17227.2" />
      <splineposition x="86491.3" y="0.0" z="87838.1" tx="-0.373257" ty="0.0" tz="0.927728" inlength="19831.3" outlength="19831.3" />
      <splineposition x="158333.0" y="0.0" z="175623.0" tx="-0.689019" ty="0.0" tz="0.724743" inlength="12377.5" outlength="12377.5" />
      <splineposition x="35040.1" y="0.0" z="141392.0" tx="-0.955397" ty="0.0" tz="0.295325" inlength="37248.1" outlength="37248.1" />
      <splineposition x="-54725.3" y="0.0" z="243100.0" tx="-0.395213" ty="0.0" tz="0.918589" inlength="61571.5" outlength="0.0" />
    </boundary>
    <falloff>
      <lateral>
        <step position="0.0" value="0.0" />
        <step position="0.05" value="1.0" />
        <step position="0.2" value="1.3" />
        <step position="0.5" value="1.0" />
        <step position="0.6" value="1.6" />
        <step position="0.8" value="1.3" />
        <step position="0.95" value="1.0" />
        <step position="1.0" value="0.0" />
      </lateral>
      <radial>
        <step position="0.0" value="1.0" />
        <step position="0.51" value="1.0" />
        <step position="0.65" value="0.85" />
        <step position="1.0" value="0.0" />
      </radial>
    </falloff>
    <fields>
      <!-- <asteroid groupref="asteroid_ore_xxl" lodrule="asteroidxl" densityfactor="4" rotation="360" rotationvariation="4" noisescale="150" seed="2001" minnoisevalue="0.65" maxnoisevalue="1"/>
          <asteroid groupref="asteroid_ore_xxl"  densityfactor="4" rotation="360" rotationvariation="4" noisescale="150" seed="2001" minnoisevalue="0.65" maxnoisevalue="1"/>
        <asteroid groupref="asteroid_ore_xxl" densityfactor="4" rotation="360" rotationvariation="32" noisescale="1000" seed="32" minnoisevalue="0.01" maxnoisevalue="0.5" /> -->
      <asteroid groupref="asteroid_highyield_v1">
        <color g="255" />
      </asteroid>
      <debris groupref="env_debris_station_l_05" densityfactor="0.01" rotation="360" rotationvariation="0" noisescale="1000" seed="32" minnoisevalue="0.5" maxnoisevalue="1" />
      <debris ref="env_debris_station_l_06_macro" densityfactor="0.01" rotation="360" rotationvariation="0" noisescale="1000" seed="32" minnoisevalue="0.5" maxnoisevalue="1" />
      <asteroid groupref="asteroid_highyield_v1" lodrule="asteroidxl" densityfactor="0.01" rotation="360" rotationvariation="4" noisescale="4000" seed="1309" minnoisevalue="0.0" maxnoisevalue="1" />
      <!-- <asteroid groupref="asteroid_ore_l" densityfactor="2.0" rotation="360" rotationvariation="4" noisescale="1000" seed="32" minnoisevalue="0.5" maxnoisevalue="1" />
        <asteroid groupref="asteroid_silicon_l" densityfactor="1.0" rotation="360" rotationvariation="4" noisescale="1000" seed="32" minnoisevalue="0.8" maxnoisevalue="1" />
        <asteroid groupref="asteroid_ore_m" densityfactor="4" rotation="360" rotationvariation="8" noisescale="1000" seed="32" minnoisevalue="0.1" maxnoisevalue="0.8" />
        <asteroid groupref="asteroid_silicon_m" densityfactor="2" rotation="360" rotationvariation="8" noisescale="1000" seed="32" minnoisevalue="0.1" maxnoisevalue="0.8" /> -->
      <!-- <asteroid groupref="asteroid_ore_s" densityfactor="6" rotation="360" rotationvariation="16" noisescale="1000" seed="32" minnoisevalue="0.01" maxnoisevalue="0.8" />
        <asteroid groupref="asteroid_silicon_s" densityfactor="3" rotation="360" rotationvariation="16" noisescale="1000" seed="32" minnoisevalue="0.01" maxnoisevalue="0.8" /> -->
      <!-- <asteroid groupref="asteroid_ore_xs" densityfactor="8" rotation="360" rotationvariation="32" noisescale="1000" seed="32" minnoisevalue="0.01" maxnoisevalue="0.5" />
        <asteroid groupref="asteroid_silicon_xs" densityfactor="4" rotation="360" rotationvariation="32" noisescale="1000" seed="32" minnoisevalue="0.01" maxnoisevalue="0.5" /> -->
    </fields>
    <resources>
      <resource ware="ore" yield="medium" />
      <resource ware="silicon" yield="medium" />
    </resources>
  </region>
  <!--########################################### ORE | MEDIUM | TUBE #####################################-->
  <region name="ore_m_tube" density="1.5" rotation="0" noisescale="1000" seed="32" minnoisevalue="0.05" maxnoisevalue="1">
    <boundary class="splinetube">
      <size r="40000" />
      <splineposition x="-37500.0" y="0.0" z="0.0" tx="0.3" ty="0.0" tz="1.0" inlength="990.0" outlength="11708.4" />
      <splineposition x="0.0" y="0.0" z="20000.0" tx="1.0" ty="0.0" tz="0.0" inlength="18370.2" outlength="18370.2" />
      <splineposition x="37500.0" y="0.0" z="0.0" tx="0.3" ty="0.0" tz="-1.0" inlength="11717.1" outlength="1000.0" />
    </boundary>
    <falloff>
      <lateral>
        <step position="0.0" value="0.0" />
        <step position="0.1" value="1.6" />
        <step position="0.2" value="1.8" />
        <step position="0.5" value="1.0" />
        <step position="0.6" value="1.8" />
        <step position="0.8" value="1.7" />
        <step position="0.9" value="1.6" />
        <step position="1.0" value="0.0" />
      </lateral>
      <radial>
        <step position="0.0" value="1.0" />
        <step position="0.51" value="1.0" />
        <step position="0.65" value="0.85" />
        <step position="1.0" value="0.0" />
      </radial>
    </falloff>
    <fields>
      <debris groupref="env_debris_station_l_05" densityfactor="0.051" rotation="360" rotationvariation="0" noisescale="1000" seed="32" minnoisevalue="0.5" maxnoisevalue="1" />
      <debris ref="env_debris_station_l_06_macro" densityfactor="0.051" rotation="360" rotationvariation="0" noisescale="1000" seed="32" minnoisevalue="0.5" maxnoisevalue="1" />
      <asteroid groupref="asteroid_highyield_v1" lodrule="asteroidxl" densityfactor="2.0" rotation="360" rotationvariation="4" noisescale="4000" seed="1309" minnoisevalue="0.0" maxnoisevalue="1" />
      <asteroid groupref="asteroid_ore_l" densityfactor="2.0" rotation="360" rotationvariation="4" noisescale="1000" seed="32" minnoisevalue="0.5" maxnoisevalue="1" />
      <asteroid groupref="asteroid_silicon_l" densityfactor="1.0" rotation="360" rotationvariation="4" noisescale="1000" seed="32" minnoisevalue="0.8" maxnoisevalue="1" />
      <asteroid groupref="asteroid_ore_m" densityfactor="4" rotation="360" rotationvariation="8" noisescale="1000" seed="32" minnoisevalue="0.1" maxnoisevalue="0.8" />
      <asteroid groupref="asteroid_silicon_m" densityfactor="2" rotation="360" rotationvariation="8" noisescale="1000" seed="32" minnoisevalue="0.1" maxnoisevalue="0.8" />
      <asteroid groupref="asteroid_ore_s" densityfactor="6" rotation="360" rotationvariation="16" noisescale="1000" seed="32" minnoisevalue="0.01" maxnoisevalue="0.8" />
      <asteroid groupref="asteroid_silicon_s" densityfactor="3" rotation="360" rotationvariation="16" noisescale="1000" seed="32" minnoisevalue="0.01" maxnoisevalue="0.8" />
      <asteroid groupref="asteroid_ore_xs" densityfactor="8" rotation="360" rotationvariation="32" noisescale="1000" seed="32" minnoisevalue="0.01" maxnoisevalue="0.5" />
      <asteroid groupref="asteroid_silicon_xs" densityfactor="4" rotation="360" rotationvariation="32" noisescale="1000" seed="32" minnoisevalue="0.01" maxnoisevalue="0.5" />
    </fields>
    <resources>
      <resource ware="ore" yield="medium" />
      <resource ware="silicon" yield="medium" />
    </resources>
  </region>
  <!--########################################### ORE | SMALL | TUBE #####################################-->
  <region name="ore_s_tube" density="1.5" rotation="0" noisescale="1000" seed="32" minnoisevalue="0.05" maxnoisevalue="1">
    <boundary class="splinetube">
      <size r="40000" />
      <splineposition x="-37500.0" y="0.0" z="0.0" tx="0.3" ty="0.0" tz="1.0" inlength="990.0" outlength="11708.4" />
      <splineposition x="0.0" y="0.0" z="20000.0" tx="1.0" ty="0.0" tz="0.0" inlength="18370.2" outlength="18370.2" />
      <splineposition x="37500.0" y="0.0" z="0.0" tx="0.3" ty="0.0" tz="-1.0" inlength="11717.1" outlength="1000.0" />
    </boundary>
    <falloff>
      <lateral>
        <step position="0.0" value="0.0" />
        <step position="0.1" value="1.6" />
        <step position="0.2" value="1.8" />
        <step position="0.5" value="1.0" />
        <step position="0.6" value="1.8" />
        <step position="0.8" value="1.7" />
        <step position="0.9" value="1.6" />
        <step position="1.0" value="0.0" />
      </lateral>
      <radial>
        <step position="0.0" value="1.0" />
        <step position="0.51" value="1.0" />
        <step position="0.65" value="0.85" />
        <step position="1.0" value="0.0" />
      </radial>
    </falloff>
    <fields>
      <debris groupref="env_debris_station_l_05" densityfactor="0.051" rotation="360" rotationvariation="0" noisescale="1000" seed="32" minnoisevalue="0.5" maxnoisevalue="1" />
      <debris ref="env_debris_station_l_06_macro" densityfactor="0.051" rotation="360" rotationvariation="0" noisescale="1000" seed="32" minnoisevalue="0.5" maxnoisevalue="1" />
      <asteroid groupref="asteroid_highyield_v1" lodrule="asteroidxl" densityfactor="2.0" rotation="360" rotationvariation="4" noisescale="4000" seed="1309" minnoisevalue="0.0" maxnoisevalue="1" />
      <asteroid groupref="asteroid_ore_l" densityfactor="2.0" rotation="360" rotationvariation="4" noisescale="1000" seed="32" minnoisevalue="0.5" maxnoisevalue="1" />
      <asteroid groupref="asteroid_silicon_l" densityfactor="1.0" rotation="360" rotationvariation="4" noisescale="1000" seed="32" minnoisevalue="0.8" maxnoisevalue="1" />
      <asteroid groupref="asteroid_ore_m" densityfactor="4" rotation="360" rotationvariation="8" noisescale="1000" seed="32" minnoisevalue="0.1" maxnoisevalue="0.8" />
      <asteroid groupref="asteroid_silicon_m" densityfactor="2" rotation="360" rotationvariation="8" noisescale="1000" seed="32" minnoisevalue="0.1" maxnoisevalue="0.8" />
      <asteroid groupref="asteroid_ore_s" densityfactor="6" rotation="360" rotationvariation="16" noisescale="1000" seed="32" minnoisevalue="0.01" maxnoisevalue="0.8" />
      <asteroid groupref="asteroid_silicon_s" densityfactor="3" rotation="360" rotationvariation="16" noisescale="1000" seed="32" minnoisevalue="0.01" maxnoisevalue="0.8" />
      <asteroid groupref="asteroid_ore_xs" densityfactor="8" rotation="360" rotationvariation="32" noisescale="1000" seed="32" minnoisevalue="0.01" maxnoisevalue="0.5" />
      <asteroid groupref="asteroid_silicon_xs" densityfactor="4" rotation="360" rotationvariation="32" noisescale="1000" seed="32" minnoisevalue="0.01" maxnoisevalue="0.5" />
    </fields>
    <resources>
      <resource ware="ore" yield="medium" />
      <resource ware="silicon" yield="medium" />
    </resources>
  </region>
  <!--########################################### ICE | LARGE | TUBE #####################################-->
  <region name="ice_l_tube" density="1.5" rotation="0" noisescale="1000" seed="32" minnoisevalue="0.05" maxnoisevalue="1">
    <boundary class="splinetube">
      <size r="400000" />
      <splineposition x="-37500.0" y="0.0" z="0.0" tx="0.3" ty="0.0" tz="1.0" inlength="990.0" outlength="11708.4" />
      <splineposition x="0.0" y="0.0" z="20000.0" tx="1.0" ty="0.0" tz="0.0" inlength="18370.2" outlength="18370.2" />
      <splineposition x="37500.0" y="0.0" z="0.0" tx="0.3" ty="0.0" tz="-1.0" inlength="11717.1" outlength="1000.0" />
    </boundary>
    <falloff>
      <lateral>
        <step position="0.0" value="0.0" />
        <step position="0.1" value="1.6" />
        <step position="0.2" value="1.8" />
        <step position="0.5" value="1.0" />
        <step position="0.6" value="1.8" />
        <step position="0.8" value="1.7" />
        <step position="0.9" value="1.6" />
        <step position="1.0" value="0.0" />
      </lateral>
      <radial>
        <step position="0.0" value="1.0" />
        <step position="0.51" value="1.0" />
        <step position="0.65" value="0.85" />
        <step position="1.0" value="0.0" />
      </radial>
    </falloff>
    <fields>
      <asteroid groupref="asteroid_ice_l" densityfactor="3" rotation="0" rotationvariation="8" noisescale="5000" seed="26041984" minnoisevalue="0.75" maxnoisevalue="1" />
      <asteroid groupref="asteroid_ice_m" densityfactor="18" rotation="0" rotationvariation="16" noisescale="5000" seed="26041984" minnoisevalue="0.75" maxnoisevalue="1" />
      <asteroid groupref="asteroid_ice_s" densityfactor="24" rotation="0" rotationvariation="32" noisescale="5000" seed="26041984" minnoisevalue="0.75" maxnoisevalue="1" />
      <asteroid groupref="asteroid_ice_xs" densityfactor="30" rotation="0" rotationvariation="64" noisescale="5000" seed="26041984" minnoisevalue="0.75" maxnoisevalue="1" />
    </fields>
    <resources>
      <resource ware="ice" yield="medium" />
    </resources>
  </region>
  <!--########################################### ICE | MEDIUM | TUBE #####################################-->
  <region name="ice_m_tube" density="1.5" rotation="0" noisescale="1000" seed="32" minnoisevalue="0.05" maxnoisevalue="1">
    <boundary class="splinetube">
      <size r="40000" />
      <splineposition x="-37500.0" y="0.0" z="0.0" tx="0.3" ty="0.0" tz="1.0" inlength="990.0" outlength="11708.4" />
      <splineposition x="0.0" y="0.0" z="20000.0" tx="1.0" ty="0.0" tz="0.0" inlength="18370.2" outlength="18370.2" />
      <splineposition x="37500.0" y="0.0" z="0.0" tx="0.3" ty="0.0" tz="-1.0" inlength="11717.1" outlength="1000.0" />
    </boundary>
    <falloff>
      <lateral>
        <step position="0.0" value="0.0" />
        <step position="0.1" value="1.6" />
        <step position="0.2" value="1.8" />
        <step position="0.5" value="1.0" />
        <step position="0.6" value="1.8" />
        <step position="0.8" value="1.7" />
        <step position="0.9" value="1.6" />
        <step position="1.0" value="0.0" />
      </lateral>
      <radial>
        <step position="0.0" value="1.0" />
        <step position="0.51" value="1.0" />
        <step position="0.65" value="0.85" />
        <step position="1.0" value="0.0" />
      </radial>
    </falloff>
    <fields>
      <asteroid groupref="asteroid_ice_l" densityfactor="3" rotation="0" rotationvariation="8" noisescale="5000" seed="26041984" minnoisevalue="0.75" maxnoisevalue="1" />
      <asteroid groupref="asteroid_ice_m" densityfactor="18" rotation="0" rotationvariation="16" noisescale="5000" seed="26041984" minnoisevalue="0.75" maxnoisevalue="1" />
      <asteroid groupref="asteroid_ice_s" densityfactor="24" rotation="0" rotationvariation="32" noisescale="5000" seed="26041984" minnoisevalue="0.75" maxnoisevalue="1" />
      <asteroid groupref="asteroid_ice_xs" densityfactor="30" rotation="0" rotationvariation="64" noisescale="5000" seed="26041984" minnoisevalue="0.75" maxnoisevalue="1" />
    </fields>
    <resources>
      <resource ware="ice" yield="medium" />
    </resources>
  </region>
  <!--########################################### ICE | SMALL | TUBE #####################################-->
  <region name="ice_s_tube" density="1.5" rotation="0" noisescale="1000" seed="32" minnoisevalue="0.05" maxnoisevalue="1">
    <boundary class="splinetube">
      <size r="4000" />
      <splineposition x="-37500.0" y="0.0" z="0.0" tx="0.3" ty="0.0" tz="1.0" inlength="990.0" outlength="11708.4" />
      <splineposition x="0.0" y="0.0" z="20000.0" tx="1.0" ty="0.0" tz="0.0" inlength="18370.2" outlength="18370.2" />
      <splineposition x="37500.0" y="0.0" z="0.0" tx="0.3" ty="0.0" tz="-1.0" inlength="11717.1" outlength="1000.0" />
    </boundary>
    <falloff>
      <lateral>
        <step position="0.0" value="0.0" />
        <step position="0.1" value="1.6" />
        <step position="0.2" value="1.8" />
        <step position="0.5" value="1.0" />
        <step position="0.6" value="1.8" />
        <step position="0.8" value="1.7" />
        <step position="0.9" value="1.6" />
        <step position="1.0" value="0.0" />
      </lateral>
      <radial>
        <step position="0.0" value="1.0" />
        <step position="0.51" value="1.0" />
        <step position="0.65" value="0.85" />
        <step position="1.0" value="0.0" />
      </radial>
    </falloff>
    <fields>
      <asteroid groupref="asteroid_ice_l" densityfactor="3" rotation="0" rotationvariation="8" noisescale="5000" seed="26041984" minnoisevalue="0.75" maxnoisevalue="1" />
      <asteroid groupref="asteroid_ice_m" densityfactor="18" rotation="0" rotationvariation="16" noisescale="5000" seed="26041984" minnoisevalue="0.75" maxnoisevalue="1" />
      <asteroid groupref="asteroid_ice_s" densityfactor="24" rotation="0" rotationvariation="32" noisescale="5000" seed="26041984" minnoisevalue="0.75" maxnoisevalue="1" />
      <asteroid groupref="asteroid_ice_xs" densityfactor="30" rotation="0" rotationvariation="64" noisescale="5000" seed="26041984" minnoisevalue="0.75" maxnoisevalue="1" />
    </fields>
    <resources>
      <resource ware="ice" yield="medium" />
    </resources>
  </region>
  <region name="x3g_hydrogen_belt" density="1.5" rotation="0" noisescale="1000" seed="32" minnoisevalue="0.05" maxnoisevalue="1">
    <boundary class="splinetube">
      <size r="4000" />
      <splineposition x="-37500.0" y="0.0" z="0.0" tx="0.3" ty="0.0" tz="1.0" inlength="990.0" outlength="11708.4" />
      <splineposition x="0.0" y="0.0" z="20000.0" tx="1.0" ty="0.0" tz="0.0" inlength="18370.2" outlength="18370.2" />
      <splineposition x="37500.0" y="0.0" z="0.0" tx="0.3" ty="0.0" tz="-1.0" inlength="11717.1" outlength="1000.0" />
    </boundary>
    <falloff>
      <lateral>
        <step position="0.0" value="0.0" />
        <step position="0.1" value="1.6" />
        <step position="0.2" value="1.8" />
        <step position="0.5" value="1.0" />
        <step position="0.6" value="1.8" />
        <step position="0.8" value="1.7" />
        <step position="0.9" value="1.6" />
        <step position="1.0" value="0.0" />
      </lateral>
      <radial>
        <step position="0.0" value="1.0" />
        <step position="0.51" value="1.0" />
        <step position="0.65" value="0.85" />
        <step position="1.0" value="0.0" />
      </radial>
    </falloff>
    <fields>
      <positional ref="fog_outside_set1_blue_macro" densityfactor="0.50" rotationvariation="0.5" noisescale="1000" seed="32" minnoisevalue="0.30" maxnoisevalue="1" distancefactor="0.5" />
      <nebula ref="fogvolume_small_macro" localred="100" localgreen="100" localblue="100" localdensity="0.8" uniformred="49" uniformgreen="49" uniformblue="49" uniformdensity="0.2" backgroundfog="true" resources="hydrogen" />
    </fields>
    <resources>
      <resource ware="hydrogen" yield="medium" />
    </resources>
  </region>
  <region name="x3g_helium_belt" density="1.5" rotation="0" noisescale="1000" seed="32" minnoisevalue="0.05" maxnoisevalue="1">
    <boundary class="splinetube">
      <size r="4000" />
      <splineposition x="-37500.0" y="0.0" z="0.0" tx="0.3" ty="0.0" tz="1.0" inlength="990.0" outlength="11708.4" />
      <splineposition x="0.0" y="0.0" z="20000.0" tx="1.0" ty="0.0" tz="0.0" inlength="18370.2" outlength="18370.2" />
      <splineposition x="37500.0" y="0.0" z="0.0" tx="0.3" ty="0.0" tz="-1.0" inlength="11717.1" outlength="1000.0" />
    </boundary>
    <falloff>
      <lateral>
        <step position="0.0" value="0.0" />
        <step position="0.1" value="1.6" />
        <step position="0.2" value="1.8" />
        <step position="0.5" value="1.0" />
        <step position="0.6" value="1.8" />
        <step position="0.8" value="1.7" />
        <step position="0.9" value="1.6" />
        <step position="1.0" value="0.0" />
      </lateral>
      <radial>
        <step position="0.0" value="1.0" />
        <step position="0.51" value="1.0" />
        <step position="0.65" value="0.85" />
        <step position="1.0" value="0.0" />
      </radial>
    </falloff>
    <fields>
      <positional ref="fog_outside_set1_blue_macro" densityfactor="1.0" rotationvariation="0.5" noisescale="1000" seed="32" minnoisevalue="0.30" maxnoisevalue="1" distancefactor="0.5" />
      <nebula ref="fogvolume_small_macro" localred="100" localgreen="100" localblue="100" localdensity="0.8" uniformred="49" uniformgreen="49" uniformblue="49" uniformdensity="0.2" backgroundfog="true" resources="helium" />
    </fields>
    <resources>
      <resource ware="helium" yield="medium" />
    </resources>
  </region>
  <region name="x3g_methane_belt" density="1.5" rotation="0" noisescale="1000" seed="32" minnoisevalue="0.05" maxnoisevalue="1">
    <boundary class="splinetube">
      <size r="4000" />
      <splineposition x="-37500.0" y="0.0" z="0.0" tx="0.3" ty="0.0" tz="1.0" inlength="990.0" outlength="11708.4" />
      <splineposition x="0.0" y="0.0" z="20000.0" tx="1.0" ty="0.0" tz="0.0" inlength="18370.2" outlength="18370.2" />
      <splineposition x="37500.0" y="0.0" z="0.0" tx="0.3" ty="0.0" tz="-1.0" inlength="11717.1" outlength="1000.0" />
    </boundary>
    <falloff>
      <lateral>
        <step position="0.0" value="0.0" />
        <step position="0.1" value="1.6" />
        <step position="0.2" value="1.8" />
        <step position="0.5" value="1.0" />
        <step position="0.6" value="1.8" />
        <step position="0.8" value="1.7" />
        <step position="0.9" value="1.6" />
        <step position="1.0" value="0.0" />
      </lateral>
      <radial>
        <step position="0.0" value="1.0" />
        <step position="0.51" value="1.0" />
        <step position="0.65" value="0.85" />
        <step position="1.0" value="0.0" />
      </radial>
    </falloff>
    <fields>
      <positional ref="fog_outside_set1_blue_macro" densityfactor="1.0" rotationvariation="0.5" noisescale="1000" seed="32" minnoisevalue="0.30" maxnoisevalue="1" distancefactor="0.5" />
      <nebula ref="fogvolume_small_macro" localred="100" localgreen="100" localblue="100" localdensity="0.8" uniformred="49" uniformgreen="49" uniformblue="49" uniformdensity="0.2" backgroundfog="true" resources="methane" />
    </fields>
    <resources>
      <resource ware="methane" yield="medium" />
    </resources>
  </region>
  <region name="x3g_nvidium_belt" density="1.5" rotation="0" noisescale="1000" seed="32" minnoisevalue="0.05" maxnoisevalue="1">
    <boundary class="splinetube">
      <size r="4000" />
      <splineposition x="-37500.0" y="0.0" z="0.0" tx="0.3" ty="0.0" tz="1.0" inlength="990.0" outlength="11708.4" />
      <splineposition x="0.0" y="0.0" z="20000.0" tx="1.0" ty="0.0" tz="0.0" inlength="18370.2" outlength="18370.2" />
      <splineposition x="37500.0" y="0.0" z="0.0" tx="0.3" ty="0.0" tz="-1.0" inlength="11717.1" outlength="1000.0" />
    </boundary>
    <falloff>
      <lateral>
        <step position="0.0" value="0.0" />
        <step position="0.1" value="1.6" />
        <step position="0.2" value="1.8" />
        <step position="0.5" value="1.0" />
        <step position="0.6" value="1.8" />
        <step position="0.8" value="1.7" />
        <step position="0.9" value="1.6" />
        <step position="1.0" value="0.0" />
      </lateral>
      <radial>
        <step position="0.0" value="1.0" />
        <step position="0.51" value="1.0" />
        <step position="0.65" value="0.85" />
        <step position="1.0" value="0.0" />
      </radial>
    </falloff>
    <fields>
      <positional ref="fog_outside_set1_dust_macro" lodrule="nebula" densityfactor="2.0" rotation="0" rotationvariation="0.0" noisescale="4000" seed="1309" minnoisevalue="0.0" maxnoisevalue="1.0" distancefactor="0.5" />
      <asteroid groupref="asteroid_nividium_l" densityfactor="0.00625" rotation="360" rotationvariation="4" noisescale="12000" seed="26041984" minnoisevalue="0.8" maxnoisevalue="1" />
    </fields>
    <resources>
      <resource ware="nividium" yield="medium" />
    </resources>
  </region>
</regions> <!-- </add>
</diff> -->
