<?xml version="1.0" encoding="utf-8" ?>
<diff>
  <add sel="/index">
    <!-- tpwar -->
    <!-- medium bomb -->
    <entry name="bomb_launcher_medium_comp" value="extensions\TP_VRO_Weapons\tp_bomb\bomb_launcher_medium_comp" />
    <entry name="missile_bomb_medium_comp" value="extensions\TP_VRO_Weapons\tp_bomb\missile_bomb_medium_comp" />
    <!-- small bomb -->
    <entry name="bomb_launcher_small_comp" value="extensions\TP_VRO_Weapons\tp_bomb\bomb_launcher_small_comp" />
    <entry name="missile_bomb_small_comp" value="extensions\TP_VRO_Weapons\tp_bomb\missile_bomb_small_comp" />
    <!-- VRO -->
    <!-- Xenon obliterator turret -->
    <entry name="obliterator_l_bullet_comp" value="extensions\TP_VRO_Weapons\tp_obliterator\obliterator_l_bullet_comp" />
    <entry name="obliterator_impact_comp" value="extensions\TP_VRO_Weapons\tp_obliterator\obliterator_impact_comp" />
    <entry name="obliterator_muzzle_comp" value="extensions\TP_VRO_Weapons\tp_obliterator\obliterator_muzzle_comp" />
    <!-- flak turret -->
    <entry name="flak_l_bullet_comp" value="extensions\TP_VRO_Weapons\tp_flak\flak_l_bullet_comp" />
    <!-- annihilator turret -->
    <entry name="annihilator_l_bullet_comp" value="extensions\TP_VRO_Weapons\tp_annihilator\annihilator_l_bullet_comp" />
    <entry name="annihilator_impact_comp" value="extensions\TP_VRO_Weapons\tp_annihilator\annihilator_impact_comp" />
    <entry name="annihilator_muzzle_comp" value="extensions\TP_VRO_Weapons\tp_annihilator\annihilator_muzzle_comp" />
    <!-- heavy lance turret -->
    <entry name="heavylance_impact_light_comp" value="extensions\TP_VRO_Weapons\tp_heavylance\heavylance_impact_light_comp" />
    <entry name="heavylance_impact_unused_comp" value="extensions\TP_VRO_Weapons\tp_heavylance\heavylance_impact_unused_comp" />
    <entry name="heavylance_l_bullet_comp" value="extensions\TP_VRO_Weapons\tp_heavylance\heavylance_l_bullet_comp" />
    <entry name="heavylance_muzzle_comp" value="extensions\TP_VRO_Weapons\tp_heavylance\heavylance_muzzle_comp" />
    <!-- cruise missile -->
    <entry name="cruisemissile_comp" value="extensions\TP_VRO_Weapons\tp_cruisemissiles\cruisemissile_comp" />
    <entry name="cruisemissile_l_turret_comp" value="extensions\TP_VRO_Weapons\tp_cruisemissiles\cruisemissile_l_turret_comp" />
    <entry name="cruisemissile_l_launcher_comp" value="extensions\TP_VRO_Weapons\tp_cruisemissiles\cruisemissile_l_launcher_comp" />
  </add>
</diff>