<?xml version="1.0" encoding="utf-8" ?>
<diff>
  <add sel="/index">
    <!-- tpwar -->
    <!-- medium bomb -->
    <entry name="bomb_launcher_medium_macro" value="extensions\TP_VRO_Weapons\tp_bomb\bomb_launcher_medium_macro" />
    <entry name="missile_bomb_medium_macro" value="extensions\TP_VRO_Weapons\tp_bomb\missile_bomb_medium_macro" />
    <!-- small bomb -->
    <entry name="bomb_launcher_small_macro" value="extensions\TP_VRO_Weapons\tp_bomb\bomb_launcher_small_macro" />
    <entry name="missile_bomb_small_macro" value="extensions\TP_VRO_Weapons\tp_bomb\missile_bomb_small_macro" />
    <!-- VRO -->
    <!-- obliterator turret -->
    <entry name="obliterator_impact_macro" value="extensions\TP_VRO_Weapons\tp_obliterator\obliterator_impact_macro" />
    <entry name="obliterator_muzzle_macro" value="extensions\TP_VRO_Weapons\tp_obliterator\obliterator_muzzle_macro" />
    <entry name="obliterator_l_bullet_macro" value="extensions\TP_VRO_Weapons\tp_obliterator\obliterator_l_bullet_macro" />
    <entry name="obliterator_l_turret_macro" value="extensions\TP_VRO_Weapons\tp_obliterator\obliterator_l_turret_macro" />
    <!-- flak turret -->
    <entry name="flak_l_bullet_macro" value="extensions\TP_VRO_Weapons\tp_flak\flak_l_bullet_macro" />
    <entry name="flak_l_turret_arg_macro" value="extensions\TP_VRO_Weapons\tp_flak\flak_l_turret_arg_macro" />
    <entry name="flak_l_turret_par_macro" value="extensions\TP_VRO_Weapons\tp_flak\flak_l_turret_par_macro" />
    <entry name="flak_l_turret_tel_macro" value="extensions\TP_VRO_Weapons\tp_flak\flak_l_turret_tel_macro" />
    <!-- annihilator turret -->
    <entry name="annihilator_impact_macro" value="extensions\TP_VRO_Weapons\tp_annihilator\annihilator_impact_macro" />
    <entry name="annihilator_muzzle_macro" value="extensions\TP_VRO_Weapons\tp_annihilator\annihilator_muzzle_macro" />
    <entry name="annihilator_l_bullet_macro" value="extensions\TP_VRO_Weapons\tp_annihilator\annihilator_l_bullet_macro" />
    <entry name="annihilator_l_turret_arg_macro" value="extensions\TP_VRO_Weapons\tp_annihilator\annihilator_l_turret_arg_macro" />
    <entry name="annihilator_l_turret_par_macro" value="extensions\TP_VRO_Weapons\tp_annihilator\annihilator_l_turret_par_macro" />
    <entry name="annihilator_l_turret_tel_macro" value="extensions\TP_VRO_Weapons\tp_annihilator\annihilator_l_turret_tel_macro" />
    <!-- heavy lance turret -->
    <entry name="heavylance_impact_light_macro" value="extensions\TP_VRO_Weapons\tp_heavylance\heavylance_impact_light_macro" />
    <entry name="heavylance_impact_unused_macro" value="extensions\TP_VRO_Weapons\tp_heavylance\heavylance_impact_unused_macro" />
    <entry name="heavylance_l_bullet_macro" value="extensions\TP_VRO_Weapons\tp_heavylance\heavylance_l_bullet_macro" />
    <entry name="heavylance_l_turret_arg_macro" value="extensions\TP_VRO_Weapons\tp_heavylance\heavylance_l_turret_arg_macro" />
    <entry name="heavylance_l_turret_par_macro" value="extensions\TP_VRO_Weapons\tp_heavylance\heavylance_l_turret_par_macro" />
    <entry name="heavylance_l_turret_tel_macro" value="extensions\TP_VRO_Weapons\tp_heavylance\heavylance_l_turret_tel_macro" />
    <entry name="heavylance_muzzle_macro" value="extensions\TP_VRO_Weapons\tp_heavylance\heavylance_muzzle_macro" />
    <!-- cruise missile -->
    <entry name="cruisemissile_macro" value="extensions\TP_VRO_Weapons\tp_cruisemissiles\cruisemissile_macro" />
    <entry name="cruisemissile_l_launcher_macro" value="extensions\TP_VRO_Weapons\tp_cruisemissiles\cruisemissile_l_launcher_macro" />
    <entry name="cruisemissile_l_turret_macro" value="extensions\TP_VRO_Weapons\tp_cruisemissiles\cruisemissile_l_turret_macro" />

  </add>
</diff>