<?xml version="1.0" encoding="utf-8"?>
<!--Exported by: Michael (192.168.3.81) at 09.08.2018_12-45-31-->
<macros>
  <macro name="cruisemissile_l_launcher_macro" class="missilelauncher">
    <component ref="cruisemissile_l_launcher_comp" />
    <properties>
      <identification name="{6699,1070}" description="{6699,1061}" basename="{20105,2121}" shortname="{20105,2125}" unique="0" mk="1" />
      <ammunition tags="guided" />
      <bullet class="cruisemissile_macro" />
      <reload />
      <hull max="1001" hittable="0" />
    </properties>
  </macro>
</macros>


