<?xml version="1.0" ?>
<components>
	<component name="cruisemissile_l_launcher_comp" class="missilelauncher">
		<source geometry="extensions\TP_VRO_Weapons\tp_cruisemissiles\cruisemissile_l_launcher_data" />
		<layers>
			<layer>
				<waypoints />
				<lights />
			</layer>
		</layers>
		<connections>
			<connection name="container" tags="contents" value="0" />
			<connection name="position" tags="position" value="1" />
			<connection name="Connection01" tags="part platformcollision forceoutline  ">
				<offset>
					<position x="0" y="0" z="4.756536" />
				</offset>
				<parts>
					<part name="part_main" wreck="part_main_wreck">
						<lods>
							<lod index="0">
								<materials>
									<material id="1" ref="generic.generic_p1_hulltexture" />
								</materials>
							</lod>
							<lod index="1">
								<materials>
									<material id="1" ref="generic.generic_p1_hulltexture" />
								</materials>
							</lod>
							<lod index="2">
								<materials>
									<material id="1" ref="generic.generic_p1_hulltexture" />
								</materials>
							</lod>
							<lod index="3">
								<materials>
									<material id="1" ref="generic.generic_p1_hulltexture" />
								</materials>
							</lod>
						</lods>
						<size>
							<max x="3.130043" y="3.420447" z="4.756537" />
							<center x="0" y="0" z="0" />
						</size>
					</part>
				</parts>
			</connection>
			<connection name="Connection02" tags="part nocollision forceoutline detail_m  ">
				<offset>
					<position x="5.201578E-03" y="0" z="4.928947" />
				</offset>
				<parts>
					<part name="fx_decals">
						<lods>
							<lod index="0">
								<materials>
									<material id="1" ref="p1paint.paint_p1_decal_01" />
								</materials>
							</lod>
						</lods>
						<size>
							<max x="3.149668" y="3.428696" z="4.584126" />
							<center x="0" y="0" z="0" />
						</size>
						<pivot>
							<offset>
								<position x="-5.201578E-03" y="0" z="-4.928947" />
							</offset>
						</pivot>
					</part>
				</parts>
			</connection>
			<!-- <connection name="WeaponCon_01" tags="component weapon medium missile "> -->
			<connection name="WeaponCon_01" tags="component weapon large missile">
				<offset />
			</connection>
			<connection name="con_rocket01" tags="rocket ">
				<offset>
					<position x="1.417559" y="2.489146E-03" z="9.267535" />
				</offset>
			</connection>
			<connection name="con_rocket02" tags="rocket ">
				<offset>
					<position x="-1.438067" y="2.489146E-03" z="9.267535" />
				</offset>
			</connection>
		</connections>
	</component>
</components>