<?xml version="1.0" encoding="utf-8"?>
<!--Exported by: Michael (192.168.3.81) at 15.11.2018_16-14-31-->
<macros>
  <macro name="cruisemissile_l_turret_macro" class="missileturret">
    <component ref="cruisemissile_l_turret_comp" />
    <properties>
      <identification name="{6699,1071}" description="{6699,1061}" basename="{20105,5121}" shortname="{20105,5125}" makerrace="argon" mk="1" />
      <ammunition tags="cruise" />
      <bullet class="cruisemissile_macro" />
      <rotationspeed max="20" />
      <reload />
      <storage capacity="300" />
      <hull max="5178" threshold="0.2" />
    </properties>
  </macro>
</macros>