<?xml version="1.0" encoding="utf-8"?>
<!--Exported by: nick (192.168.3.120) at 12.02.2019_18-41-07-->

<macros>
  <macro name="cruisemissile_macro" class="missile">
    <component ref="cruisemissile_comp" />
    <properties>
      <identification name="{6699,1060}" basename="{6699,1060}" description="{6699,1061}" />
      <ammunition value="1" />
      <missile amount="1" barrelamount="1" lifetime="180" range="35000" guided="1" icon="missile_torpedo_mk1" retarget="1" tags="cruise" />
      <explosiondamage value="40000" />
      <reload time="90" />
      <hull max="200" />
      <effects>
        <explosion ref="missile_explosion_heavy_01" />
        <launch ref="missile_torpedo_muzzle" />
      </effects>
      <weapon system="missile_guided" />
      <countermeasure resilience="0.9" />
      <physics mass="20.337">
        <inertia pitch="21.646" yaw="21.646" roll="21.646" />
        <drag forward="0.254" reverse="3.417" horizontal="29.188" vertical="29.188" pitch="7.269" yaw="7.269" roll="7.269" />
      </physics>
    </properties>
    <connections>
      <connection ref="con_engine01">
        <macro ref="engine_missile_guided_mk1_macro" connection="ship" />
      </connection>
    </connections>
  </macro>
</macros>

<!-- <macros>
  <macro name="missile_torpedo_heavy_mk1_macro" class="missile">
    <component ref="missile_torpedo_heavy_mk1" />
    <properties>
      <identification name="{20105,6154}" basename="{20105,6151}" description="{20105,6152}" />
      <ammunition value="1" />
      <missile amount="1" barrelamount="1" lifetime="180" range="9000" guided="1" icon="missile_torpedo_mk1" retarget="0" tags="torpedo" />
      <explosiondamage value="17246" />
      <reload time="30" />
      <hull max="38" />
      <effects>
        <explosion ref="missile_explosion_heavy_01" />
        <launch ref="missile_torpedo_muzzle" />
      </effects>
      <weapon system="torpedo" />
      <countermeasure resilience="0.86" />
      <physics mass="20.337">
        <inertia pitch="21.646" yaw="21.646" roll="21.646" />
        <drag forward="0.854" reverse="3.417" horizontal="29.188" vertical="29.188" pitch="10.269" yaw="10.269" roll="10.269" />
      </physics>
    </properties>
    <connections>
      <connection ref="con_engine01">
        <macro ref="engine_missile_guided_mk1_macro" connection="ship" />
      </connection>
    </connections>
  </macro>
</macros> -->